time="2026-08-25T13:39:32+01:00" level=warning msg="The \"GPG_PRIVATE_KEY\" variable is not set. Defaulting to a blank string."
time="2026-08-25T13:39:32+01:00" level=warning msg="The \"GPG_PASSPHRASE\" variable is not set. Defaulting to a blank string."
time="2026-08-25T13:39:32+01:00" level=warning msg="The \"GPG_KEYNAME\" variable is not set. Defaulting to a blank string."
time="2026-08-25T13:39:32+01:00" level=warning msg="/home/fred/tls-matrix/netty/docker/docker-compose.yaml: the attribute `version` is obsolete, it will be ignored, please remove it to avoid potential confusion"
time="2026-08-25T13:39:32+01:00" level=warning msg="/home/fred/tls-matrix/netty/docker/docker-compose.centos-7.111.yaml: the attribute `version` is obsolete, it will be ignored, please remove it to avoid potential confusion"
time="2026-08-25T13:39:32+01:00" level=warning msg="Found orphan containers (docker-cross-compile-aarch64-runtime-setup-1) for this project. If you removed or renamed this service in your compose file, you can run this command with the --remove-orphans flag to clean it up."
 Container docker-runtime-setup-1 Recreate 
 Container docker-runtime-setup-1 Recreated 
 Container docker-runtime-setup-1 Starting 
 Container docker-runtime-setup-1 Started 
 Container docker-shell-run-2bbc2757c73d Creating 
 Container docker-shell-run-2bbc2757c73d Created 
[INFO] Scanning for projects...
[INFO] ------------------------------------------------------------------------
[INFO] Detecting the operating system and CPU architecture
[INFO] ------------------------------------------------------------------------
[INFO] os.detected.name: linux
[INFO] os.detected.arch: x86_64
[INFO] os.detected.bitness: 64
[INFO] os.detected.version: 6.8
[INFO] os.detected.version.major: 6
[INFO] os.detected.version.minor: 8
[INFO] os.detected.release: centos
[INFO] os.detected.release.version: 7
[INFO] os.detected.release.like.centos: true
[INFO] os.detected.release.like.rhel: true
[INFO] os.detected.release.like.fedora: true
[INFO] os.detected.classifier: linux-x86_64-fedora
[INFO] ------------------------------------------------------------------------
[INFO] Reactor Build Order:
[INFO] 
[INFO] Netty                                                              [pom]
[INFO] Netty/JFR Stub                                                     [jar]
[INFO] Netty/VarHandle Stub                                               [jar]
[INFO] Netty/Dev-Tools                                                    [jar]
[INFO] Netty/Common                                                       [jar]
[INFO] Netty/Testsuite/Common                                             [jar]
[INFO] Netty/Buffer                                                       [jar]
[INFO] Netty/Resolver                                                     [jar]
[INFO] Netty/Transport                                                    [jar]
[INFO] Netty/Codec/Base                                                   [jar]
[INFO] Netty/Codec/Compression                                            [jar]
[INFO] Netty/Codec/Protobuf                                               [jar]
[INFO] Netty/Codec/Marshalling                                            [jar]
[INFO] Netty/Codec                                                        [jar]
[INFO] Netty/Transport/Native/Unix/Common                                 [jar]
[INFO] Netty/PKITesting                                                   [jar]
[INFO] Netty/Handler                                                      [jar]
[INFO] Netty/Codec/HTTP                                                   [jar]
[INFO] Netty/Codec/HTTP2                                                  [jar]
[INFO] Netty/Transport/Classes/Epoll                                      [jar]
[INFO] Netty/Transport/SCTP                                               [jar]
[INFO] Netty/Transport/UDT                                                [jar]
[INFO] Netty/Testsuite                                                    [jar]
[INFO] Netty/Transport/Native/Unix/Common/Tests                           [jar]
[INFO] Netty/Transport/Native/Epoll                                       [jar]
[INFO] Netty/Codec/MQTT                                                   [jar]
[INFO] Netty/Codec/Redis                                                  [jar]
[INFO] Netty/Codec/Stomp                                                  [jar]
[INFO] Netty/Transport/Classes/KQueue                                     [jar]
[INFO] Netty/Transport/Native/KQueue                                      [jar]
[INFO] Netty/Microbench                                                   [jar]
[INFO] 
[INFO] -----------------------< io.netty:netty-parent >------------------------
[INFO] Building Netty 4.2.18.Final-SNAPSHOT                              [1/31]
[INFO]   from pom.xml
[INFO] --------------------------------[ pom ]---------------------------------
[INFO] 
[INFO] --- enforcer:3.0.0:enforce (enforce-maven) @ netty-parent ---
[INFO] 
[INFO] --- enforcer:3.0.0:enforce (enforce-tools) @ netty-parent ---
[INFO] 
[INFO] --- checkstyle:3.1.0:check (check-style) @ netty-parent ---
[INFO] 
[INFO] --- checkstyle:3.1.0:check (nohttp-checkstyle-validation) @ netty-parent ---
[INFO] 
[INFO] --- xml:1.0.1:check-format (check-style) @ netty-parent ---
[INFO] 
[INFO] --- build-helper:1.10:parse-version (parse-version) @ netty-parent ---
[INFO] 
[INFO] --- antrun:1.8:run (write-version-properties) @ netty-parent ---
[INFO] Executing tasks

main:
     [exec] Result: 128
     [exec] Result: 128
     [echo] Current commit: 0 on 1970-01-01 00:00:00 +0000
    [mkdir] Created dir: /code/target/classes/META-INF
[propertyfile] Creating new property file: /code/target/classes/META-INF/io.netty.versions.properties
[INFO] Executed tasks
[INFO] 
[INFO] --- forbiddenapis:2.2:check (check-forbidden-apis) @ netty-parent ---
[WARNING]  Parameter 'internalRuntimeForbidden' is deprecated: Use <a href="bundled-signatures.html">bundled signatures</a> {@code "jdk-non-portable"} or {@code "jdk-internal"} instead.
[INFO] Skipping forbidden-apis checks.
[INFO] 
[INFO] --- bundle:5.1.8:manifest (generate-manifest) @ netty-parent ---
[WARNING] Ignoring project type pom - supportedProjectTypes = [jar, bundle]
[INFO] 
[INFO] --- forbiddenapis:2.2:testCheck (check-forbidden-test-apis) @ netty-parent ---
[WARNING]  Parameter 'internalRuntimeForbidden' is deprecated: Use <a href="bundled-signatures.html">bundled signatures</a> {@code "jdk-non-portable"} or {@code "jdk-internal"} instead.
[INFO] Skipping forbidden-apis checks.
[INFO] 
[INFO] --- source:3.2.0:jar-no-fork (attach-sources) @ netty-parent ---
[INFO] 
[INFO] --- source:3.2.0:test-jar-no-fork (attach-test-sources) @ netty-parent ---
[INFO] 
[INFO] --- revapi:0.15.0:check (api-check) @ netty-parent ---
[INFO] Skipping execution
[INFO] 
[INFO] --- install:3.1.2:install (default-install) @ netty-parent ---
[INFO] Installing /code/pom.xml to /root/.m2/repository/io/netty/netty-parent/4.2.18.Final-SNAPSHOT/netty-parent-4.2.18.Final-SNAPSHOT.pom
[INFO] 
[INFO] ----------------------< io.netty:netty-jfr-stub >-----------------------
[INFO] Building Netty/JFR Stub 4.2.18.Final-SNAPSHOT                     [2/31]
[INFO]   from jfr-stub/pom.xml
[INFO] --------------------------------[ jar ]---------------------------------
[INFO] 
[INFO] --- enforcer:3.0.0:enforce (enforce-maven) @ netty-jfr-stub ---
[INFO] 
[INFO] --- enforcer:3.0.0:enforce (enforce-tools) @ netty-jfr-stub ---
[INFO] 
[INFO] --- checkstyle:3.1.0:check (check-style) @ netty-jfr-stub ---
[INFO] 
[INFO] --- xml:1.0.1:check-format (check-style) @ netty-jfr-stub ---
[INFO] 
[INFO] --- build-helper:1.10:parse-version (parse-version) @ netty-jfr-stub ---
[INFO] 
[INFO] --- antrun:1.8:run (write-version-properties) @ netty-jfr-stub ---
[INFO] Executing tasks

main:
     [exec] Result: 128
     [exec] Result: 128
     [echo] Current commit: 0 on 1970-01-01 00:00:00 +0000
    [mkdir] Created dir: /code/jfr-stub/target/classes/META-INF
[propertyfile] Creating new property file: /code/jfr-stub/target/classes/META-INF/io.netty.versions.properties
[INFO] Executed tasks
[INFO] 
[INFO] --- resources:3.0.1:resources (default-resources) @ netty-jfr-stub ---
[INFO] Using 'UTF-8' encoding to copy filtered resources.
[INFO] skip non existing resourceDirectory /code/jfr-stub/src/main/resources
[INFO] 
[INFO] --- compiler:3.14.0:compile (default-compile) @ netty-jfr-stub ---
[WARNING]  Parameter 'compilerVersion' (user property 'maven.compiler.compilerVersion') is deprecated: This parameter is no longer evaluated by the underlying compilers, instead the actual version of the javac binary is automatically retrieved.
[WARNING]  Parameter 'optimize' (user property 'maven.compiler.optimize') is deprecated: This property is a no-op in javac.
[INFO] Recompiling the module because of changed source code.
[INFO] Compiling 14 source files with javac [forked debug deprecation release 8] to target/classes
[INFO] 
[INFO] --- forbiddenapis:2.2:check (check-forbidden-apis) @ netty-jfr-stub ---
[WARNING]  Parameter 'internalRuntimeForbidden' is deprecated: Use <a href="bundled-signatures.html">bundled signatures</a> {@code "jdk-non-portable"} or {@code "jdk-internal"} instead.
[INFO] Skipping forbidden-apis checks.
[INFO] 
[INFO] --- bundle:5.1.8:manifest (generate-manifest) @ netty-jfr-stub ---
[INFO] No MANIFEST.MF file found, generating manifest.
[WARNING] Manifest io.netty:netty-jfr-stub:jar:4.2.18.Final-SNAPSHOT : Unused Export-Package instructions: [io.netty.*] 
[WARNING] Manifest io.netty:netty-jfr-stub:jar:4.2.18.Final-SNAPSHOT : Unused Import-Package instructions: [sun.net.dns.*, sun.misc.*, sun.security.*] 
[INFO] Writing manifest: /code/jfr-stub/target/classes/META-INF/MANIFEST.MF
[INFO] 
[INFO] --- resources:3.0.1:testResources (default-testResources) @ netty-jfr-stub ---
[INFO] Using 'UTF-8' encoding to copy filtered resources.
[INFO] skip non existing resourceDirectory /code/jfr-stub/src/test/resources
[INFO] Copying 0 resource
[INFO] 
[INFO] --- compiler:3.14.0:testCompile (default-testCompile) @ netty-jfr-stub ---
[WARNING]  Parameter 'compilerVersion' (user property 'maven.compiler.compilerVersion') is deprecated: This parameter is no longer evaluated by the underlying compilers, instead the actual version of the javac binary is automatically retrieved.
[WARNING]  Parameter 'optimize' (user property 'maven.compiler.optimize') is deprecated: This property is a no-op in javac.
[INFO] No sources to compile
[INFO] 
[INFO] --- forbiddenapis:2.2:testCheck (check-forbidden-test-apis) @ netty-jfr-stub ---
[WARNING]  Parameter 'internalRuntimeForbidden' is deprecated: Use <a href="bundled-signatures.html">bundled signatures</a> {@code "jdk-non-portable"} or {@code "jdk-internal"} instead.
[INFO] Skipping forbidden-apis checks.
[INFO] 
[INFO] --- surefire:3.5.6:test (default-test) @ netty-jfr-stub ---
[INFO] Tests are skipped.
[INFO] 
[INFO] --- source:3.2.0:jar-no-fork (attach-sources) @ netty-jfr-stub ---
[INFO] Building jar: /code/jfr-stub/target/netty-jfr-stub-4.2.18.Final-SNAPSHOT-sources.jar
[INFO] 
[INFO] --- source:3.2.0:test-jar-no-fork (attach-test-sources) @ netty-jfr-stub ---
[INFO] No sources in project. Archive not created.
[INFO] 
[INFO] --- jar:3.0.2:jar (default-jar) @ netty-jfr-stub ---
[INFO] Building jar: /code/jfr-stub/target/netty-jfr-stub-4.2.18.Final-SNAPSHOT.jar
[INFO] 
[INFO] --- jar:3.0.2:test-jar (default) @ netty-jfr-stub ---
[INFO] Building jar: /code/jfr-stub/target/netty-jfr-stub-4.2.18.Final-SNAPSHOT-tests.jar
[INFO] 
[INFO] --- revapi:0.15.0:check (api-check) @ netty-jfr-stub ---
[INFO] Skipping execution
[INFO] 
[INFO] --- install:3.1.2:install (default-install) @ netty-jfr-stub ---
[INFO] Installing /code/jfr-stub/pom.xml to /root/.m2/repository/io/netty/netty-jfr-stub/4.2.18.Final-SNAPSHOT/netty-jfr-stub-4.2.18.Final-SNAPSHOT.pom
[INFO] Installing /code/jfr-stub/target/netty-jfr-stub-4.2.18.Final-SNAPSHOT.jar to /root/.m2/repository/io/netty/netty-jfr-stub/4.2.18.Final-SNAPSHOT/netty-jfr-stub-4.2.18.Final-SNAPSHOT.jar
[INFO] Installing /code/jfr-stub/target/netty-jfr-stub-4.2.18.Final-SNAPSHOT-sources.jar to /root/.m2/repository/io/netty/netty-jfr-stub/4.2.18.Final-SNAPSHOT/netty-jfr-stub-4.2.18.Final-SNAPSHOT-sources.jar
[INFO] Installing /code/jfr-stub/target/netty-jfr-stub-4.2.18.Final-SNAPSHOT-tests.jar to /root/.m2/repository/io/netty/netty-jfr-stub/4.2.18.Final-SNAPSHOT/netty-jfr-stub-4.2.18.Final-SNAPSHOT-tests.jar
[INFO] 
[INFO] -------------------< io.netty:netty-varhandle-stub >--------------------
[INFO] Building Netty/VarHandle Stub 4.2.18.Final-SNAPSHOT               [3/31]
[INFO]   from varhandle-stub/pom.xml
[INFO] --------------------------------[ jar ]---------------------------------
[INFO] 
[INFO] --- enforcer:3.0.0:enforce (enforce-maven) @ netty-varhandle-stub ---
[INFO] 
[INFO] --- enforcer:3.0.0:enforce (enforce-tools) @ netty-varhandle-stub ---
[INFO] 
[INFO] --- checkstyle:3.1.0:check (check-style) @ netty-varhandle-stub ---
[INFO] 
[INFO] --- xml:1.0.1:check-format (check-style) @ netty-varhandle-stub ---
[INFO] 
[INFO] --- build-helper:1.10:parse-version (parse-version) @ netty-varhandle-stub ---
[INFO] 
[INFO] --- antrun:1.8:run (write-version-properties) @ netty-varhandle-stub ---
[INFO] Executing tasks

main:
     [exec] Result: 128
     [exec] Result: 128
     [echo] Current commit: 0 on 1970-01-01 00:00:00 +0000
    [mkdir] Created dir: /code/varhandle-stub/target/classes/META-INF
[propertyfile] Creating new property file: /code/varhandle-stub/target/classes/META-INF/io.netty.versions.properties
[INFO] Executed tasks
[INFO] 
[INFO] --- resources:3.0.1:resources (default-resources) @ netty-varhandle-stub ---
[INFO] Using 'UTF-8' encoding to copy filtered resources.
[INFO] skip non existing resourceDirectory /code/varhandle-stub/src/main/resources
[INFO] 
[INFO] --- compiler:3.14.0:compile (default-compile) @ netty-varhandle-stub ---
[WARNING]  Parameter 'compilerVersion' (user property 'maven.compiler.compilerVersion') is deprecated: This parameter is no longer evaluated by the underlying compilers, instead the actual version of the javac binary is automatically retrieved.
[WARNING]  Parameter 'optimize' (user property 'maven.compiler.optimize') is deprecated: This property is a no-op in javac.
[INFO] Recompiling the module because of changed source code.
[INFO] Compiling 2 source files with javac [forked debug deprecation release 8] to target/classes
[INFO] 
[INFO] --- forbiddenapis:2.2:check (check-forbidden-apis) @ netty-varhandle-stub ---
[WARNING]  Parameter 'internalRuntimeForbidden' is deprecated: Use <a href="bundled-signatures.html">bundled signatures</a> {@code "jdk-non-portable"} or {@code "jdk-internal"} instead.
[INFO] Skipping forbidden-apis checks.
[INFO] 
[INFO] --- bundle:5.1.8:manifest (generate-manifest) @ netty-varhandle-stub ---
[INFO] No MANIFEST.MF file found, generating manifest.
[WARNING] Manifest io.netty:netty-varhandle-stub:jar:4.2.18.Final-SNAPSHOT : Unused Export-Package instructions: [io.netty.*] 
[WARNING] Manifest io.netty:netty-varhandle-stub:jar:4.2.18.Final-SNAPSHOT : Unused Import-Package instructions: [sun.net.dns.*, sun.misc.*, sun.security.*] 
[INFO] Writing manifest: /code/varhandle-stub/target/classes/META-INF/MANIFEST.MF
[INFO] 
[INFO] --- resources:3.0.1:testResources (default-testResources) @ netty-varhandle-stub ---
[INFO] Using 'UTF-8' encoding to copy filtered resources.
[INFO] skip non existing resourceDirectory /code/varhandle-stub/src/test/resources
[INFO] Copying 0 resource
[INFO] 
[INFO] --- compiler:3.14.0:testCompile (default-testCompile) @ netty-varhandle-stub ---
[WARNING]  Parameter 'compilerVersion' (user property 'maven.compiler.compilerVersion') is deprecated: This parameter is no longer evaluated by the underlying compilers, instead the actual version of the javac binary is automatically retrieved.
[WARNING]  Parameter 'optimize' (user property 'maven.compiler.optimize') is deprecated: This property is a no-op in javac.
[INFO] No sources to compile
[INFO] 
[INFO] --- forbiddenapis:2.2:testCheck (check-forbidden-test-apis) @ netty-varhandle-stub ---
[WARNING]  Parameter 'internalRuntimeForbidden' is deprecated: Use <a href="bundled-signatures.html">bundled signatures</a> {@code "jdk-non-portable"} or {@code "jdk-internal"} instead.
[INFO] Skipping forbidden-apis checks.
[INFO] 
[INFO] --- surefire:3.5.6:test (default-test) @ netty-varhandle-stub ---
[INFO] Tests are skipped.
[INFO] 
[INFO] --- source:3.2.0:jar-no-fork (attach-sources) @ netty-varhandle-stub ---
[INFO] Building jar: /code/varhandle-stub/target/netty-varhandle-stub-4.2.18.Final-SNAPSHOT-sources.jar
[INFO] 
[INFO] --- source:3.2.0:test-jar-no-fork (attach-test-sources) @ netty-varhandle-stub ---
[INFO] No sources in project. Archive not created.
[INFO] 
[INFO] --- jar:3.0.2:jar (default-jar) @ netty-varhandle-stub ---
[INFO] Building jar: /code/varhandle-stub/target/netty-varhandle-stub-4.2.18.Final-SNAPSHOT.jar
[INFO] 
[INFO] --- jar:3.0.2:test-jar (default) @ netty-varhandle-stub ---
[INFO] Building jar: /code/varhandle-stub/target/netty-varhandle-stub-4.2.18.Final-SNAPSHOT-tests.jar
[INFO] 
[INFO] --- revapi:0.15.0:check (api-check) @ netty-varhandle-stub ---
[INFO] Skipping execution
[INFO] 
[INFO] --- install:3.1.2:install (default-install) @ netty-varhandle-stub ---
[INFO] Installing /code/varhandle-stub/pom.xml to /root/.m2/repository/io/netty/netty-varhandle-stub/4.2.18.Final-SNAPSHOT/netty-varhandle-stub-4.2.18.Final-SNAPSHOT.pom
[INFO] Installing /code/varhandle-stub/target/netty-varhandle-stub-4.2.18.Final-SNAPSHOT.jar to /root/.m2/repository/io/netty/netty-varhandle-stub/4.2.18.Final-SNAPSHOT/netty-varhandle-stub-4.2.18.Final-SNAPSHOT.jar
[INFO] Installing /code/varhandle-stub/target/netty-varhandle-stub-4.2.18.Final-SNAPSHOT-sources.jar to /root/.m2/repository/io/netty/netty-varhandle-stub/4.2.18.Final-SNAPSHOT/netty-varhandle-stub-4.2.18.Final-SNAPSHOT-sources.jar
[INFO] Installing /code/varhandle-stub/target/netty-varhandle-stub-4.2.18.Final-SNAPSHOT-tests.jar to /root/.m2/repository/io/netty/netty-varhandle-stub/4.2.18.Final-SNAPSHOT/netty-varhandle-stub-4.2.18.Final-SNAPSHOT-tests.jar
[INFO] 
[INFO] ----------------------< io.netty:netty-dev-tools >----------------------
[INFO] Building Netty/Dev-Tools 4.2.18.Final-SNAPSHOT                    [4/31]
[INFO]   from dev-tools/pom.xml
[INFO] --------------------------------[ jar ]---------------------------------
[INFO] 
[INFO] --- enforcer:3.0.0:enforce (enforce-maven) @ netty-dev-tools ---
[INFO] 
[INFO] --- enforcer:3.0.0:enforce (enforce-tools) @ netty-dev-tools ---
[INFO] 
[INFO] --- checkstyle:3.1.0:check (check-style) @ netty-dev-tools ---
[INFO] 
[INFO] --- xml:1.0.1:check-format (check-style) @ netty-dev-tools ---
[INFO] 
[INFO] --- build-helper:1.10:parse-version (parse-version) @ netty-dev-tools ---
[INFO] 
[INFO] --- antrun:1.8:run (write-version-properties) @ netty-dev-tools ---
[INFO] Executing tasks

main:
     [exec] Result: 128
     [exec] Result: 128
     [echo] Current commit: 0 on 1970-01-01 00:00:00 +0000
    [mkdir] Created dir: /code/dev-tools/target/classes/META-INF
[propertyfile] Creating new property file: /code/dev-tools/target/classes/META-INF/io.netty.versions.properties
[INFO] Executed tasks
[INFO] 
[INFO] --- remote-resources:1.5:bundle (default) @ netty-dev-tools ---
[INFO] 
[INFO] --- resources:3.0.1:resources (default-resources) @ netty-dev-tools ---
[INFO] Using 'UTF-8' encoding to copy filtered resources.
[INFO] Copying 1 resource
[INFO] 
[INFO] --- compiler:3.14.0:compile (default-compile) @ netty-dev-tools ---
[WARNING]  Parameter 'compilerVersion' (user property 'maven.compiler.compilerVersion') is deprecated: This parameter is no longer evaluated by the underlying compilers, instead the actual version of the javac binary is automatically retrieved.
[WARNING]  Parameter 'optimize' (user property 'maven.compiler.optimize') is deprecated: This property is a no-op in javac.
[INFO] No sources to compile
[INFO] 
[INFO] --- forbiddenapis:2.2:check (check-forbidden-apis) @ netty-dev-tools ---
[WARNING]  Parameter 'internalRuntimeForbidden' is deprecated: Use <a href="bundled-signatures.html">bundled signatures</a> {@code "jdk-non-portable"} or {@code "jdk-internal"} instead.
[INFO] Skipping forbidden-apis checks.
[INFO] 
[INFO] --- bundle:5.1.8:manifest (generate-manifest) @ netty-dev-tools ---
[INFO] No MANIFEST.MF file found, generating manifest.
[WARNING] Manifest io.netty:netty-dev-tools:jar:4.2.18.Final-SNAPSHOT : Unused Export-Package instructions: [io.netty.*] 
[WARNING] Manifest io.netty:netty-dev-tools:jar:4.2.18.Final-SNAPSHOT : Unused Import-Package instructions: [sun.net.dns.*, sun.misc.*, sun.security.*] 
[INFO] Writing manifest: /code/dev-tools/target/classes/META-INF/MANIFEST.MF
[INFO] 
[INFO] --- resources:3.0.1:testResources (default-testResources) @ netty-dev-tools ---
[INFO] Using 'UTF-8' encoding to copy filtered resources.
[INFO] skip non existing resourceDirectory /code/dev-tools/src/test/resources
[INFO] Copying 0 resource
[INFO] 
[INFO] --- compiler:3.14.0:testCompile (default-testCompile) @ netty-dev-tools ---
[WARNING]  Parameter 'compilerVersion' (user property 'maven.compiler.compilerVersion') is deprecated: This parameter is no longer evaluated by the underlying compilers, instead the actual version of the javac binary is automatically retrieved.
[WARNING]  Parameter 'optimize' (user property 'maven.compiler.optimize') is deprecated: This property is a no-op in javac.
[INFO] No sources to compile
[INFO] 
[INFO] --- forbiddenapis:2.2:testCheck (check-forbidden-test-apis) @ netty-dev-tools ---
[WARNING]  Parameter 'internalRuntimeForbidden' is deprecated: Use <a href="bundled-signatures.html">bundled signatures</a> {@code "jdk-non-portable"} or {@code "jdk-internal"} instead.
[INFO] Skipping forbidden-apis checks.
[INFO] 
[INFO] --- surefire:3.5.6:test (default-test) @ netty-dev-tools ---
[INFO] Tests are skipped.
[INFO] 
[INFO] --- source:3.2.0:jar-no-fork (attach-sources) @ netty-dev-tools ---
[INFO] Building jar: /code/dev-tools/target/netty-dev-tools-4.2.18.Final-SNAPSHOT-sources.jar
[INFO] 
[INFO] --- source:3.2.0:test-jar-no-fork (attach-test-sources) @ netty-dev-tools ---
[INFO] No sources in project. Archive not created.
[INFO] 
[INFO] --- jar:3.0.2:jar (default-jar) @ netty-dev-tools ---
[INFO] Building jar: /code/dev-tools/target/netty-dev-tools-4.2.18.Final-SNAPSHOT.jar
[INFO] 
[INFO] --- jar:3.0.2:test-jar (default) @ netty-dev-tools ---
[INFO] Building jar: /code/dev-tools/target/netty-dev-tools-4.2.18.Final-SNAPSHOT-tests.jar
[INFO] 
[INFO] --- revapi:0.15.0:check (api-check) @ netty-dev-tools ---
[INFO] Skipping execution
[INFO] 
[INFO] --- install:3.1.2:install (default-install) @ netty-dev-tools ---
[INFO] Installing /code/dev-tools/pom.xml to /root/.m2/repository/io/netty/netty-dev-tools/4.2.18.Final-SNAPSHOT/netty-dev-tools-4.2.18.Final-SNAPSHOT.pom
[INFO] Installing /code/dev-tools/target/netty-dev-tools-4.2.18.Final-SNAPSHOT.jar to /root/.m2/repository/io/netty/netty-dev-tools/4.2.18.Final-SNAPSHOT/netty-dev-tools-4.2.18.Final-SNAPSHOT.jar
[INFO] Installing /code/dev-tools/target/netty-dev-tools-4.2.18.Final-SNAPSHOT-sources.jar to /root/.m2/repository/io/netty/netty-dev-tools/4.2.18.Final-SNAPSHOT/netty-dev-tools-4.2.18.Final-SNAPSHOT-sources.jar
[INFO] Installing /code/dev-tools/target/netty-dev-tools-4.2.18.Final-SNAPSHOT-tests.jar to /root/.m2/repository/io/netty/netty-dev-tools/4.2.18.Final-SNAPSHOT/netty-dev-tools-4.2.18.Final-SNAPSHOT-tests.jar
[INFO] 
[INFO] -----------------------< io.netty:netty-common >------------------------
[INFO] Building Netty/Common 4.2.18.Final-SNAPSHOT                       [5/31]
[INFO]   from common/pom.xml
[INFO] --------------------------------[ jar ]---------------------------------
[INFO] 
[INFO] --- enforcer:3.0.0:enforce (enforce-maven) @ netty-common ---
[INFO] 
[INFO] --- enforcer:3.0.0:enforce (enforce-tools) @ netty-common ---
[INFO] 
[INFO] --- checkstyle:3.1.0:check (check-style) @ netty-common ---
[INFO] 
[INFO] --- xml:1.0.1:check-format (check-style) @ netty-common ---
[INFO] 
[INFO] --- build-helper:1.10:parse-version (parse-version) @ netty-common ---
[INFO] 
[INFO] --- antrun:1.8:run (write-version-properties) @ netty-common ---
[INFO] Executing tasks

main:
     [exec] Result: 128
     [exec] Result: 128
     [echo] Current commit: 0 on 1970-01-01 00:00:00 +0000
    [mkdir] Created dir: /code/common/target/classes/META-INF
[propertyfile] Creating new property file: /code/common/target/classes/META-INF/io.netty.versions.properties
[INFO] Executed tasks
[INFO] 
[INFO] --- groovy:2.1.1:execute (generate-collections) @ netty-common ---
Copying 3 files to /code/common/target/generated-sources/collections/java
Copying 3 files to /code/common/target/generated-sources/collections/java
Copying 3 files to /code/common/target/generated-sources/collections/java
Copying 3 files to /code/common/target/generated-sources/collections/java
Copying 3 files to /code/common/target/generated-sources/collections/java
Copying 1 file to /code/common/target/generated-test-sources/collections/java
Copying 1 file to /code/common/target/generated-test-sources/collections/java
Copying 1 file to /code/common/target/generated-test-sources/collections/java
Copying 1 file to /code/common/target/generated-test-sources/collections/java
Copying 1 file to /code/common/target/generated-test-sources/collections/java
[INFO] 
[INFO] --- build-helper:1.10:add-source (add-source) @ netty-common ---
[INFO] Source directory: /code/common/target/generated-sources/collections/java added.
[INFO] 
[INFO] --- resources:3.0.1:resources (default-resources) @ netty-common ---
[INFO] Using 'UTF-8' encoding to copy filtered resources.
[INFO] Copying 3 resources
[INFO] 
[INFO] --- compiler:3.14.0:compile (default-compile) @ netty-common ---
[WARNING]  Parameter 'compilerVersion' (user property 'maven.compiler.compilerVersion') is deprecated: This parameter is no longer evaluated by the underlying compilers, instead the actual version of the javac binary is automatically retrieved.
[WARNING]  Parameter 'optimize' (user property 'maven.compiler.optimize') is deprecated: This property is a no-op in javac.
[INFO] Recompiling the module because of changed dependency.
[INFO] Compiling 205 source files with javac [forked debug deprecation release 8] to target/classes
[WARNING] /code/common/src/main/java/io/netty/util/DefaultAttributeMap.java:[204,20] [deprecation] remove() in Attribute has been deprecated
[WARNING] /code/common/src/main/java/io/netty/util/DefaultAttributeMap.java:[193,17] [deprecation] getAndRemove() in Attribute has been deprecated
  where T is a type-variable:
    T extends Object declared in interface Attribute
[WARNING] /code/common/src/main/java/io/netty/util/internal/PlatformDependent.java:[171,20] [deprecation] freeDirectBuffer(ByteBuffer) in Cleaner has been deprecated
[WARNING] /code/common/src/main/java/io/netty/util/internal/InternalThreadLocalMap.java:[41,50] [deprecation] UnpaddedInternalThreadLocalMap in io.netty.util.internal has been deprecated
[WARNING] /code/common/src/main/java/io/netty/util/concurrent/ScheduledFutureTask.java:[100,38] [deprecation] getCurrentTimeNanos() in AbstractScheduledEventExecutor has been deprecated
[WARNING] /code/common/src/main/java/io/netty/util/concurrent/ScheduledFutureTask.java:[109,45] [deprecation] getCurrentTimeNanos() in AbstractScheduledEventExecutor has been deprecated
[WARNING] /code/common/src/main/java/io/netty/util/concurrent/ScheduledFutureTask.java:[171,63] [deprecation] getCurrentTimeNanos() in AbstractScheduledEventExecutor has been deprecated
[WARNING] /code/common/src/main/java/io/netty/util/concurrent/SingleThreadEventExecutor.java:[366,24] [deprecation] getCurrentTimeNanos() in AbstractScheduledEventExecutor has been deprecated
[WARNING] /code/common/src/main/java/io/netty/util/concurrent/SingleThreadEventExecutor.java:[443,32] [deprecation] getCurrentTimeNanos() in AbstractScheduledEventExecutor has been deprecated
[WARNING] /code/common/src/main/java/io/netty/util/concurrent/SingleThreadEventExecutor.java:[468,32] [deprecation] getCurrentTimeNanos() in AbstractScheduledEventExecutor has been deprecated
[WARNING] /code/common/src/main/java/io/netty/util/concurrent/SingleThreadEventExecutor.java:[529,49] [deprecation] getCurrentTimeNanos() in AbstractScheduledEventExecutor has been deprecated
[WARNING] /code/common/src/main/java/io/netty/util/concurrent/SingleThreadEventExecutor.java:[542,36] [deprecation] getCurrentTimeNanos() in AbstractScheduledEventExecutor has been deprecated
[WARNING] /code/common/src/main/java/io/netty/util/concurrent/SingleThreadEventExecutor.java:[550,36] [deprecation] getCurrentTimeNanos() in AbstractScheduledEventExecutor has been deprecated
[WARNING] /code/common/src/main/java/io/netty/util/concurrent/SingleThreadEventExecutor.java:[590,19] [deprecation] getCurrentTimeNanos() in AbstractScheduledEventExecutor has been deprecated
[WARNING] /code/common/src/main/java/io/netty/util/concurrent/SingleThreadEventExecutor.java:[603,19] [deprecation] getCurrentTimeNanos() in AbstractScheduledEventExecutor has been deprecated
[WARNING] /code/common/src/main/java/io/netty/util/concurrent/SingleThreadEventExecutor.java:[776,32] [deprecation] getCurrentTimeNanos() in AbstractScheduledEventExecutor has been deprecated
[WARNING] /code/common/src/main/java/io/netty/util/concurrent/SingleThreadEventExecutor.java:[935,40] [deprecation] getCurrentTimeNanos() in AbstractScheduledEventExecutor has been deprecated
[WARNING] /code/common/src/main/java/io/netty/util/concurrent/SingleThreadEventExecutor.java:[954,30] [deprecation] getCurrentTimeNanos() in AbstractScheduledEventExecutor has been deprecated
[WARNING] /code/common/src/main/java/io/netty/util/concurrent/GlobalEventExecutor.java:[71,26] [deprecation] getCurrentTimeNanos() in AbstractScheduledEventExecutor has been deprecated
[WARNING] /code/common/src/main/java/io/netty/util/concurrent/GlobalEventExecutor.java:[140,24] [deprecation] getCurrentTimeNanos() in AbstractScheduledEventExecutor has been deprecated
[WARNING] /code/common/src/main/java/io/netty/util/concurrent/NonStickyEventExecutorGroup.java:[317,20] [deprecation] shutdown() in AbstractEventExecutor has been deprecated
[WARNING] /code/common/src/main/java/io/netty/util/concurrent/NonStickyEventExecutorGroup.java:[318,20] [deprecation] shutdown() in EventExecutorGroup has been deprecated
[WARNING] /code/common/src/main/java/io/netty/util/internal/AtomicReferenceCountUpdater.java:[22,86] [deprecation] ReferenceCountUpdater in io.netty.util.internal has been deprecated
[WARNING] /code/common/src/main/java/io/netty/util/internal/AtomicReferenceCountUpdater.java:[22,86] [deprecation] ReferenceCountUpdater in io.netty.util.internal has been deprecated
[WARNING] /code/common/src/main/java/io/netty/util/internal/CleanerJava24Linker.java:[202,16] [deprecation] freeDirectBuffer(ByteBuffer) in Cleaner has been deprecated
[WARNING] /code/common/src/main/java/io/netty/util/internal/CleanerJava25.java:[185,16] [deprecation] freeDirectBuffer(ByteBuffer) in Cleaner has been deprecated
[WARNING] /code/common/src/main/java/io/netty/util/internal/DirectCleaner.java:[42,16] [deprecation] freeDirectBuffer(ByteBuffer) in Cleaner has been deprecated
[WARNING] /code/common/src/main/java/io/netty/util/internal/UnsafeReferenceCountUpdater.java:[20,86] [deprecation] ReferenceCountUpdater in io.netty.util.internal has been deprecated
[WARNING] /code/common/src/main/java/io/netty/util/internal/UnsafeReferenceCountUpdater.java:[20,86] [deprecation] ReferenceCountUpdater in io.netty.util.internal has been deprecated
[WARNING] /code/common/src/main/java/io/netty/util/internal/VarHandleReferenceCountUpdater.java:[22,16] [deprecation] ReferenceCountUpdater in io.netty.util.internal has been deprecated
[WARNING] /code/common/src/main/java/io/netty/util/internal/VarHandleReferenceCountUpdater.java:[22,16] [deprecation] ReferenceCountUpdater in io.netty.util.internal has been deprecated
[INFO] 
[INFO] --- forbiddenapis:2.2:check (check-forbidden-apis) @ netty-common ---
[WARNING]  Parameter 'internalRuntimeForbidden' is deprecated: Use <a href="bundled-signatures.html">bundled signatures</a> {@code "jdk-non-portable"} or {@code "jdk-internal"} instead.
[INFO] Skipping forbidden-apis checks.
[INFO] 
[INFO] --- bundle:5.1.8:manifest (generate-manifest) @ netty-common ---
[INFO] No MANIFEST.MF file found, generating manifest.
[INFO] Writing manifest: /code/common/target/classes/META-INF/MANIFEST.MF
[INFO] 
[INFO] --- module-info:2.2:generate (module-info) @ netty-common ---
[INFO] Using source file: /code/common/src/main/java/module-info.yml
[INFO] Using module name "io.netty.common"
[INFO] Using module version "4.2.18.Final-SNAPSHOT"
[INFO] Not adding export for private package "io.netty.util.internal.shaded.org.jctools.queues"
[INFO] Not adding export for private package "io.netty.util.internal.svm"
[INFO] Not adding export for private package "io.netty.util.internal.shaded.org.jctools.counters"
[INFO] Automatically adding export for package "io.netty.util.collection"
[INFO] Not adding export for private package "io.netty.util.internal.shaded.org.jctools.util"
[INFO] Not adding export for private package "io.netty.util.internal.shaded.org.jctools.queues.varhandle.unpadded"
[INFO] Not adding export for private package "io.netty.util.internal.shaded.org.jctools.maps"
[INFO] Automatically adding export for package "io.netty.util"
[INFO] Not adding export for private package "io.netty.util.internal"
[INFO] Not adding export for private package "io.netty.util.internal.logging"
[INFO] Not adding export for private package "io.netty.util.internal.shaded.org.jctools.queues.unpadded"
[INFO] Automatically adding export for package "io.netty.util.concurrent"
[INFO] Not adding export for private package "io.netty.util.internal.shaded.org.jctools.queues.atomic.unpadded"
[INFO] Not adding export for private package "io.netty.util.internal.shaded.org.jctools.queues.atomic"
[INFO] Not adding export for private package "io.netty.util.internal.shaded.org.jctools.queues.varhandle"
[INFO] Automatically adding mandatory "java.base" dependency
[INFO] Wrote module descriptor "/code/common/target/classes/META-INF/versions/11/module-info.class"
[INFO] 
[INFO] --- build-helper:1.10:add-test-source (add-test-source) @ netty-common ---
[INFO] Test Source directory: /code/common/target/generated-test-sources/collections/java added.
[INFO] 
[INFO] --- resources:3.0.1:testResources (default-testResources) @ netty-common ---
[INFO] Using 'UTF-8' encoding to copy filtered resources.
[INFO] Copying 1 resource
[INFO] Copying 0 resource
[INFO] 
[INFO] --- compiler:3.14.0:testCompile (default-testCompile) @ netty-common ---
[WARNING]  Parameter 'compilerVersion' (user property 'maven.compiler.compilerVersion') is deprecated: This parameter is no longer evaluated by the underlying compilers, instead the actual version of the javac binary is automatically retrieved.
[WARNING]  Parameter 'optimize' (user property 'maven.compiler.optimize') is deprecated: This property is a no-op in javac.
[INFO] Recompiling the module because of changed dependency.
[INFO] Compiling 70 source files with javac [forked debug deprecation release 8] to target/test-classes
[WARNING] /code/common/src/test/java/io/netty/util/concurrent/FastThreadLocalTest.java:[20,29] [deprecation] ObjectCleaner in io.netty.util.internal has been deprecated
[WARNING] /code/common/src/test/java/io/netty/util/concurrent/FastThreadLocalTest.java:[20,29] [deprecation] ObjectCleaner in io.netty.util.internal has been deprecated
[WARNING] /code/common/src/test/java/io/netty/util/concurrent/FastThreadLocalTest.java:[20,29] [deprecation] ObjectCleaner in io.netty.util.internal has been deprecated
[WARNING] /code/common/src/test/java/io/netty/util/DefaultAttributeMapTest.java:[56,11] [deprecation] remove() in Attribute has been deprecated
[WARNING] /code/common/src/test/java/io/netty/util/DefaultAttributeMapTest.java:[73,11] [deprecation] remove() in Attribute has been deprecated
[WARNING] /code/common/src/test/java/io/netty/util/DefaultAttributeMapTest.java:[84,26] [deprecation] getAndRemove() in Attribute has been deprecated
  where T is a type-variable:
    T extends Object declared in interface Attribute
[WARNING] /code/common/src/test/java/io/netty/util/DefaultAttributeMapTest.java:[107,25] [deprecation] remove() in Attribute has been deprecated
[WARNING] /code/common/src/test/java/io/netty/util/DefaultAttributeMapTest.java:[113,25] [deprecation] remove() in Attribute has been deprecated
[WARNING] /code/common/src/test/java/io/netty/util/LeakPresenceDetectorTest.java:[41,47] [deprecation] <T>newResourceLeakDetector(Class<T>,int,long) in ResourceLeakDetectorFactory has been deprecated
  where T is a type-variable:
    T extends Object declared in method <T>newResourceLeakDetector(Class<T>,int,long)
[WARNING] /code/common/src/test/java/io/netty/util/ResourceLeakDetectorTest.java:[222,12] [deprecation] ResourceLeakDetector(Class<?>,int,long) in ResourceLeakDetector has been deprecated
[WARNING] /code/common/src/test/java/io/netty/util/ResourceLeakDetectorTest.java:[236,23] [deprecation] reportInstancesLeak(String) in ResourceLeakDetector has been deprecated
[WARNING] /code/common/src/test/java/io/netty/util/ThreadDeathWatcherTest.java:[61,12] [deprecation] ThreadDeathWatcher in io.netty.util has been deprecated
[WARNING] /code/common/src/test/java/io/netty/util/ThreadDeathWatcherTest.java:[68,8] [deprecation] ThreadDeathWatcher in io.netty.util has been deprecated
[WARNING] /code/common/src/test/java/io/netty/util/ThreadDeathWatcherTest.java:[107,8] [deprecation] ThreadDeathWatcher in io.netty.util has been deprecated
[WARNING] /code/common/src/test/java/io/netty/util/ThreadDeathWatcherTest.java:[108,8] [deprecation] ThreadDeathWatcher in io.netty.util has been deprecated
[WARNING] /code/common/src/test/java/io/netty/util/ThreadDeathWatcherTest.java:[117,19] [deprecation] ThreadDeathWatcher in io.netty.util has been deprecated
[WARNING] /code/common/src/test/java/io/netty/util/ThreadDeathWatcherTest.java:[131,33] [deprecation] ThreadDeathWatcher in io.netty.util has been deprecated
[WARNING] /code/common/src/test/java/io/netty/util/concurrent/AbstractScheduledEventExecutorTest.java:[139,20] [deprecation] shutdown() in AbstractEventExecutor has been deprecated
[WARNING] /code/common/src/test/java/io/netty/util/concurrent/DefaultPromiseTest.java:[90,20] [deprecation] shutdown() in AbstractEventExecutor has been deprecated
[WARNING] /code/common/src/test/java/io/netty/util/concurrent/NonStickyEventExecutorGroupTest.java:[73,45] [deprecation] UnorderedThreadPoolEventExecutor in io.netty.util.concurrent has been deprecated
[WARNING] /code/common/src/test/java/io/netty/util/concurrent/NonStickyEventExecutorGroupTest.java:[109,39] [deprecation] UnorderedThreadPoolEventExecutor in io.netty.util.concurrent has been deprecated
[WARNING] /code/common/src/test/java/io/netty/util/concurrent/NonStickyEventExecutorGroupTest.java:[138,14] [deprecation] UnorderedThreadPoolEventExecutor in io.netty.util.concurrent has been deprecated
[WARNING] /code/common/src/test/java/io/netty/util/concurrent/NonStickyEventExecutorGroupTest.java:[138,64] [deprecation] UnorderedThreadPoolEventExecutor in io.netty.util.concurrent has been deprecated
[WARNING] /code/common/src/test/java/io/netty/util/concurrent/NonStickyEventExecutorGroupTest.java:[143,24] [deprecation] shutdown() in AbstractEventExecutorGroup has been deprecated
[WARNING] /code/common/src/test/java/io/netty/util/concurrent/NonStickyEventExecutorGroupTest.java:[154,28] [deprecation] shutdown() in AbstractEventExecutor has been deprecated
[WARNING] /code/common/src/test/java/io/netty/util/concurrent/PromiseAggregatorTest.java:[75,8] [deprecation] PromiseAggregator in io.netty.util.concurrent has been deprecated
[WARNING] /code/common/src/test/java/io/netty/util/concurrent/PromiseAggregatorTest.java:[76,20] [deprecation] PromiseAggregator in io.netty.util.concurrent has been deprecated
[WARNING] /code/common/src/test/java/io/netty/util/concurrent/PromiseAggregatorTest.java:[101,8] [deprecation] PromiseAggregator in io.netty.util.concurrent has been deprecated
[WARNING] /code/common/src/test/java/io/netty/util/concurrent/PromiseAggregatorTest.java:[102,20] [deprecation] PromiseAggregator in io.netty.util.concurrent has been deprecated
[WARNING] /code/common/src/test/java/io/netty/util/concurrent/PromiseAggregatorTest.java:[128,8] [deprecation] PromiseAggregator in io.netty.util.concurrent has been deprecated
[WARNING] /code/common/src/test/java/io/netty/util/concurrent/PromiseAggregatorTest.java:[129,20] [deprecation] PromiseAggregator in io.netty.util.concurrent has been deprecated
[WARNING] /code/common/src/test/java/io/netty/util/concurrent/PromiseCombinerTest.java:[61,26] [deprecation] initMocks(Object) in MockitoAnnotations has been deprecated
[WARNING] /code/common/src/test/java/io/netty/util/concurrent/PromiseCombinerTest.java:[88,24] [deprecation] add(Promise) in PromiseCombiner has been deprecated
[WARNING] /code/common/src/test/java/io/netty/util/concurrent/PromiseCombinerTest.java:[98,32] non-varargs call of varargs method with inexact argument type for last parameter;
  cast to Promise for a varargs call
  cast to Promise[] for a non-varargs call and to suppress this warning
[WARNING] /code/common/src/test/java/io/netty/util/concurrent/PromiseCombinerTest.java:[98,24] [deprecation] addAll(Promise...) in PromiseCombiner has been deprecated
[WARNING] /code/common/src/test/java/io/netty/util/concurrent/PromiseCombinerTest.java:[109,24] [deprecation] add(Promise) in PromiseCombiner has been deprecated
[WARNING] /code/common/src/test/java/io/netty/util/concurrent/PromiseCombinerTest.java:[121,24] [deprecation] addAll(Promise...) in PromiseCombiner has been deprecated
[WARNING] /code/common/src/test/java/io/netty/util/concurrent/PromiseCombinerTest.java:[142,16] [deprecation] addAll(Promise...) in PromiseCombiner has been deprecated
[WARNING] /code/common/src/test/java/io/netty/util/concurrent/PromiseCombinerTest.java:[154,16] [deprecation] add(Promise) in PromiseCombiner has been deprecated
[WARNING] /code/common/src/test/java/io/netty/util/concurrent/PromiseCombinerTest.java:[156,16] [deprecation] add(Promise) in PromiseCombiner has been deprecated
[WARNING] /code/common/src/test/java/io/netty/util/concurrent/PromiseCombinerTest.java:[169,16] [deprecation] addAll(Promise...) in PromiseCombiner has been deprecated
[WARNING] /code/common/src/test/java/io/netty/util/concurrent/PromiseCombinerTest.java:[183,16] [deprecation] add(Promise) in PromiseCombiner has been deprecated
[WARNING] /code/common/src/test/java/io/netty/util/concurrent/PromiseCombinerTest.java:[185,16] [deprecation] add(Promise) in PromiseCombiner has been deprecated
[WARNING] /code/common/src/test/java/io/netty/util/concurrent/UnorderedThreadPoolEventExecutorTest.java:[35,8] [deprecation] UnorderedThreadPoolEventExecutor in io.netty.util.concurrent has been deprecated
[WARNING] /code/common/src/test/java/io/netty/util/concurrent/UnorderedThreadPoolEventExecutorTest.java:[35,56] [deprecation] UnorderedThreadPoolEventExecutor in io.netty.util.concurrent has been deprecated
[WARNING] /code/common/src/test/java/io/netty/util/concurrent/UnorderedThreadPoolEventExecutorTest.java:[79,8] [deprecation] UnorderedThreadPoolEventExecutor in io.netty.util.concurrent has been deprecated
[WARNING] /code/common/src/test/java/io/netty/util/concurrent/UnorderedThreadPoolEventExecutorTest.java:[79,56] [deprecation] UnorderedThreadPoolEventExecutor in io.netty.util.concurrent has been deprecated
[WARNING] /code/common/src/test/java/io/netty/util/concurrent/UnorderedThreadPoolEventExecutorTest.java:[97,8] [deprecation] UnorderedThreadPoolEventExecutor in io.netty.util.concurrent has been deprecated
[WARNING] /code/common/src/test/java/io/netty/util/concurrent/UnorderedThreadPoolEventExecutorTest.java:[97,56] [deprecation] UnorderedThreadPoolEventExecutor in io.netty.util.concurrent has been deprecated
[WARNING] /code/common/src/test/java/io/netty/util/concurrent/UnorderedThreadPoolEventExecutorTest.java:[115,8] [deprecation] UnorderedThreadPoolEventExecutor in io.netty.util.concurrent has been deprecated
[WARNING] /code/common/src/test/java/io/netty/util/concurrent/UnorderedThreadPoolEventExecutorTest.java:[115,56] [deprecation] UnorderedThreadPoolEventExecutor in io.netty.util.concurrent has been deprecated
[WARNING] /code/common/src/test/java/io/netty/util/concurrent/UnorderedThreadPoolEventExecutorTest.java:[133,8] [deprecation] UnorderedThreadPoolEventExecutor in io.netty.util.concurrent has been deprecated
[WARNING] /code/common/src/test/java/io/netty/util/concurrent/UnorderedThreadPoolEventExecutorTest.java:[133,56] [deprecation] UnorderedThreadPoolEventExecutor in io.netty.util.concurrent has been deprecated
[WARNING] /code/common/src/test/java/io/netty/util/internal/ObjectCleanerTest.java:[52,8] [deprecation] ObjectCleaner in io.netty.util.internal has been deprecated
[WARNING] /code/common/src/test/java/io/netty/util/internal/ObjectCleanerTest.java:[90,8] [deprecation] ObjectCleaner in io.netty.util.internal has been deprecated
[WARNING] /code/common/src/test/java/io/netty/util/internal/ObjectCleanerTest.java:[97,8] [deprecation] ObjectCleaner in io.netty.util.internal has been deprecated
[WARNING] /code/common/src/test/java/io/netty/util/internal/ObjectCleanerTest.java:[124,8] [deprecation] ObjectCleaner in io.netty.util.internal has been deprecated
[WARNING] /code/common/src/test/java/io/netty/util/internal/ObjectCleanerTest.java:[134,40] [deprecation] ObjectCleaner in io.netty.util.internal has been deprecated
[WARNING] /code/common/src/test/java/io/netty/util/internal/ThreadExecutorMapTest.java:[36,20] [deprecation] shutdown() in AbstractEventExecutor has been deprecated
[WARNING] /code/common/src/test/java/io/netty/util/internal/ThreadLocalRandomTest.java:[30,12] [deprecation] ThreadLocalRandom in io.netty.util.internal has been deprecated
[WARNING] /code/common/src/test/java/io/netty/util/internal/logging/CommonsLoggerFactoryTest.java:[27,32] [deprecation] CommonsLoggerFactory in io.netty.util.internal.logging has been deprecated
[WARNING] /code/common/src/test/java/io/netty/util/internal/logging/CommonsLoggerFactoryTest.java:[28,37] [deprecation] CommonsLogger in io.netty.util.internal.logging has been deprecated
[WARNING] /code/common/src/test/java/io/netty/util/internal/logging/CommonsLoggerTest.java:[33,36] [deprecation] CommonsLogger in io.netty.util.internal.logging has been deprecated
[WARNING] /code/common/src/test/java/io/netty/util/internal/logging/CommonsLoggerTest.java:[45,36] [deprecation] CommonsLogger in io.netty.util.internal.logging has been deprecated
[WARNING] /code/common/src/test/java/io/netty/util/internal/logging/CommonsLoggerTest.java:[57,36] [deprecation] CommonsLogger in io.netty.util.internal.logging has been deprecated
[WARNING] /code/common/src/test/java/io/netty/util/internal/logging/CommonsLoggerTest.java:[69,36] [deprecation] CommonsLogger in io.netty.util.internal.logging has been deprecated
[WARNING] /code/common/src/test/java/io/netty/util/internal/logging/CommonsLoggerTest.java:[81,36] [deprecation] CommonsLogger in io.netty.util.internal.logging has been deprecated
[WARNING] /code/common/src/test/java/io/netty/util/internal/logging/CommonsLoggerTest.java:[91,36] [deprecation] CommonsLogger in io.netty.util.internal.logging has been deprecated
[WARNING] /code/common/src/test/java/io/netty/util/internal/logging/CommonsLoggerTest.java:[101,36] [deprecation] CommonsLogger in io.netty.util.internal.logging has been deprecated
[WARNING] /code/common/src/test/java/io/netty/util/internal/logging/CommonsLoggerTest.java:[111,36] [deprecation] CommonsLogger in io.netty.util.internal.logging has been deprecated
[WARNING] /code/common/src/test/java/io/netty/util/internal/logging/CommonsLoggerTest.java:[121,36] [deprecation] CommonsLogger in io.netty.util.internal.logging has been deprecated
[WARNING] /code/common/src/test/java/io/netty/util/internal/logging/CommonsLoggerTest.java:[131,36] [deprecation] CommonsLogger in io.netty.util.internal.logging has been deprecated
[WARNING] /code/common/src/test/java/io/netty/util/internal/logging/CommonsLoggerTest.java:[141,36] [deprecation] CommonsLogger in io.netty.util.internal.logging has been deprecated
[WARNING] /code/common/src/test/java/io/netty/util/internal/logging/CommonsLoggerTest.java:[151,36] [deprecation] CommonsLogger in io.netty.util.internal.logging has been deprecated
[WARNING] /code/common/src/test/java/io/netty/util/internal/logging/CommonsLoggerTest.java:[161,36] [deprecation] CommonsLogger in io.netty.util.internal.logging has been deprecated
[WARNING] /code/common/src/test/java/io/netty/util/internal/logging/CommonsLoggerTest.java:[171,36] [deprecation] CommonsLogger in io.netty.util.internal.logging has been deprecated
[WARNING] /code/common/src/test/java/io/netty/util/internal/logging/CommonsLoggerTest.java:[181,36] [deprecation] CommonsLogger in io.netty.util.internal.logging has been deprecated
[INFO] 
[INFO] --- forbiddenapis:2.2:testCheck (check-forbidden-test-apis) @ netty-common ---
[WARNING]  Parameter 'internalRuntimeForbidden' is deprecated: Use <a href="bundled-signatures.html">bundled signatures</a> {@code "jdk-non-portable"} or {@code "jdk-internal"} instead.
[INFO] Skipping forbidden-apis checks.
[INFO] 
[INFO] --- surefire:3.5.6:test (default-test) @ netty-common ---
[INFO] Tests are skipped.
[INFO] 
[INFO] --- source:3.2.0:jar-no-fork (attach-sources) @ netty-common ---
[INFO] Building jar: /code/common/target/netty-common-4.2.18.Final-SNAPSHOT-sources.jar
[INFO] 
[INFO] --- source:3.2.0:test-jar-no-fork (attach-test-sources) @ netty-common ---
[INFO] Building jar: /code/common/target/netty-common-4.2.18.Final-SNAPSHOT-test-sources.jar
[INFO] 
[INFO] --- jar:3.0.2:jar (default-jar) @ netty-common ---
[INFO] Building jar: /code/common/target/netty-common-4.2.18.Final-SNAPSHOT.jar
[INFO] 
[INFO] --- shade:3.2.1:shade (default) @ netty-common ---
[INFO] Including org.jctools:jctools-core:jar:4.0.7 in the shaded jar.
[INFO] Including org.jctools:jctools-core-jdk11:jar:4.0.7 in the shaded jar.
[INFO] Excluding org.slf4j:slf4j-api:jar:2.0.17 from the shaded jar.
[INFO] Excluding commons-logging:commons-logging:jar:1.3.6 from the shaded jar.
[INFO] Excluding org.apache.logging.log4j:log4j-1.2-api:jar:2.25.4 from the shaded jar.
[INFO] Excluding org.apache.logging.log4j:log4j-api:jar:2.25.4 from the shaded jar.
[INFO] Excluding io.projectreactor.tools:blockhound:jar:1.0.16.RELEASE from the shaded jar.
[INFO] Minimizing jar io.netty:netty-common:jar:4.2.18.Final-SNAPSHOT
[WARNING] Discovered module-info.class. Shading will break its strong encapsulation.
[WARNING] Discovered module-info.class. Shading will break its strong encapsulation.
[INFO] Minimized 998 -> 670 (67%)
[INFO] Minimized 1384 -> 1056 (76%)
[INFO] Replacing original artifact with shaded artifact.
[INFO] Replacing /code/common/target/netty-common-4.2.18.Final-SNAPSHOT.jar with /code/common/target/netty-common-4.2.18.Final-SNAPSHOT-shaded.jar
[INFO] Replacing original source artifact with shaded source artifact.
[INFO] Replacing /code/common/target/netty-common-4.2.18.Final-SNAPSHOT-sources.jar with /code/common/target/netty-common-4.2.18.Final-SNAPSHOT-shaded-sources.jar
[WARNING] artifact io.netty:netty-common:java-source:sources:4.2.18.Final-SNAPSHOT already attached, replace previous instance
[INFO] Dependency-reduced POM written at: /code/common/dependency-reduced-pom.xml
[INFO] 
[INFO] --- jar:3.0.2:test-jar (default) @ netty-common ---
[INFO] Building jar: /code/common/target/netty-common-4.2.18.Final-SNAPSHOT-tests.jar
[INFO] 
[INFO] --- revapi:0.15.0:check (api-check) @ netty-common ---
[INFO] Skipping execution
[INFO] 
[INFO] --- install:3.1.2:install (default-install) @ netty-common ---
[INFO] Installing /code/common/dependency-reduced-pom.xml to /root/.m2/repository/io/netty/netty-common/4.2.18.Final-SNAPSHOT/netty-common-4.2.18.Final-SNAPSHOT.pom
[INFO] Installing /code/common/target/netty-common-4.2.18.Final-SNAPSHOT.jar to /root/.m2/repository/io/netty/netty-common/4.2.18.Final-SNAPSHOT/netty-common-4.2.18.Final-SNAPSHOT.jar
[INFO] Installing /code/common/target/netty-common-4.2.18.Final-SNAPSHOT-sources.jar to /root/.m2/repository/io/netty/netty-common/4.2.18.Final-SNAPSHOT/netty-common-4.2.18.Final-SNAPSHOT-sources.jar
[INFO] Installing /code/common/target/netty-common-4.2.18.Final-SNAPSHOT-test-sources.jar to /root/.m2/repository/io/netty/netty-common/4.2.18.Final-SNAPSHOT/netty-common-4.2.18.Final-SNAPSHOT-test-sources.jar
[INFO] Installing /code/common/target/netty-common-4.2.18.Final-SNAPSHOT-tests.jar to /root/.m2/repository/io/netty/netty-common/4.2.18.Final-SNAPSHOT/netty-common-4.2.18.Final-SNAPSHOT-tests.jar
[INFO] 
[INFO] ------------------< io.netty:netty-testsuite-common >-------------------
[INFO] Building Netty/Testsuite/Common 4.2.18.Final-SNAPSHOT             [6/31]
[INFO]   from testsuite-common/pom.xml
[INFO] --------------------------------[ jar ]---------------------------------
[INFO] 
[INFO] --- enforcer:3.0.0:enforce (enforce-maven) @ netty-testsuite-common ---
[INFO] 
[INFO] --- enforcer:3.0.0:enforce (enforce-tools) @ netty-testsuite-common ---
[INFO] 
[INFO] --- checkstyle:3.1.0:check (check-style) @ netty-testsuite-common ---
[INFO] 
[INFO] --- xml:1.0.1:check-format (check-style) @ netty-testsuite-common ---
[INFO] 
[INFO] --- build-helper:1.10:parse-version (parse-version) @ netty-testsuite-common ---
[INFO] 
[INFO] --- antrun:1.8:run (write-version-properties) @ netty-testsuite-common ---
[INFO] Executing tasks

main:
     [exec] Result: 128
     [exec] Result: 128
     [echo] Current commit: 0 on 1970-01-01 00:00:00 +0000
    [mkdir] Created dir: /code/testsuite-common/target/classes/META-INF
[propertyfile] Creating new property file: /code/testsuite-common/target/classes/META-INF/io.netty.versions.properties
[INFO] Executed tasks
[INFO] 
[INFO] --- resources:3.0.1:resources (default-resources) @ netty-testsuite-common ---
[INFO] Using 'UTF-8' encoding to copy filtered resources.
[INFO] Copying 1 resource
[INFO] 
[INFO] --- compiler:3.14.0:compile (default-compile) @ netty-testsuite-common ---
[WARNING]  Parameter 'compilerVersion' (user property 'maven.compiler.compilerVersion') is deprecated: This parameter is no longer evaluated by the underlying compilers, instead the actual version of the javac binary is automatically retrieved.
[WARNING]  Parameter 'optimize' (user property 'maven.compiler.optimize') is deprecated: This property is a no-op in javac.
[INFO] Recompiling the module because of changed dependency.
[INFO] Compiling 2 source files with javac [forked debug deprecation release 8] to target/classes
[INFO] 
[INFO] --- forbiddenapis:2.2:check (check-forbidden-apis) @ netty-testsuite-common ---
[WARNING]  Parameter 'internalRuntimeForbidden' is deprecated: Use <a href="bundled-signatures.html">bundled signatures</a> {@code "jdk-non-portable"} or {@code "jdk-internal"} instead.
[INFO] Skipping forbidden-apis checks.
[INFO] 
[INFO] --- bundle:5.1.8:manifest (generate-manifest) @ netty-testsuite-common ---
[INFO] No MANIFEST.MF file found, generating manifest.
[WARNING] Manifest io.netty:netty-testsuite-common:jar:4.2.18.Final-SNAPSHOT : Unused Import-Package instructions: [sun.net.dns.*, sun.misc.*, sun.security.*] 
[INFO] Writing manifest: /code/testsuite-common/target/classes/META-INF/MANIFEST.MF
[INFO] 
[INFO] --- resources:3.0.1:testResources (default-testResources) @ netty-testsuite-common ---
[INFO] Using 'UTF-8' encoding to copy filtered resources.
[INFO] skip non existing resourceDirectory /code/testsuite-common/src/test/resources
[INFO] Copying 0 resource
[INFO] 
[INFO] --- compiler:3.14.0:testCompile (default-testCompile) @ netty-testsuite-common ---
[WARNING]  Parameter 'compilerVersion' (user property 'maven.compiler.compilerVersion') is deprecated: This parameter is no longer evaluated by the underlying compilers, instead the actual version of the javac binary is automatically retrieved.
[WARNING]  Parameter 'optimize' (user property 'maven.compiler.optimize') is deprecated: This property is a no-op in javac.
[INFO] Recompiling the module because of changed dependency.
[INFO] Compiling 1 source file with javac [forked debug deprecation release 8] to target/test-classes
[INFO] 
[INFO] --- forbiddenapis:2.2:testCheck (check-forbidden-test-apis) @ netty-testsuite-common ---
[WARNING]  Parameter 'internalRuntimeForbidden' is deprecated: Use <a href="bundled-signatures.html">bundled signatures</a> {@code "jdk-non-portable"} or {@code "jdk-internal"} instead.
[INFO] Skipping forbidden-apis checks.
[INFO] 
[INFO] --- surefire:3.5.6:test (default-test) @ netty-testsuite-common ---
[INFO] Tests are skipped.
[INFO] 
[INFO] --- source:3.2.0:jar-no-fork (attach-sources) @ netty-testsuite-common ---
[INFO] Building jar: /code/testsuite-common/target/netty-testsuite-common-4.2.18.Final-SNAPSHOT-sources.jar
[INFO] 
[INFO] --- source:3.2.0:test-jar-no-fork (attach-test-sources) @ netty-testsuite-common ---
[INFO] Building jar: /code/testsuite-common/target/netty-testsuite-common-4.2.18.Final-SNAPSHOT-test-sources.jar
[INFO] 
[INFO] --- jar:3.0.2:jar (default-jar) @ netty-testsuite-common ---
[INFO] Building jar: /code/testsuite-common/target/netty-testsuite-common-4.2.18.Final-SNAPSHOT.jar
[INFO] 
[INFO] --- jar:3.0.2:test-jar (default) @ netty-testsuite-common ---
[INFO] Building jar: /code/testsuite-common/target/netty-testsuite-common-4.2.18.Final-SNAPSHOT-tests.jar
[INFO] 
[INFO] --- revapi:0.15.0:check (api-check) @ netty-testsuite-common ---
[INFO] Skipping execution
[INFO] 
[INFO] --- install:3.1.2:install (default-install) @ netty-testsuite-common ---
[INFO] Installing /code/testsuite-common/pom.xml to /root/.m2/repository/io/netty/netty-testsuite-common/4.2.18.Final-SNAPSHOT/netty-testsuite-common-4.2.18.Final-SNAPSHOT.pom
[INFO] Installing /code/testsuite-common/target/netty-testsuite-common-4.2.18.Final-SNAPSHOT.jar to /root/.m2/repository/io/netty/netty-testsuite-common/4.2.18.Final-SNAPSHOT/netty-testsuite-common-4.2.18.Final-SNAPSHOT.jar
[INFO] Installing /code/testsuite-common/target/netty-testsuite-common-4.2.18.Final-SNAPSHOT-sources.jar to /root/.m2/repository/io/netty/netty-testsuite-common/4.2.18.Final-SNAPSHOT/netty-testsuite-common-4.2.18.Final-SNAPSHOT-sources.jar
[INFO] Installing /code/testsuite-common/target/netty-testsuite-common-4.2.18.Final-SNAPSHOT-test-sources.jar to /root/.m2/repository/io/netty/netty-testsuite-common/4.2.18.Final-SNAPSHOT/netty-testsuite-common-4.2.18.Final-SNAPSHOT-test-sources.jar
[INFO] Installing /code/testsuite-common/target/netty-testsuite-common-4.2.18.Final-SNAPSHOT-tests.jar to /root/.m2/repository/io/netty/netty-testsuite-common/4.2.18.Final-SNAPSHOT/netty-testsuite-common-4.2.18.Final-SNAPSHOT-tests.jar
[INFO] 
[INFO] -----------------------< io.netty:netty-buffer >------------------------
[INFO] Building Netty/Buffer 4.2.18.Final-SNAPSHOT                       [7/31]
[INFO]   from buffer/pom.xml
[INFO] --------------------------------[ jar ]---------------------------------
[INFO] 
[INFO] --- enforcer:3.0.0:enforce (enforce-maven) @ netty-buffer ---
[INFO] 
[INFO] --- enforcer:3.0.0:enforce (enforce-tools) @ netty-buffer ---
[INFO] 
[INFO] --- checkstyle:3.1.0:check (check-style) @ netty-buffer ---
[INFO] 
[INFO] --- xml:1.0.1:check-format (check-style) @ netty-buffer ---
[INFO] 
[INFO] --- build-helper:1.10:parse-version (parse-version) @ netty-buffer ---
[INFO] 
[INFO] --- antrun:1.8:run (write-version-properties) @ netty-buffer ---
[INFO] Executing tasks

main:
     [exec] Result: 128
     [exec] Result: 128
     [echo] Current commit: 0 on 1970-01-01 00:00:00 +0000
    [mkdir] Created dir: /code/buffer/target/classes/META-INF
[propertyfile] Creating new property file: /code/buffer/target/classes/META-INF/io.netty.versions.properties
[INFO] Executed tasks
[INFO] 
[INFO] --- resources:3.0.1:resources (default-resources) @ netty-buffer ---
[INFO] Using 'UTF-8' encoding to copy filtered resources.
[INFO] Copying 2 resources
[INFO] 
[INFO] --- compiler:3.14.0:compile (default-compile) @ netty-buffer ---
[WARNING]  Parameter 'compilerVersion' (user property 'maven.compiler.compilerVersion') is deprecated: This parameter is no longer evaluated by the underlying compilers, instead the actual version of the javac binary is automatically retrieved.
[WARNING]  Parameter 'optimize' (user property 'maven.compiler.optimize') is deprecated: This property is a no-op in javac.
[INFO] Recompiling the module because of changed dependency.
[INFO] Compiling 91 source files with javac [forked debug deprecation release 8] to target/classes
[WARNING] /code/buffer/src/main/java/io/netty/buffer/AbstractByteBuf.java:[338,19] [deprecation] order(ByteOrder) in ByteBuf has been deprecated
[WARNING] /code/buffer/src/main/java/io/netty/buffer/AbstractByteBuf.java:[339,26] [deprecation] order() in ByteBuf has been deprecated
[WARNING] /code/buffer/src/main/java/io/netty/buffer/AbstractByteBuf.java:[349,14] [deprecation] SwappedByteBuf in io.netty.buffer has been deprecated
[WARNING] /code/buffer/src/main/java/io/netty/buffer/AbstractByteBuf.java:[350,19] [deprecation] SwappedByteBuf in io.netty.buffer has been deprecated
[WARNING] /code/buffer/src/main/java/io/netty/buffer/CompositeByteBuf.java:[894,21] [deprecation] order() in ByteBuf has been deprecated
[WARNING] /code/buffer/src/main/java/io/netty/buffer/UnpooledDuplicatedByteBuf.java:[22,40] [deprecation] DuplicatedByteBuf in io.netty.buffer has been deprecated
[WARNING] /code/buffer/src/main/java/io/netty/buffer/AbstractUnpooledSlicedByteBuf.java:[32,53] [deprecation] AbstractDerivedByteBuf in io.netty.buffer has been deprecated
[WARNING] /code/buffer/src/main/java/io/netty/buffer/AbstractUnpooledSlicedByteBuf.java:[43,37] [deprecation] DuplicatedByteBuf in io.netty.buffer has been deprecated
[WARNING] /code/buffer/src/main/java/io/netty/buffer/AbstractUnsafeSwappedByteBuf.java:[27,52] [deprecation] SwappedByteBuf in io.netty.buffer has been deprecated
[WARNING] /code/buffer/src/main/java/io/netty/buffer/WrappedByteBuf.java:[90,19] [deprecation] order(ByteOrder) in ByteBuf has been deprecated
[WARNING] /code/buffer/src/main/java/io/netty/buffer/WrappedByteBuf.java:[85,27] [deprecation] order() in ByteBuf has been deprecated
[WARNING] /code/buffer/src/main/java/io/netty/buffer/WrappedByteBuf.java:[86,18] [deprecation] order() in ByteBuf has been deprecated
[WARNING] /code/buffer/src/main/java/io/netty/buffer/WrappedByteBuf.java:[91,18] [deprecation] order(ByteOrder) in ByteBuf has been deprecated
[WARNING] /code/buffer/src/main/java/io/netty/buffer/WrappedCompositeByteBuf.java:[1109,14] [deprecation] SwappedByteBuf in io.netty.buffer has been deprecated
[WARNING] /code/buffer/src/main/java/io/netty/buffer/ByteBufUtil.java:[215,18] [deprecation] order() in ByteBuf has been deprecated
[WARNING] /code/buffer/src/main/java/io/netty/buffer/ByteBufUtil.java:[382,13] [deprecation] order() in ByteBuf has been deprecated
[WARNING] /code/buffer/src/main/java/io/netty/buffer/ByteBufUtil.java:[382,26] [deprecation] order() in ByteBuf has been deprecated
[WARNING] /code/buffer/src/main/java/io/netty/buffer/ByteBufUtil.java:[444,48] [deprecation] order() in ByteBuf has been deprecated
[WARNING] /code/buffer/src/main/java/io/netty/buffer/ByteBufUtil.java:[448,23] [deprecation] order() in ByteBuf has been deprecated
[WARNING] /code/buffer/src/main/java/io/netty/buffer/ByteBufUtil.java:[448,42] [deprecation] order() in ByteBuf has been deprecated
[WARNING] /code/buffer/src/main/java/io/netty/buffer/ByteBufUtil.java:[598,54] [deprecation] order() in ByteBuf has been deprecated
[WARNING] /code/buffer/src/main/java/io/netty/buffer/ByteBufUtil.java:[739,58] [deprecation] order() in ByteBuf has been deprecated
[WARNING] /code/buffer/src/main/java/io/netty/buffer/UnpooledDirectByteBuf.java:[211,21] [deprecation] order() in ByteBuf has been deprecated
[WARNING] /code/buffer/src/main/java/io/netty/buffer/UnpooledUnsafeDirectByteBuf.java:[368,14] [deprecation] SwappedByteBuf in io.netty.buffer has been deprecated
[WARNING] /code/buffer/src/main/java/io/netty/buffer/EmptyByteBuf.java:[119,19] [deprecation] order(ByteOrder) in ByteBuf has been deprecated
[WARNING] /code/buffer/src/main/java/io/netty/buffer/EmptyByteBuf.java:[89,21] [deprecation] order() in ByteBuf has been deprecated
[WARNING] /code/buffer/src/main/java/io/netty/buffer/EmptyByteBuf.java:[100,23] [deprecation] unmodifiableBuffer(ByteBuf) in Unpooled has been deprecated
[WARNING] /code/buffer/src/main/java/io/netty/buffer/FixedCompositeByteBuf.java:[215,21] [deprecation] order() in ByteBuf has been deprecated
[WARNING] /code/buffer/src/main/java/io/netty/buffer/FixedCompositeByteBuf.java:[59,21] [deprecation] order() in ByteBuf has been deprecated
[WARNING] /code/buffer/src/main/java/io/netty/buffer/FixedCompositeByteBuf.java:[62,30] [deprecation] order() in ByteBuf has been deprecated
[WARNING] /code/buffer/src/main/java/io/netty/buffer/PoolArena.java:[507,16] [deprecation] numActiveTinyAllocations() in PoolArenaMetric has been deprecated
[WARNING] /code/buffer/src/main/java/io/netty/buffer/PoolArena.java:[449,16] [deprecation] numTinyDeallocations() in PoolArenaMetric has been deprecated
[WARNING] /code/buffer/src/main/java/io/netty/buffer/PoolArena.java:[407,16] [deprecation] numTinyAllocations() in PoolArenaMetric has been deprecated
[WARNING] /code/buffer/src/main/java/io/netty/buffer/PoolArena.java:[362,35] [deprecation] tinySubpages() in PoolArenaMetric has been deprecated
[WARNING] /code/buffer/src/main/java/io/netty/buffer/PoolArena.java:[347,15] [deprecation] numTinySubpages() in PoolArenaMetric has been deprecated
[WARNING] /code/buffer/src/main/java/io/netty/buffer/PooledByteBuf.java:[136,27] [deprecation] order() in ByteBuf has been deprecated
[WARNING] /code/buffer/src/main/java/io/netty/buffer/PooledUnsafeDirectByteBuf.java:[255,14] [deprecation] SwappedByteBuf in io.netty.buffer has been deprecated
[WARNING] /code/buffer/src/main/java/io/netty/buffer/ReadOnlyAbstractByteBuf.java:[22,44] [deprecation] ReadOnlyByteBuf in io.netty.buffer has been deprecated
[WARNING] /code/buffer/src/main/java/io/netty/buffer/ReadOnlyByteBufferBuf.java:[357,21] [deprecation] order() in ByteBuf has been deprecated
[WARNING] /code/buffer/src/main/java/io/netty/buffer/Unpooled.java:[193,39] [deprecation] order(ByteOrder) in ByteBuf has been deprecated
[WARNING] /code/buffer/src/main/java/io/netty/buffer/Unpooled.java:[316,43] [deprecation] order(ByteOrder) in ByteBuf has been deprecated
[WARNING] /code/buffer/src/main/java/io/netty/buffer/Unpooled.java:[400,34] [deprecation] order(ByteOrder) in ByteBuf has been deprecated
[WARNING] /code/buffer/src/main/java/io/netty/buffer/Unpooled.java:[494,35] [deprecation] order() in ByteBuf has been deprecated
[WARNING] /code/buffer/src/main/java/io/netty/buffer/Unpooled.java:[498,25] [deprecation] order() in ByteBuf has been deprecated
[WARNING] /code/buffer/src/main/java/io/netty/buffer/Unpooled.java:[514,41] [deprecation] order(ByteOrder) in ByteBuf has been deprecated
[WARNING] /code/buffer/src/main/java/io/netty/buffer/Unpooled.java:[571,41] [deprecation] order(ByteOrder) in ByteBuf has been deprecated
[WARNING] /code/buffer/src/main/java/io/netty/buffer/Unpooled.java:[704,19] [deprecation] ReadOnlyByteBuf in io.netty.buffer has been deprecated
[WARNING] /code/buffer/src/main/java/io/netty/buffer/Unpooled.java:[710,20] [deprecation] ReadOnlyByteBuf in io.netty.buffer has been deprecated
[WARNING] /code/buffer/src/main/java/io/netty/buffer/UnpooledHeapByteBuf.java:[103,21] [deprecation] order() in ByteBuf has been deprecated
[WARNING] /code/buffer/src/main/java/io/netty/buffer/UnpooledUnsafeNoCleanerDirectByteBuf.java:[29,25] [deprecation] allocateDirect(int) in UnpooledDirectByteBuf has been deprecated
[WARNING] /code/buffer/src/main/java/io/netty/buffer/UnpooledUnsafeNoCleanerDirectByteBuf.java:[38,19] [deprecation] freeDirect(ByteBuffer) in UnpooledDirectByteBuf has been deprecated
[WARNING] /code/buffer/src/main/java/io/netty/buffer/UnpooledByteBufAllocator.java:[225,29] [deprecation] allocateDirect(int) in UnpooledDirectByteBuf has been deprecated
[WARNING] /code/buffer/src/main/java/io/netty/buffer/UnpooledByteBufAllocator.java:[230,23] [deprecation] freeDirect(ByteBuffer) in UnpooledDirectByteBuf has been deprecated
[WARNING] /code/buffer/src/main/java/io/netty/buffer/UnpooledByteBufAllocator.java:[254,29] [deprecation] allocateDirect(int) in UnpooledDirectByteBuf has been deprecated
[WARNING] /code/buffer/src/main/java/io/netty/buffer/UnpooledByteBufAllocator.java:[259,23] [deprecation] freeDirect(ByteBuffer) in UnpooledDirectByteBuf has been deprecated
[WARNING] /code/buffer/src/main/java/io/netty/buffer/UnreleasableByteBuf.java:[28,12] [deprecation] SwappedByteBuf in io.netty.buffer has been deprecated
[WARNING] /code/buffer/src/main/java/io/netty/buffer/UnreleasableByteBuf.java:[40,8] [deprecation] SwappedByteBuf in io.netty.buffer has been deprecated
[WARNING] /code/buffer/src/main/java/io/netty/buffer/UnreleasableByteBuf.java:[42,47] [deprecation] SwappedByteBuf in io.netty.buffer has been deprecated
[WARNING] /code/buffer/src/main/java/io/netty/buffer/WrappedUnpooledUnsafeDirectByteBuf.java:[29,19] [deprecation] freeDirect(ByteBuffer) in UnpooledDirectByteBuf has been deprecated
[INFO] 
[INFO] --- forbiddenapis:2.2:check (check-forbidden-apis) @ netty-buffer ---
[WARNING]  Parameter 'internalRuntimeForbidden' is deprecated: Use <a href="bundled-signatures.html">bundled signatures</a> {@code "jdk-non-portable"} or {@code "jdk-internal"} instead.
[INFO] Skipping forbidden-apis checks.
[INFO] 
[INFO] --- bundle:5.1.8:manifest (generate-manifest) @ netty-buffer ---
[INFO] No MANIFEST.MF file found, generating manifest.
[INFO] Writing manifest: /code/buffer/target/classes/META-INF/MANIFEST.MF
[INFO] 
[INFO] --- module-info:2.2:generate (module-info) @ netty-buffer ---
[INFO] Using source file: /code/buffer/src/main/java/module-info.yml
[INFO] Using module name "io.netty.buffer"
[INFO] Using module version "4.2.18.Final-SNAPSHOT"
[INFO] Automatically adding export for package "io.netty.buffer"
[INFO] Automatically adding export for package "io.netty.buffer.search"
[INFO] Automatically adding mandatory "java.base" dependency
[INFO] Wrote module descriptor "/code/buffer/target/classes/META-INF/versions/11/module-info.class"
[INFO] 
[INFO] --- resources:3.0.1:testResources (default-testResources) @ netty-buffer ---
[INFO] Using 'UTF-8' encoding to copy filtered resources.
[INFO] Copying 1 resource
[INFO] Copying 0 resource
[INFO] 
[INFO] --- compiler:3.14.0:testCompile (default-testCompile) @ netty-buffer ---
[WARNING]  Parameter 'compilerVersion' (user property 'maven.compiler.compilerVersion') is deprecated: This parameter is no longer evaluated by the underlying compilers, instead the actual version of the javac binary is automatically retrieved.
[WARNING]  Parameter 'optimize' (user property 'maven.compiler.optimize') is deprecated: This property is a no-op in javac.
[INFO] Recompiling the module because of changed dependency.
[INFO] Compiling 66 source files with javac [forked debug deprecation release 8] to target/test-classes
[WARNING] /code/buffer/src/test/java/io/netty/buffer/AbstractByteBufTest.java:[1893,31] [deprecation] order() in ByteBuf has been deprecated
[WARNING] /code/buffer/src/test/java/io/netty/buffer/AbstractByteBufTest.java:[1893,52] [deprecation] order() in ByteBuf has been deprecated
[WARNING] /code/buffer/src/test/java/io/netty/buffer/AbstractByteBufTest.java:[2061,25] [deprecation] order() in ByteBuf has been deprecated
[WARNING] /code/buffer/src/test/java/io/netty/buffer/AbstractByteBufTest.java:[2061,39] [deprecation] order() in ByteBuf has been deprecated
[WARNING] /code/buffer/src/test/java/io/netty/buffer/AbstractByteBufTest.java:[2087,25] [deprecation] order() in ByteBuf has been deprecated
[WARNING] /code/buffer/src/test/java/io/netty/buffer/AbstractByteBufTest.java:[2087,44] [deprecation] order() in ByteBuf has been deprecated
[WARNING] /code/buffer/src/test/java/io/netty/buffer/AbstractByteBufTest.java:[2100,27] [deprecation] order() in ByteBuf has been deprecated
[WARNING] /code/buffer/src/test/java/io/netty/buffer/AbstractByteBufTest.java:[2100,71] [deprecation] order() in ByteBuf has been deprecated
[WARNING] /code/buffer/src/test/java/io/netty/buffer/AbstractByteBufTest.java:[2101,27] [deprecation] order() in ByteBuf has been deprecated
[WARNING] /code/buffer/src/test/java/io/netty/buffer/AbstractByteBufTest.java:[2101,75] [deprecation] order() in ByteBuf has been deprecated
[WARNING] /code/buffer/src/test/java/io/netty/buffer/AbstractByteBufTest.java:[2102,27] [deprecation] order() in ByteBuf has been deprecated
[WARNING] /code/buffer/src/test/java/io/netty/buffer/AbstractByteBufTest.java:[2102,75] [deprecation] order() in ByteBuf has been deprecated
[WARNING] /code/buffer/src/test/java/io/netty/buffer/AbstractByteBufTest.java:[2103,27] [deprecation] order() in ByteBuf has been deprecated
[WARNING] /code/buffer/src/test/java/io/netty/buffer/AbstractByteBufTest.java:[2103,75] [deprecation] order() in ByteBuf has been deprecated
[WARNING] /code/buffer/src/test/java/io/netty/buffer/AbstractByteBufTest.java:[2212,49] [deprecation] order(ByteOrder) in ByteBuf has been deprecated
[WARNING] /code/buffer/src/test/java/io/netty/buffer/AbstractByteBufTest.java:[2216,54] [deprecation] order(ByteOrder) in ByteBuf has been deprecated
[WARNING] /code/buffer/src/test/java/io/netty/buffer/AbstractByteBufTest.java:[2242,61] [deprecation] order(ByteOrder) in ByteBuf has been deprecated
[WARNING] /code/buffer/src/test/java/io/netty/buffer/AbstractByteBufTest.java:[2246,56] [deprecation] order(ByteOrder) in ByteBuf has been deprecated
[WARNING] /code/buffer/src/test/java/io/netty/buffer/AbstractByteBufTest.java:[2249,56] [deprecation] order(ByteOrder) in ByteBuf has been deprecated
[WARNING] /code/buffer/src/test/java/io/netty/buffer/AbstractByteBufTest.java:[2253,63] [deprecation] order(ByteOrder) in ByteBuf has been deprecated
[WARNING] /code/buffer/src/test/java/io/netty/buffer/AbstractByteBufTest.java:[2255,69] [deprecation] order(ByteOrder) in ByteBuf has been deprecated
[WARNING] /code/buffer/src/test/java/io/netty/buffer/AbstractByteBufTest.java:[2262,63] [deprecation] order(ByteOrder) in ByteBuf has been deprecated
[WARNING] /code/buffer/src/test/java/io/netty/buffer/AbstractByteBufTest.java:[2271,61] [deprecation] order(ByteOrder) in ByteBuf has been deprecated
[WARNING] /code/buffer/src/test/java/io/netty/buffer/AbstractByteBufTest.java:[2272,69] [deprecation] order(ByteOrder) in ByteBuf has been deprecated
[WARNING] /code/buffer/src/test/java/io/netty/buffer/AbstractByteBufTest.java:[2273,61] [deprecation] order(ByteOrder) in ByteBuf has been deprecated
[WARNING] /code/buffer/src/test/java/io/netty/buffer/AbstractByteBufTest.java:[2274,69] [deprecation] order(ByteOrder) in ByteBuf has been deprecated
[WARNING] /code/buffer/src/test/java/io/netty/buffer/AbstractByteBufTest.java:[2568,27] [deprecation] order() in ByteBuf has been deprecated
[WARNING] /code/buffer/src/test/java/io/netty/buffer/AbstractByteBufTest.java:[3158,37] [deprecation] order(ByteOrder) in ByteBuf has been deprecated
[WARNING] /code/buffer/src/test/java/io/netty/buffer/AbstractCompositeByteBufTest.java:[108,23] [deprecation] order(ByteOrder) in ByteBuf has been deprecated
[WARNING] /code/buffer/src/test/java/io/netty/buffer/AbstractCompositeByteBufTest.java:[202,71] [deprecation] order(ByteOrder) in ByteBuf has been deprecated
[WARNING] /code/buffer/src/test/java/io/netty/buffer/AbstractCompositeByteBufTest.java:[204,81] [deprecation] order(ByteOrder) in ByteBuf has been deprecated
[WARNING] /code/buffer/src/test/java/io/netty/buffer/AbstractCompositeByteBufTest.java:[205,81] [deprecation] order(ByteOrder) in ByteBuf has been deprecated
[WARNING] /code/buffer/src/test/java/io/netty/buffer/AbstractCompositeByteBufTest.java:[319,35] [deprecation] order(ByteOrder) in ByteBuf has been deprecated
[WARNING] /code/buffer/src/test/java/io/netty/buffer/AbstractCompositeByteBufTest.java:[320,37] [deprecation] order(ByteOrder) in ByteBuf has been deprecated
[WARNING] /code/buffer/src/test/java/io/netty/buffer/AbstractCompositeByteBufTest.java:[341,43] [deprecation] order(ByteOrder) in ByteBuf has been deprecated
[WARNING] /code/buffer/src/test/java/io/netty/buffer/AbstractCompositeByteBufTest.java:[343,47] [deprecation] order(ByteOrder) in ByteBuf has been deprecated
[WARNING] /code/buffer/src/test/java/io/netty/buffer/AbstractCompositeByteBufTest.java:[344,47] [deprecation] order(ByteOrder) in ByteBuf has been deprecated
[WARNING] /code/buffer/src/test/java/io/netty/buffer/AbstractCompositeByteBufTest.java:[351,49] [deprecation] order(ByteOrder) in ByteBuf has been deprecated
[WARNING] /code/buffer/src/test/java/io/netty/buffer/AbstractCompositeByteBufTest.java:[353,44] [deprecation] order(ByteOrder) in ByteBuf has been deprecated
[WARNING] /code/buffer/src/test/java/io/netty/buffer/AbstractCompositeByteBufTest.java:[354,44] [deprecation] order(ByteOrder) in ByteBuf has been deprecated
[WARNING] /code/buffer/src/test/java/io/netty/buffer/AbstractCompositeByteBufTest.java:[355,44] [deprecation] order(ByteOrder) in ByteBuf has been deprecated
[WARNING] /code/buffer/src/test/java/io/netty/buffer/AbstractCompositeByteBufTest.java:[362,49] [deprecation] order(ByteOrder) in ByteBuf has been deprecated
[WARNING] /code/buffer/src/test/java/io/netty/buffer/AbstractCompositeByteBufTest.java:[364,65] [deprecation] order(ByteOrder) in ByteBuf has been deprecated
[WARNING] /code/buffer/src/test/java/io/netty/buffer/AbstractCompositeByteBufTest.java:[365,65] [deprecation] order(ByteOrder) in ByteBuf has been deprecated
[WARNING] /code/buffer/src/test/java/io/netty/buffer/AbstractCompositeByteBufTest.java:[372,49] [deprecation] order(ByteOrder) in ByteBuf has been deprecated
[WARNING] /code/buffer/src/test/java/io/netty/buffer/AbstractCompositeByteBufTest.java:[374,50] [deprecation] order(ByteOrder) in ByteBuf has been deprecated
[WARNING] /code/buffer/src/test/java/io/netty/buffer/AbstractCompositeByteBufTest.java:[375,47] [deprecation] order(ByteOrder) in ByteBuf has been deprecated
[WARNING] /code/buffer/src/test/java/io/netty/buffer/AbstractCompositeByteBufTest.java:[382,49] [deprecation] order(ByteOrder) in ByteBuf has been deprecated
[WARNING] /code/buffer/src/test/java/io/netty/buffer/AbstractCompositeByteBufTest.java:[384,65] [deprecation] order(ByteOrder) in ByteBuf has been deprecated
[WARNING] /code/buffer/src/test/java/io/netty/buffer/AbstractCompositeByteBufTest.java:[385,65] [deprecation] order(ByteOrder) in ByteBuf has been deprecated
[WARNING] /code/buffer/src/test/java/io/netty/buffer/AbstractCompositeByteBufTest.java:[392,71] [deprecation] order(ByteOrder) in ByteBuf has been deprecated
[WARNING] /code/buffer/src/test/java/io/netty/buffer/AbstractCompositeByteBufTest.java:[394,53] [deprecation] order(ByteOrder) in ByteBuf has been deprecated
[WARNING] /code/buffer/src/test/java/io/netty/buffer/AbstractCompositeByteBufTest.java:[395,53] [deprecation] order(ByteOrder) in ByteBuf has been deprecated
[WARNING] /code/buffer/src/test/java/io/netty/buffer/AbstractCompositeByteBufTest.java:[396,57] [deprecation] order(ByteOrder) in ByteBuf has been deprecated
[WARNING] /code/buffer/src/test/java/io/netty/buffer/AbstractCompositeByteBufTest.java:[403,71] [deprecation] order(ByteOrder) in ByteBuf has been deprecated
[WARNING] /code/buffer/src/test/java/io/netty/buffer/AbstractCompositeByteBufTest.java:[405,87] [deprecation] order(ByteOrder) in ByteBuf has been deprecated
[WARNING] /code/buffer/src/test/java/io/netty/buffer/AbstractCompositeByteBufTest.java:[406,87] [deprecation] order(ByteOrder) in ByteBuf has been deprecated
[WARNING] /code/buffer/src/test/java/io/netty/buffer/AbstractCompositeByteBufTest.java:[413,71] [deprecation] order(ByteOrder) in ByteBuf has been deprecated
[WARNING] /code/buffer/src/test/java/io/netty/buffer/AbstractCompositeByteBufTest.java:[415,59] [deprecation] order(ByteOrder) in ByteBuf has been deprecated
[WARNING] /code/buffer/src/test/java/io/netty/buffer/AbstractCompositeByteBufTest.java:[416,60] [deprecation] order(ByteOrder) in ByteBuf has been deprecated
[WARNING] /code/buffer/src/test/java/io/netty/buffer/AbstractCompositeByteBufTest.java:[423,71] [deprecation] order(ByteOrder) in ByteBuf has been deprecated
[WARNING] /code/buffer/src/test/java/io/netty/buffer/AbstractCompositeByteBufTest.java:[425,88] [deprecation] order(ByteOrder) in ByteBuf has been deprecated
[WARNING] /code/buffer/src/test/java/io/netty/buffer/AbstractCompositeByteBufTest.java:[426,88] [deprecation] order(ByteOrder) in ByteBuf has been deprecated
[WARNING] /code/buffer/src/test/java/io/netty/buffer/AbstractCompositeByteBufTest.java:[440,63] [deprecation] order(ByteOrder) in ByteBuf has been deprecated
[WARNING] /code/buffer/src/test/java/io/netty/buffer/AbstractCompositeByteBufTest.java:[441,88] [deprecation] order(ByteOrder) in ByteBuf has been deprecated
[WARNING] /code/buffer/src/test/java/io/netty/buffer/AbstractCompositeByteBufTest.java:[447,63] [deprecation] order(ByteOrder) in ByteBuf has been deprecated
[WARNING] /code/buffer/src/test/java/io/netty/buffer/AbstractCompositeByteBufTest.java:[451,33] [deprecation] order(ByteOrder) in ByteBuf has been deprecated
[WARNING] /code/buffer/src/test/java/io/netty/buffer/AbstractCompositeByteBufTest.java:[457,63] [deprecation] order(ByteOrder) in ByteBuf has been deprecated
[WARNING] /code/buffer/src/test/java/io/netty/buffer/AbstractCompositeByteBufTest.java:[459,53] [deprecation] order(ByteOrder) in ByteBuf has been deprecated
[WARNING] /code/buffer/src/test/java/io/netty/buffer/AbstractCompositeByteBufTest.java:[466,63] [deprecation] order(ByteOrder) in ByteBuf has been deprecated
[WARNING] /code/buffer/src/test/java/io/netty/buffer/AbstractCompositeByteBufTest.java:[468,47] [deprecation] order(ByteOrder) in ByteBuf has been deprecated
[WARNING] /code/buffer/src/test/java/io/netty/buffer/AbstractCompositeByteBufTest.java:[469,47] [deprecation] order(ByteOrder) in ByteBuf has been deprecated
[WARNING] /code/buffer/src/test/java/io/netty/buffer/AbstractCompositeByteBufTest.java:[470,47] [deprecation] order(ByteOrder) in ByteBuf has been deprecated
[WARNING] /code/buffer/src/test/java/io/netty/buffer/AbstractCompositeByteBufTest.java:[476,64] [deprecation] order(ByteOrder) in ByteBuf has been deprecated
[WARNING] /code/buffer/src/test/java/io/netty/buffer/AbstractCompositeByteBufTest.java:[485,63] [deprecation] order(ByteOrder) in ByteBuf has been deprecated
[WARNING] /code/buffer/src/test/java/io/netty/buffer/AbstractCompositeByteBufTest.java:[501,44] [deprecation] order(ByteOrder) in ByteBuf has been deprecated
[WARNING] /code/buffer/src/test/java/io/netty/buffer/AbstractCompositeByteBufTest.java:[502,71] [deprecation] order(ByteOrder) in ByteBuf has been deprecated
[WARNING] /code/buffer/src/test/java/io/netty/buffer/AbstractCompositeByteBufTest.java:[503,43] [deprecation] order(ByteOrder) in ByteBuf has been deprecated
[WARNING] /code/buffer/src/test/java/io/netty/buffer/AbstractCompositeByteBufTest.java:[515,49] [deprecation] order(ByteOrder) in ByteBuf has been deprecated
[WARNING] /code/buffer/src/test/java/io/netty/buffer/AbstractCompositeByteBufTest.java:[516,71] [deprecation] order(ByteOrder) in ByteBuf has been deprecated
[WARNING] /code/buffer/src/test/java/io/netty/buffer/AbstractCompositeByteBufTest.java:[517,43] [deprecation] order(ByteOrder) in ByteBuf has been deprecated
[WARNING] /code/buffer/src/test/java/io/netty/buffer/AbstractCompositeByteBufTest.java:[523,43] [deprecation] order(ByteOrder) in ByteBuf has been deprecated
[WARNING] /code/buffer/src/test/java/io/netty/buffer/AbstractCompositeByteBufTest.java:[533,49] [deprecation] order(ByteOrder) in ByteBuf has been deprecated
[WARNING] /code/buffer/src/test/java/io/netty/buffer/AbstractCompositeByteBufTest.java:[534,76] [deprecation] order(ByteOrder) in ByteBuf has been deprecated
[WARNING] /code/buffer/src/test/java/io/netty/buffer/AbstractCompositeByteBufTest.java:[535,61] [deprecation] order(ByteOrder) in ByteBuf has been deprecated
[WARNING] /code/buffer/src/test/java/io/netty/buffer/AbstractCompositeByteBufTest.java:[546,49] [deprecation] order(ByteOrder) in ByteBuf has been deprecated
[WARNING] /code/buffer/src/test/java/io/netty/buffer/AbstractCompositeByteBufTest.java:[547,74] [deprecation] order(ByteOrder) in ByteBuf has been deprecated
[WARNING] /code/buffer/src/test/java/io/netty/buffer/AbstractCompositeByteBufTest.java:[548,43] [deprecation] order(ByteOrder) in ByteBuf has been deprecated
[WARNING] /code/buffer/src/test/java/io/netty/buffer/AbstractCompositeByteBufTest.java:[559,49] [deprecation] order(ByteOrder) in ByteBuf has been deprecated
[WARNING] /code/buffer/src/test/java/io/netty/buffer/AbstractCompositeByteBufTest.java:[560,76] [deprecation] order(ByteOrder) in ByteBuf has been deprecated
[WARNING] /code/buffer/src/test/java/io/netty/buffer/AbstractCompositeByteBufTest.java:[561,61] [deprecation] order(ByteOrder) in ByteBuf has been deprecated
[WARNING] /code/buffer/src/test/java/io/netty/buffer/AbstractCompositeByteBufTest.java:[572,71] [deprecation] order(ByteOrder) in ByteBuf has been deprecated
[WARNING] /code/buffer/src/test/java/io/netty/buffer/AbstractCompositeByteBufTest.java:[573,77] [deprecation] order(ByteOrder) in ByteBuf has been deprecated
[WARNING] /code/buffer/src/test/java/io/netty/buffer/AbstractCompositeByteBufTest.java:[574,49] [deprecation] order(ByteOrder) in ByteBuf has been deprecated
[WARNING] /code/buffer/src/test/java/io/netty/buffer/AbstractCompositeByteBufTest.java:[580,53] [deprecation] order(ByteOrder) in ByteBuf has been deprecated
[WARNING] /code/buffer/src/test/java/io/netty/buffer/AbstractCompositeByteBufTest.java:[589,71] [deprecation] order(ByteOrder) in ByteBuf has been deprecated
[WARNING] /code/buffer/src/test/java/io/netty/buffer/AbstractCompositeByteBufTest.java:[591,89] [deprecation] order(ByteOrder) in ByteBuf has been deprecated
[WARNING] /code/buffer/src/test/java/io/netty/buffer/AbstractCompositeByteBufTest.java:[592,83] [deprecation] order(ByteOrder) in ByteBuf has been deprecated
[WARNING] /code/buffer/src/test/java/io/netty/buffer/AbstractCompositeByteBufTest.java:[603,71] [deprecation] order(ByteOrder) in ByteBuf has been deprecated
[WARNING] /code/buffer/src/test/java/io/netty/buffer/AbstractCompositeByteBufTest.java:[604,83] [deprecation] order(ByteOrder) in ByteBuf has been deprecated
[INFO] 
[INFO] --- forbiddenapis:2.2:testCheck (check-forbidden-test-apis) @ netty-buffer ---
[WARNING]  Parameter 'internalRuntimeForbidden' is deprecated: Use <a href="bundled-signatures.html">bundled signatures</a> {@code "jdk-non-portable"} or {@code "jdk-internal"} instead.
[INFO] Skipping forbidden-apis checks.
[INFO] 
[INFO] --- surefire:3.5.6:test (default-test) @ netty-buffer ---
[INFO] Tests are skipped.
[INFO] 
[INFO] --- source:3.2.0:jar-no-fork (attach-sources) @ netty-buffer ---
[INFO] Building jar: /code/buffer/target/netty-buffer-4.2.18.Final-SNAPSHOT-sources.jar
[INFO] 
[INFO] --- source:3.2.0:test-jar-no-fork (attach-test-sources) @ netty-buffer ---
[INFO] Building jar: /code/buffer/target/netty-buffer-4.2.18.Final-SNAPSHOT-test-sources.jar
[INFO] 
[INFO] --- jar:3.0.2:jar (default-jar) @ netty-buffer ---
[INFO] Building jar: /code/buffer/target/netty-buffer-4.2.18.Final-SNAPSHOT.jar
[INFO] 
[INFO] --- jar:3.0.2:test-jar (default) @ netty-buffer ---
[INFO] Building jar: /code/buffer/target/netty-buffer-4.2.18.Final-SNAPSHOT-tests.jar
[INFO] 
[INFO] --- revapi:0.15.0:check (api-check) @ netty-buffer ---
[INFO] Skipping execution
[INFO] 
[INFO] --- install:3.1.2:install (default-install) @ netty-buffer ---
[INFO] Installing /code/buffer/pom.xml to /root/.m2/repository/io/netty/netty-buffer/4.2.18.Final-SNAPSHOT/netty-buffer-4.2.18.Final-SNAPSHOT.pom
[INFO] Installing /code/buffer/target/netty-buffer-4.2.18.Final-SNAPSHOT.jar to /root/.m2/repository/io/netty/netty-buffer/4.2.18.Final-SNAPSHOT/netty-buffer-4.2.18.Final-SNAPSHOT.jar
[INFO] Installing /code/buffer/target/netty-buffer-4.2.18.Final-SNAPSHOT-sources.jar to /root/.m2/repository/io/netty/netty-buffer/4.2.18.Final-SNAPSHOT/netty-buffer-4.2.18.Final-SNAPSHOT-sources.jar
[INFO] Installing /code/buffer/target/netty-buffer-4.2.18.Final-SNAPSHOT-test-sources.jar to /root/.m2/repository/io/netty/netty-buffer/4.2.18.Final-SNAPSHOT/netty-buffer-4.2.18.Final-SNAPSHOT-test-sources.jar
[INFO] Installing /code/buffer/target/netty-buffer-4.2.18.Final-SNAPSHOT-tests.jar to /root/.m2/repository/io/netty/netty-buffer/4.2.18.Final-SNAPSHOT/netty-buffer-4.2.18.Final-SNAPSHOT-tests.jar
[INFO] 
[INFO] ----------------------< io.netty:netty-resolver >-----------------------
[INFO] Building Netty/Resolver 4.2.18.Final-SNAPSHOT                     [8/31]
[INFO]   from resolver/pom.xml
[INFO] --------------------------------[ jar ]---------------------------------
[INFO] 
[INFO] --- enforcer:3.0.0:enforce (enforce-maven) @ netty-resolver ---
[INFO] 
[INFO] --- enforcer:3.0.0:enforce (enforce-tools) @ netty-resolver ---
[INFO] 
[INFO] --- checkstyle:3.1.0:check (check-style) @ netty-resolver ---
[INFO] 
[INFO] --- xml:1.0.1:check-format (check-style) @ netty-resolver ---
[INFO] 
[INFO] --- build-helper:1.10:parse-version (parse-version) @ netty-resolver ---
[INFO] 
[INFO] --- antrun:1.8:run (write-version-properties) @ netty-resolver ---
[INFO] Executing tasks

main:
     [exec] Result: 128
     [exec] Result: 128
     [echo] Current commit: 0 on 1970-01-01 00:00:00 +0000
    [mkdir] Created dir: /code/resolver/target/classes/META-INF
[propertyfile] Creating new property file: /code/resolver/target/classes/META-INF/io.netty.versions.properties
[INFO] Executed tasks
[INFO] 
[INFO] --- resources:3.0.1:resources (default-resources) @ netty-resolver ---
[INFO] Using 'UTF-8' encoding to copy filtered resources.
[INFO] skip non existing resourceDirectory /code/resolver/src/main/resources
[INFO] 
[INFO] --- compiler:3.14.0:compile (default-compile) @ netty-resolver ---
[WARNING]  Parameter 'compilerVersion' (user property 'maven.compiler.compilerVersion') is deprecated: This parameter is no longer evaluated by the underlying compilers, instead the actual version of the javac binary is automatically retrieved.
[WARNING]  Parameter 'optimize' (user property 'maven.compiler.optimize') is deprecated: This property is a no-op in javac.
[INFO] Recompiling the module because of changed dependency.
[INFO] Compiling 19 source files with javac [forked debug deprecation release 8] to target/classes
[INFO] 
[INFO] --- forbiddenapis:2.2:check (check-forbidden-apis) @ netty-resolver ---
[WARNING]  Parameter 'internalRuntimeForbidden' is deprecated: Use <a href="bundled-signatures.html">bundled signatures</a> {@code "jdk-non-portable"} or {@code "jdk-internal"} instead.
[INFO] Skipping forbidden-apis checks.
[INFO] 
[INFO] --- bundle:5.1.8:manifest (generate-manifest) @ netty-resolver ---
[INFO] No MANIFEST.MF file found, generating manifest.
[WARNING] Manifest io.netty:netty-resolver:jar:4.2.18.Final-SNAPSHOT : Unused Import-Package instructions: [sun.net.dns.*, sun.misc.*, sun.security.*] 
[INFO] Writing manifest: /code/resolver/target/classes/META-INF/MANIFEST.MF
[INFO] 
[INFO] --- module-info:2.2:generate (module-info) @ netty-resolver ---
[INFO] Using source file: /code/resolver/src/main/java/module-info.yml
[INFO] Using module name "io.netty.resolver"
[INFO] Using module version "4.2.18.Final-SNAPSHOT"
[INFO] Automatically adding export for package "io.netty.resolver"
[INFO] Automatically adding mandatory "java.base" dependency
[INFO] Wrote module descriptor "/code/resolver/target/classes/META-INF/versions/11/module-info.class"
[INFO] 
[INFO] --- resources:3.0.1:testResources (default-testResources) @ netty-resolver ---
[INFO] Using 'UTF-8' encoding to copy filtered resources.
[INFO] Copying 1 resource
[INFO] Copying 0 resource
[INFO] 
[INFO] --- compiler:3.14.0:testCompile (default-testCompile) @ netty-resolver ---
[WARNING]  Parameter 'compilerVersion' (user property 'maven.compiler.compilerVersion') is deprecated: This parameter is no longer evaluated by the underlying compilers, instead the actual version of the javac binary is automatically retrieved.
[WARNING]  Parameter 'optimize' (user property 'maven.compiler.optimize') is deprecated: This property is a no-op in javac.
[INFO] Recompiling the module because of changed dependency.
[INFO] Compiling 4 source files with javac [forked debug deprecation release 8] to target/test-classes
[INFO] 
[INFO] --- forbiddenapis:2.2:testCheck (check-forbidden-test-apis) @ netty-resolver ---
[WARNING]  Parameter 'internalRuntimeForbidden' is deprecated: Use <a href="bundled-signatures.html">bundled signatures</a> {@code "jdk-non-portable"} or {@code "jdk-internal"} instead.
[INFO] Skipping forbidden-apis checks.
[INFO] 
[INFO] --- surefire:3.5.6:test (default-test) @ netty-resolver ---
[INFO] Tests are skipped.
[INFO] 
[INFO] --- source:3.2.0:jar-no-fork (attach-sources) @ netty-resolver ---
[INFO] Building jar: /code/resolver/target/netty-resolver-4.2.18.Final-SNAPSHOT-sources.jar
[INFO] 
[INFO] --- source:3.2.0:test-jar-no-fork (attach-test-sources) @ netty-resolver ---
[INFO] Building jar: /code/resolver/target/netty-resolver-4.2.18.Final-SNAPSHOT-test-sources.jar
[INFO] 
[INFO] --- jar:3.0.2:jar (default-jar) @ netty-resolver ---
[INFO] Building jar: /code/resolver/target/netty-resolver-4.2.18.Final-SNAPSHOT.jar
[INFO] 
[INFO] --- jar:3.0.2:test-jar (default) @ netty-resolver ---
[INFO] Building jar: /code/resolver/target/netty-resolver-4.2.18.Final-SNAPSHOT-tests.jar
[INFO] 
[INFO] --- revapi:0.15.0:check (api-check) @ netty-resolver ---
[INFO] Skipping execution
[INFO] 
[INFO] --- install:3.1.2:install (default-install) @ netty-resolver ---
[INFO] Installing /code/resolver/pom.xml to /root/.m2/repository/io/netty/netty-resolver/4.2.18.Final-SNAPSHOT/netty-resolver-4.2.18.Final-SNAPSHOT.pom
[INFO] Installing /code/resolver/target/netty-resolver-4.2.18.Final-SNAPSHOT.jar to /root/.m2/repository/io/netty/netty-resolver/4.2.18.Final-SNAPSHOT/netty-resolver-4.2.18.Final-SNAPSHOT.jar
[INFO] Installing /code/resolver/target/netty-resolver-4.2.18.Final-SNAPSHOT-sources.jar to /root/.m2/repository/io/netty/netty-resolver/4.2.18.Final-SNAPSHOT/netty-resolver-4.2.18.Final-SNAPSHOT-sources.jar
[INFO] Installing /code/resolver/target/netty-resolver-4.2.18.Final-SNAPSHOT-test-sources.jar to /root/.m2/repository/io/netty/netty-resolver/4.2.18.Final-SNAPSHOT/netty-resolver-4.2.18.Final-SNAPSHOT-test-sources.jar
[INFO] Installing /code/resolver/target/netty-resolver-4.2.18.Final-SNAPSHOT-tests.jar to /root/.m2/repository/io/netty/netty-resolver/4.2.18.Final-SNAPSHOT/netty-resolver-4.2.18.Final-SNAPSHOT-tests.jar
[INFO] 
[INFO] ----------------------< io.netty:netty-transport >----------------------
[INFO] Building Netty/Transport 4.2.18.Final-SNAPSHOT                    [9/31]
[INFO]   from transport/pom.xml
[INFO] --------------------------------[ jar ]---------------------------------
[INFO] 
[INFO] --- enforcer:3.0.0:enforce (enforce-maven) @ netty-transport ---
[INFO] 
[INFO] --- enforcer:3.0.0:enforce (enforce-tools) @ netty-transport ---
[INFO] 
[INFO] --- checkstyle:3.1.0:check (check-style) @ netty-transport ---
[INFO] 
[INFO] --- xml:1.0.1:check-format (check-style) @ netty-transport ---
[INFO] 
[INFO] --- build-helper:1.10:parse-version (parse-version) @ netty-transport ---
[INFO] 
[INFO] --- antrun:1.8:run (write-version-properties) @ netty-transport ---
[INFO] Executing tasks

main:
     [exec] Result: 128
     [exec] Result: 128
     [echo] Current commit: 0 on 1970-01-01 00:00:00 +0000
    [mkdir] Created dir: /code/transport/target/classes/META-INF
[propertyfile] Creating new property file: /code/transport/target/classes/META-INF/io.netty.versions.properties
[INFO] Executed tasks
[INFO] 
[INFO] --- resources:3.0.1:resources (default-resources) @ netty-transport ---
[INFO] Using 'UTF-8' encoding to copy filtered resources.
[INFO] Copying 2 resources
[INFO] 
[INFO] --- compiler:3.14.0:compile (default-compile) @ netty-transport ---
[WARNING]  Parameter 'compilerVersion' (user property 'maven.compiler.compilerVersion') is deprecated: This parameter is no longer evaluated by the underlying compilers, instead the actual version of the javac binary is automatically retrieved.
[WARNING]  Parameter 'optimize' (user property 'maven.compiler.optimize') is deprecated: This property is a no-op in javac.
[INFO] Recompiling the module because of changed dependency.
[INFO] Compiling 196 source files with javac [forked debug deprecation release 8] to target/classes
[WARNING] /code/transport/src/main/java/io/netty/channel/ChannelPromiseAggregator.java:[19,31] [deprecation] PromiseAggregator in io.netty.util.concurrent has been deprecated
[WARNING] /code/transport/src/main/java/io/netty/channel/nio/NioEventLoop.java:[19,23] [deprecation] EventLoopTaskQueueFactory in io.netty.channel has been deprecated
[WARNING] /code/transport/src/main/java/io/netty/channel/nio/NioEventLoopGroup.java:[20,23] [deprecation] EventLoopTaskQueueFactory in io.netty.channel has been deprecated
[WARNING] /code/transport/src/main/java/io/netty/channel/oio/AbstractOioChannel.java:[22,23] [deprecation] ThreadPerChannelEventLoop in io.netty.channel has been deprecated
[WARNING] /code/transport/src/main/java/io/netty/channel/oio/OioEventLoopGroup.java:[24,23] [deprecation] ThreadPerChannelEventLoopGroup in io.netty.channel has been deprecated
[WARNING] /code/transport/src/main/java/io/netty/channel/socket/nio/NioDatagramChannel.java:[32,30] [deprecation] InternetProtocolFamily in io.netty.channel.socket has been deprecated
[WARNING] /code/transport/src/main/java/io/netty/channel/socket/nio/NioServerSocketChannel.java:[24,30] [deprecation] InternetProtocolFamily in io.netty.channel.socket has been deprecated
[WARNING] /code/transport/src/main/java/io/netty/channel/socket/nio/NioSocketChannel.java:[32,30] [deprecation] InternetProtocolFamily in io.netty.channel.socket has been deprecated
[WARNING] /code/transport/src/main/java/io/netty/channel/socket/oio/OioServerSocketChannel.java:[21,27] [deprecation] AbstractOioMessageChannel in io.netty.channel.oio has been deprecated
[WARNING] /code/transport/src/main/java/io/netty/channel/socket/oio/OioSocketChannel.java:[26,27] [deprecation] OioByteStreamChannel in io.netty.channel.oio has been deprecated
[WARNING] /code/transport/src/main/java/io/netty/channel/socket/oio/OioDatagramChannel.java:[29,27] [deprecation] AbstractOioMessageChannel in io.netty.channel.oio has been deprecated
[WARNING] /code/transport/src/main/java/io/netty/channel/Channel.java:[379,28] [deprecation] Handle in RecvByteBufAllocator has been deprecated
[WARNING] /code/transport/src/main/java/io/netty/channel/AbstractChannel.java:[291,36] [deprecation] Handle in RecvByteBufAllocator has been deprecated
[WARNING] /code/transport/src/main/java/io/netty/channel/AbstractChannel.java:[301,35] [deprecation] Handle in RecvByteBufAllocator has been deprecated
[WARNING] /code/transport/src/main/java/io/netty/channel/DefaultChannelPipeline.java:[323,33] [deprecation] addLast(EventExecutorGroup,ChannelHandler...) in ChannelPipeline has been deprecated
[WARNING] /code/transport/src/main/java/io/netty/channel/DefaultChannelPipeline.java:[292,33] [deprecation] addFirst(EventExecutorGroup,ChannelHandler...) in ChannelPipeline has been deprecated
[WARNING] /code/transport/src/main/java/io/netty/channel/DefaultChannelPipeline.java:[270,33] [deprecation] addAfter(EventExecutorGroup,String,String,ChannelHandler) in ChannelPipeline has been deprecated
[WARNING] /code/transport/src/main/java/io/netty/channel/DefaultChannelPipeline.java:[244,33] [deprecation] addBefore(EventExecutorGroup,String,String,ChannelHandler) in ChannelPipeline has been deprecated
[WARNING] /code/transport/src/main/java/io/netty/channel/DefaultChannelPipeline.java:[226,33] [deprecation] addLast(EventExecutorGroup,String,ChannelHandler) in ChannelPipeline has been deprecated
[WARNING] /code/transport/src/main/java/io/netty/channel/DefaultChannelPipeline.java:[208,33] [deprecation] addFirst(EventExecutorGroup,String,ChannelHandler) in ChannelPipeline has been deprecated
[WARNING] /code/transport/src/main/java/io/netty/channel/AbstractChannelHandlerContext.java:[1030,23] [deprecation] <T>hasAttr(AttributeKey<T>) in ChannelHandlerContext has been deprecated
  where T is a type-variable:
    T extends Object declared in method <T>hasAttr(AttributeKey<T>)
[WARNING] /code/transport/src/main/java/io/netty/channel/AbstractChannelHandlerContext.java:[1025,28] [deprecation] <T>attr(AttributeKey<T>) in ChannelHandlerContext has been deprecated
  where T is a type-variable:
    T extends Object declared in method <T>attr(AttributeKey<T>)
[WARNING] /code/transport/src/main/java/io/netty/channel/DefaultChannelPipeline.java:[1309,20] [deprecation] exceptionCaught(ChannelHandlerContext,Throwable) in ChannelHandler has been deprecated
[WARNING] /code/transport/src/main/java/io/netty/channel/DefaultChannelPipeline.java:[1395,20] [deprecation] exceptionCaught(ChannelHandlerContext,Throwable) in ChannelHandler has been deprecated
[WARNING] /code/transport/src/main/java/io/netty/channel/CombinedChannelDuplexHandler.java:[584,27] [deprecation] <T>hasAttr(AttributeKey<T>) in ChannelHandlerContext has been deprecated
  where T is a type-variable:
    T extends Object declared in method <T>hasAttr(AttributeKey<T>)
[WARNING] /code/transport/src/main/java/io/netty/channel/CombinedChannelDuplexHandler.java:[579,32] [deprecation] <T>attr(AttributeKey<T>) in ChannelHandlerContext has been deprecated
  where T is a type-variable:
    T extends Object declared in method <T>attr(AttributeKey<T>)
[WARNING] /code/transport/src/main/java/io/netty/channel/ManualIoEventLoop.java:[184,53] [deprecation] getCurrentTimeNanos() in AbstractScheduledEventExecutor has been deprecated
[WARNING] /code/transport/src/main/java/io/netty/channel/MultiThreadIoEventLoopGroup.java:[35,7] [deprecation] register(ChannelPromise) in IoEventLoopGroup has been deprecated
[WARNING] /code/transport/src/main/java/io/netty/channel/MultiThreadIoEventLoopGroup.java:[35,7] [deprecation] register(Channel) in IoEventLoopGroup has been deprecated
[WARNING] /code/transport/src/main/java/io/netty/channel/PendingWriteQueue.java:[164,32] [deprecation] add(Promise) in PromiseCombiner has been deprecated
[WARNING] /code/transport/src/main/java/io/netty/channel/ServerChannelRecvByteBufAllocator.java:[27,11] [deprecation] Handle in RecvByteBufAllocator has been deprecated
[WARNING] /code/transport/src/main/java/io/netty/channel/embedded/EmbeddedChannel.java:[1000,19] [deprecation] doRegister() in AbstractChannel has been deprecated
[WARNING] /code/transport/src/main/java/io/netty/channel/embedded/EmbeddedChannel.java:[1195,39] [deprecation] Handle in RecvByteBufAllocator has been deprecated
[WARNING] /code/transport/src/main/java/io/netty/channel/embedded/EmbeddedEventLoop.java:[95,19] [deprecation] getCurrentTimeNanos() in AbstractScheduledEventExecutor has been deprecated
[WARNING] /code/transport/src/main/java/io/netty/channel/group/DefaultChannelGroup.java:[350,30] [deprecation] deregister(ChannelMatcher) in ChannelGroup has been deprecated
[WARNING] /code/transport/src/main/java/io/netty/channel/group/DefaultChannelGroup.java:[230,30] [deprecation] deregister() in ChannelGroup has been deprecated
[WARNING] /code/transport/src/main/java/io/netty/channel/group/DefaultChannelGroup.java:[381,30] [deprecation] flushAndWrite(Object,ChannelMatcher) in ChannelGroup has been deprecated
[WARNING] /code/transport/src/main/java/io/netty/channel/group/DefaultChannelGroup.java:[288,30] [deprecation] flushAndWrite(Object) in ChannelGroup has been deprecated
[WARNING] /code/transport/src/main/java/io/netty/channel/local/LocalChannel.java:[293,28] [deprecation] Handle in RecvByteBufAllocator has been deprecated
[WARNING] /code/transport/src/main/java/io/netty/channel/local/LocalServerChannel.java:[181,28] [deprecation] Handle in RecvByteBufAllocator has been deprecated
[WARNING] /code/transport/src/main/java/io/netty/channel/nio/AbstractNioByteChannel.java:[117,36] [deprecation] Handle in RecvByteBufAllocator has been deprecated
[WARNING] /code/transport/src/main/java/io/netty/channel/nio/AbstractNioByteChannel.java:[153,38] [deprecation] Handle in RecvByteBufAllocator has been deprecated
[WARNING] /code/transport/src/main/java/io/netty/channel/nio/AbstractNioMessageChannel.java:[61,58] [deprecation] Handle in RecvByteBufAllocator has been deprecated
[WARNING] /code/transport/src/main/java/io/netty/channel/nio/AbstractNioMessageChannel.java:[74,38] [deprecation] Handle in RecvByteBufAllocator has been deprecated
[WARNING] /code/transport/src/main/java/io/netty/channel/socket/nio/NioDatagramChannel.java:[256,28] [deprecation] Handle in RecvByteBufAllocator has been deprecated
[WARNING] /code/transport/src/main/java/io/netty/channel/socket/nio/NioDatagramChannel.java:[619,58] [deprecation] Handle in RecvByteBufAllocator has been deprecated
[WARNING] /code/transport/src/main/java/io/netty/channel/socket/nio/NioDomainSocketChannel.java:[316,16] [deprecation] selectionKey() in AbstractNioChannel has been deprecated
[WARNING] /code/transport/src/main/java/io/netty/channel/socket/nio/NioDomainSocketChannel.java:[350,34] [deprecation] Handle in RecvByteBufAllocator has been deprecated
[WARNING] /code/transport/src/main/java/io/netty/channel/socket/nio/NioSocketChannel.java:[348,34] [deprecation] Handle in RecvByteBufAllocator has been deprecated
[WARNING] /code/transport/src/main/java/io/netty/channel/socket/oio/DefaultOioDatagramChannelConfig.java:[36,92] [deprecation] OioDatagramChannelConfig in io.netty.channel.socket.oio has been deprecated
[WARNING] /code/transport/src/main/java/io/netty/channel/socket/oio/DefaultOioDatagramChannelConfig.java:[70,11] [deprecation] OioDatagramChannelConfig in io.netty.channel.socket.oio has been deprecated
[WARNING] /code/transport/src/main/java/io/netty/channel/socket/oio/DefaultOioDatagramChannelConfig.java:[89,11] [deprecation] OioDatagramChannelConfig in io.netty.channel.socket.oio has been deprecated
[WARNING] /code/transport/src/main/java/io/netty/channel/socket/oio/DefaultOioDatagramChannelConfig.java:[95,11] [deprecation] OioDatagramChannelConfig in io.netty.channel.socket.oio has been deprecated
[WARNING] /code/transport/src/main/java/io/netty/channel/socket/oio/DefaultOioDatagramChannelConfig.java:[101,11] [deprecation] OioDatagramChannelConfig in io.netty.channel.socket.oio has been deprecated
[WARNING] /code/transport/src/main/java/io/netty/channel/socket/oio/DefaultOioDatagramChannelConfig.java:[107,11] [deprecation] OioDatagramChannelConfig in io.netty.channel.socket.oio has been deprecated
[WARNING] /code/transport/src/main/java/io/netty/channel/socket/oio/DefaultOioDatagramChannelConfig.java:[113,11] [deprecation] OioDatagramChannelConfig in io.netty.channel.socket.oio has been deprecated
[WARNING] /code/transport/src/main/java/io/netty/channel/socket/oio/DefaultOioDatagramChannelConfig.java:[119,11] [deprecation] OioDatagramChannelConfig in io.netty.channel.socket.oio has been deprecated
[WARNING] /code/transport/src/main/java/io/netty/channel/socket/oio/DefaultOioDatagramChannelConfig.java:[125,11] [deprecation] OioDatagramChannelConfig in io.netty.channel.socket.oio has been deprecated
[WARNING] /code/transport/src/main/java/io/netty/channel/socket/oio/DefaultOioDatagramChannelConfig.java:[131,11] [deprecation] OioDatagramChannelConfig in io.netty.channel.socket.oio has been deprecated
[WARNING] /code/transport/src/main/java/io/netty/channel/socket/oio/DefaultOioDatagramChannelConfig.java:[137,11] [deprecation] OioDatagramChannelConfig in io.netty.channel.socket.oio has been deprecated
[WARNING] /code/transport/src/main/java/io/netty/channel/socket/oio/DefaultOioDatagramChannelConfig.java:[143,11] [deprecation] OioDatagramChannelConfig in io.netty.channel.socket.oio has been deprecated
[WARNING] /code/transport/src/main/java/io/netty/channel/socket/oio/DefaultOioDatagramChannelConfig.java:[149,11] [deprecation] OioDatagramChannelConfig in io.netty.channel.socket.oio has been deprecated
[WARNING] /code/transport/src/main/java/io/netty/channel/socket/oio/DefaultOioDatagramChannelConfig.java:[155,11] [deprecation] OioDatagramChannelConfig in io.netty.channel.socket.oio has been deprecated
[WARNING] /code/transport/src/main/java/io/netty/channel/socket/oio/DefaultOioDatagramChannelConfig.java:[155,36] [deprecation] setMaxMessagesPerRead(int) in DefaultDatagramChannelConfig has been deprecated
[WARNING] /code/transport/src/main/java/io/netty/channel/socket/oio/DefaultOioDatagramChannelConfig.java:[156,13] [deprecation] setMaxMessagesPerRead(int) in DefaultDatagramChannelConfig has been deprecated
[WARNING] /code/transport/src/main/java/io/netty/channel/socket/oio/DefaultOioDatagramChannelConfig.java:[161,11] [deprecation] OioDatagramChannelConfig in io.netty.channel.socket.oio has been deprecated
[WARNING] /code/transport/src/main/java/io/netty/channel/socket/oio/DefaultOioDatagramChannelConfig.java:[167,11] [deprecation] OioDatagramChannelConfig in io.netty.channel.socket.oio has been deprecated
[WARNING] /code/transport/src/main/java/io/netty/channel/socket/oio/DefaultOioDatagramChannelConfig.java:[173,11] [deprecation] OioDatagramChannelConfig in io.netty.channel.socket.oio has been deprecated
[WARNING] /code/transport/src/main/java/io/netty/channel/socket/oio/DefaultOioDatagramChannelConfig.java:[179,11] [deprecation] OioDatagramChannelConfig in io.netty.channel.socket.oio has been deprecated
[WARNING] /code/transport/src/main/java/io/netty/channel/socket/oio/DefaultOioDatagramChannelConfig.java:[185,11] [deprecation] OioDatagramChannelConfig in io.netty.channel.socket.oio has been deprecated
[WARNING] /code/transport/src/main/java/io/netty/channel/socket/oio/DefaultOioDatagramChannelConfig.java:[191,11] [deprecation] OioDatagramChannelConfig in io.netty.channel.socket.oio has been deprecated
[WARNING] /code/transport/src/main/java/io/netty/channel/socket/oio/DefaultOioDatagramChannelConfig.java:[197,11] [deprecation] OioDatagramChannelConfig in io.netty.channel.socket.oio has been deprecated
[WARNING] /code/transport/src/main/java/io/netty/channel/socket/oio/DefaultOioDatagramChannelConfig.java:[203,11] [deprecation] OioDatagramChannelConfig in io.netty.channel.socket.oio has been deprecated
[INFO] 
[INFO] --- forbiddenapis:2.2:check (check-forbidden-apis) @ netty-transport ---
[WARNING]  Parameter 'internalRuntimeForbidden' is deprecated: Use <a href="bundled-signatures.html">bundled signatures</a> {@code "jdk-non-portable"} or {@code "jdk-internal"} instead.
[INFO] Skipping forbidden-apis checks.
[INFO] 
[INFO] --- bundle:5.1.8:manifest (generate-manifest) @ netty-transport ---
[INFO] No MANIFEST.MF file found, generating manifest.
[WARNING] Manifest io.netty:netty-transport:jar:4.2.18.Final-SNAPSHOT : Unused Import-Package instructions: [sun.net.dns.*, sun.misc.*, sun.security.*] 
[INFO] Writing manifest: /code/transport/target/classes/META-INF/MANIFEST.MF
[INFO] 
[INFO] --- module-info:2.2:generate (module-info) @ netty-transport ---
[INFO] Using source file: /code/transport/src/main/java/module-info.yml
[INFO] Using module name "io.netty.transport"
[INFO] Using module version "4.2.18.Final-SNAPSHOT"
[INFO] Automatically adding export for package "io.netty.channel.embedded"
[INFO] Automatically adding export for package "io.netty.channel.group"
[INFO] Automatically adding export for package "io.netty.bootstrap"
[INFO] Automatically adding export for package "io.netty.channel.nio"
[INFO] Automatically adding export for package "io.netty.channel"
[INFO] Automatically adding export for package "io.netty.channel.local"
[INFO] Automatically adding export for package "io.netty.channel.oio"
[INFO] Not adding export for private package "io.netty.channel.internal"
[INFO] Automatically adding export for package "io.netty.channel.socket"
[INFO] Automatically adding export for package "io.netty.channel.socket.nio"
[INFO] Automatically adding export for package "io.netty.channel.socket.oio"
[INFO] Automatically adding export for package "io.netty.channel.pool"
[INFO] Automatically adding mandatory "java.base" dependency
[INFO] Wrote module descriptor "/code/transport/target/classes/META-INF/versions/11/module-info.class"
[INFO] 
[INFO] --- resources:3.0.1:testResources (default-testResources) @ netty-transport ---
[INFO] Using 'UTF-8' encoding to copy filtered resources.
[INFO] Copying 1 resource
[INFO] Copying 0 resource
[INFO] 
[INFO] --- compiler:3.14.0:testCompile (default-testCompile) @ netty-transport ---
[WARNING]  Parameter 'compilerVersion' (user property 'maven.compiler.compilerVersion') is deprecated: This parameter is no longer evaluated by the underlying compilers, instead the actual version of the javac binary is automatically retrieved.
[WARNING]  Parameter 'optimize' (user property 'maven.compiler.optimize') is deprecated: This property is a no-op in javac.
[INFO] Recompiling the module because of changed dependency.
[INFO] Compiling 64 source files with javac [forked debug deprecation release 8] to target/test-classes
[WARNING] /code/transport/src/test/java/io/netty/channel/DefaultChannelPipelineTest.java:[31,27] [deprecation] OioEventLoopGroup in io.netty.channel.oio has been deprecated
[WARNING] /code/transport/src/test/java/io/netty/channel/DefaultChannelPipelineTest.java:[33,34] [deprecation] OioSocketChannel in io.netty.channel.socket.oio has been deprecated
[WARNING] /code/transport/src/test/java/io/netty/channel/DefaultChannelPipelineTest.java:[45,31] [deprecation] UnorderedThreadPoolEventExecutor in io.netty.util.concurrent has been deprecated
[WARNING] /code/transport/src/test/java/io/netty/channel/oio/OioEventLoopTest.java:[26,34] [deprecation] OioServerSocketChannel in io.netty.channel.socket.oio has been deprecated
[WARNING] /code/transport/src/test/java/io/netty/channel/oio/OioEventLoopTest.java:[27,34] [deprecation] OioSocketChannel in io.netty.channel.socket.oio has been deprecated
[WARNING] /code/transport/src/test/java/io/netty/bootstrap/BootstrapTest.java:[486,37] [deprecation] WRITE_BUFFER_HIGH_WATER_MARK in ChannelOption has been deprecated
[WARNING] /code/transport/src/test/java/io/netty/bootstrap/BootstrapTest.java:[485,37] [deprecation] WRITE_BUFFER_LOW_WATER_MARK in ChannelOption has been deprecated
[WARNING] /code/transport/src/test/java/io/netty/bootstrap/BootstrapTest.java:[493,32] [deprecation] WRITE_BUFFER_LOW_WATER_MARK in ChannelOption has been deprecated
[WARNING] /code/transport/src/test/java/io/netty/bootstrap/BootstrapTest.java:[494,32] [deprecation] WRITE_BUFFER_HIGH_WATER_MARK in ChannelOption has been deprecated
[WARNING] /code/transport/src/test/java/io/netty/bootstrap/BootstrapTest.java:[518,29] [deprecation] register(Channel,ChannelPromise) in SingleThreadEventLoop has been deprecated
[WARNING] /code/transport/src/test/java/io/netty/bootstrap/BootstrapTest.java:[523,47] [deprecation] register(Channel,ChannelPromise) in SingleThreadEventLoop has been deprecated
[WARNING] /code/transport/src/test/java/io/netty/bootstrap/BootstrapTest.java:[551,29] [deprecation] register(Channel,ChannelPromise) in MultithreadEventLoopGroup has been deprecated
[WARNING] /code/transport/src/test/java/io/netty/channel/AbstractEventLoopTest.java:[61,37] [deprecation] addLast(EventExecutorGroup,ChannelHandler...) in ChannelPipeline has been deprecated
[WARNING] /code/transport/src/test/java/io/netty/channel/AbstractIoHandlerEventCountTest.java:[47,16] [deprecation] shutdown() in ManualIoEventLoop has been deprecated
[WARNING] /code/transport/src/test/java/io/netty/channel/AbstractIoHandlerEventCountTest.java:[78,16] [deprecation] shutdown() in ManualIoEventLoop has been deprecated
[WARNING] /code/transport/src/test/java/io/netty/channel/AbstractIoHandlerEventCountTest.java:[103,16] [deprecation] shutdown() in ManualIoEventLoop has been deprecated
[WARNING] /code/transport/src/test/java/io/netty/channel/LoggingHandler.java:[99,16] [deprecation] exceptionCaught(ChannelHandlerContext,Throwable) in ChannelHandler has been deprecated
[WARNING] /code/transport/src/test/java/io/netty/channel/ChannelOptionTest.java:[52,52] [deprecation] <T>newInstance(String) in ChannelOption has been deprecated
  where T is a type-variable:
    T extends Object declared in method <T>newInstance(String)
[WARNING] /code/transport/src/test/java/io/netty/channel/ChannelOptionTest.java:[57,25] [deprecation] <T>newInstance(String) in ChannelOption has been deprecated
  where T is a type-variable:
    T extends Object declared in method <T>newInstance(String)
[WARNING] /code/transport/src/test/java/io/netty/channel/ChannelOutboundBufferTest.java:[455,21] [deprecation] addLast(EventExecutorGroup,String,ChannelHandler) in ChannelPipeline has been deprecated
[WARNING] /code/transport/src/test/java/io/netty/channel/DefaultChannelPipelineTest.java:[1170,29] [deprecation] addLast(EventExecutorGroup,ChannelHandler...) in ChannelPipeline has been deprecated
[WARNING] /code/transport/src/test/java/io/netty/channel/DefaultChannelPipelineTest.java:[1276,20] [deprecation] addLast(EventExecutorGroup,ChannelHandler...) in ChannelPipeline has been deprecated
[WARNING] /code/transport/src/test/java/io/netty/channel/DefaultChannelPipelineTest.java:[1277,20] [deprecation] addLast(EventExecutorGroup,ChannelHandler...) in ChannelPipeline has been deprecated
[WARNING] /code/transport/src/test/java/io/netty/channel/DefaultChannelPipelineTest.java:[1311,20] [deprecation] addLast(EventExecutorGroup,ChannelHandler...) in ChannelPipeline has been deprecated
[WARNING] /code/transport/src/test/java/io/netty/channel/DefaultChannelPipelineTest.java:[1342,20] [deprecation] addLast(EventExecutorGroup,ChannelHandler...) in ChannelPipeline has been deprecated
[WARNING] /code/transport/src/test/java/io/netty/channel/DefaultChannelPipelineTest.java:[1362,20] [deprecation] addLast(EventExecutorGroup,ChannelHandler...) in ChannelPipeline has been deprecated
[WARNING] /code/transport/src/test/java/io/netty/channel/DefaultChannelPipelineTest.java:[1547,48] [deprecation] UnorderedThreadPoolEventExecutor in io.netty.util.concurrent has been deprecated
[WARNING] /code/transport/src/test/java/io/netty/channel/DefaultChannelPipelineTest.java:[1553,21] [deprecation] addLast(EventExecutorGroup,ChannelHandler...) in ChannelPipeline has been deprecated
[WARNING] /code/transport/src/test/java/io/netty/channel/DefaultChannelPipelineTest.java:[1581,16] [deprecation] addLast(EventExecutorGroup,String,ChannelHandler) in ChannelPipeline has been deprecated
[WARNING] /code/transport/src/test/java/io/netty/channel/DefaultChannelPipelineTest.java:[1582,16] [deprecation] addLast(EventExecutorGroup,String,ChannelHandler) in ChannelPipeline has been deprecated
[WARNING] /code/transport/src/test/java/io/netty/channel/DefaultChannelPipelineTest.java:[1583,17] [deprecation] addLast(EventExecutorGroup,String,ChannelHandler) in ChannelPipeline has been deprecated
[WARNING] /code/transport/src/test/java/io/netty/channel/DefaultChannelPipelineTest.java:[1602,16] [deprecation] addLast(EventExecutorGroup,String,ChannelHandler) in ChannelPipeline has been deprecated
[WARNING] /code/transport/src/test/java/io/netty/channel/DefaultChannelPipelineTest.java:[1603,16] [deprecation] addLast(EventExecutorGroup,String,ChannelHandler) in ChannelPipeline has been deprecated
[WARNING] /code/transport/src/test/java/io/netty/channel/DefaultChannelPipelineTest.java:[1837,24] [deprecation] exceptionCaught(ChannelHandlerContext,Throwable) in ChannelHandler has been deprecated
[WARNING] /code/transport/src/test/java/io/netty/channel/DefaultChannelPipelineTest.java:[2149,34] [deprecation] addFirst(EventExecutorGroup,String,ChannelHandler) in ChannelPipeline has been deprecated
[WARNING] /code/transport/src/test/java/io/netty/channel/DefaultChannelPipelineTest.java:[2337,20] [deprecation] exceptionCaught(ChannelHandlerContext,Throwable) in ChannelHandlerAdapter has been deprecated
[WARNING] /code/transport/src/test/java/io/netty/channel/DefaultChannelPipelineTest.java:[2550,20] [deprecation] shutdown() in AbstractEventExecutor has been deprecated
[WARNING] /code/transport/src/test/java/io/netty/channel/DefaultChannelPipelineTest.java:[2555,30] [deprecation] shutdownNow() in AbstractEventExecutor has been deprecated
[WARNING] /code/transport/src/test/java/io/netty/channel/DefaultMaxMessagesRecvByteBufAllocatorTest.java:[29,19] [deprecation] Handle in RecvByteBufAllocator has been deprecated
[WARNING] /code/transport/src/test/java/io/netty/channel/DefaultMaxMessagesRecvByteBufAllocatorTest.java:[43,28] [deprecation] Handle in RecvByteBufAllocator has been deprecated
[WARNING] /code/transport/src/test/java/io/netty/channel/DefaultMaxMessagesRecvByteBufAllocatorTest.java:[61,28] [deprecation] Handle in RecvByteBufAllocator has been deprecated
[WARNING] /code/transport/src/test/java/io/netty/channel/ManualIoEventLoopTest.java:[63,17] [deprecation] shutdown() in ManualIoEventLoop has been deprecated
[WARNING] /code/transport/src/test/java/io/netty/channel/ManualIoEventLoopTest.java:[94,17] [deprecation] shutdown() in ManualIoEventLoop has been deprecated
[WARNING] /code/transport/src/test/java/io/netty/channel/ManualIoEventLoopTest.java:[108,17] [deprecation] shutdown() in ManualIoEventLoop has been deprecated
[WARNING] /code/transport/src/test/java/io/netty/channel/ManualIoEventLoopTest.java:[135,17] [deprecation] shutdown() in ManualIoEventLoop has been deprecated
[WARNING] /code/transport/src/test/java/io/netty/channel/PendingWriteQueueTest.java:[151,41] non-varargs call of varargs method with inexact argument type for last parameter;
  cast to Object for a varargs call
  cast to Object[] for a non-varargs call and to suppress this warning
[WARNING] /code/transport/src/test/java/io/netty/channel/PendingWriteQueueTest.java:[185,46] non-varargs call of varargs method with inexact argument type for last parameter;
  cast to Object for a varargs call
  cast to Object[] for a non-varargs call and to suppress this warning
[WARNING] /code/transport/src/test/java/io/netty/channel/ReentrantChannelTest.java:[274,24] [deprecation] exceptionCaught(ChannelHandlerContext,Throwable) in ChannelHandlerAdapter has been deprecated
[WARNING] /code/transport/src/test/java/io/netty/channel/ThreadPerChannelEventLoopGroupTest.java:[50,12] [deprecation] ThreadPerChannelEventLoopGroup in io.netty.channel has been deprecated
[WARNING] /code/transport/src/test/java/io/netty/channel/ThreadPerChannelEventLoopGroupTest.java:[50,59] [deprecation] ThreadPerChannelEventLoopGroup in io.netty.channel has been deprecated
[WARNING] /code/transport/src/test/java/io/netty/channel/ThreadPerChannelEventLoopGroupTest.java:[58,16] [deprecation] ThreadPerChannelEventLoopGroup in io.netty.channel has been deprecated
[WARNING] /code/transport/src/test/java/io/netty/channel/ThreadPerChannelEventLoopGroupTest.java:[62,12] [deprecation] ThreadPerChannelEventLoopGroup in io.netty.channel has been deprecated
[WARNING] /code/transport/src/test/java/io/netty/channel/ThreadPerChannelEventLoopGroupTest.java:[62,59] [deprecation] ThreadPerChannelEventLoopGroup in io.netty.channel has been deprecated
[WARNING] /code/transport/src/test/java/io/netty/channel/ThreadPerChannelEventLoopGroupTest.java:[82,32] [deprecation] ThreadPerChannelEventLoopGroup in io.netty.channel has been deprecated
[WARNING] /code/transport/src/test/java/io/netty/channel/local/LocalChannelTest.java:[1104,37] [deprecation] MAX_MESSAGES_PER_READ in ChannelOption has been deprecated
[WARNING] /code/transport/src/test/java/io/netty/channel/local/LocalChannelTest.java:[1174,37] [deprecation] MAX_MESSAGES_PER_READ in ChannelOption has been deprecated
[WARNING] /code/transport/src/test/java/io/netty/channel/local/LocalChannelTest.java:[1233,37] [deprecation] MAX_MESSAGES_PER_READ in ChannelOption has been deprecated
[WARNING] /code/transport/src/test/java/io/netty/channel/local/LocalChannelTest.java:[1392,15] [deprecation] Handle in RecvByteBufAllocator has been deprecated
[WARNING] /code/transport/src/test/java/io/netty/channel/local/LocalTransportThreadModelTest.java:[108,21] [deprecation] addLast(EventExecutorGroup,ChannelHandler...) in ChannelPipeline has been deprecated
[WARNING] /code/transport/src/test/java/io/netty/channel/local/LocalTransportThreadModelTest.java:[110,21] [deprecation] addLast(EventExecutorGroup,ChannelHandler...) in ChannelPipeline has been deprecated
[WARNING] /code/transport/src/test/java/io/netty/channel/local/LocalTransportThreadModelTest.java:[262,25] [deprecation] addLast(EventExecutorGroup,ChannelHandler...) in ChannelPipeline has been deprecated
[WARNING] /code/transport/src/test/java/io/netty/channel/local/LocalTransportThreadModelTest.java:[263,25] [deprecation] addLast(EventExecutorGroup,ChannelHandler...) in ChannelPipeline has been deprecated
[WARNING] /code/transport/src/test/java/io/netty/channel/local/LocalTransportThreadModelTest.java:[264,25] [deprecation] addLast(EventExecutorGroup,ChannelHandler...) in ChannelPipeline has been deprecated
[WARNING] /code/transport/src/test/java/io/netty/channel/local/LocalTransportThreadModelTest.java:[265,25] [deprecation] addLast(EventExecutorGroup,ChannelHandler...) in ChannelPipeline has been deprecated
[WARNING] /code/transport/src/test/java/io/netty/channel/local/LocalTransportThreadModelTest.java:[266,25] [deprecation] addLast(EventExecutorGroup,ChannelHandler...) in ChannelPipeline has been deprecated
[WARNING] /code/transport/src/test/java/io/netty/channel/local/LocalTransportThreadModelTest3.java:[150,25] [deprecation] addLast(EventExecutorGroup,ChannelHandler...) in ChannelPipeline has been deprecated
[WARNING] /code/transport/src/test/java/io/netty/channel/local/LocalTransportThreadModelTest3.java:[151,20] [deprecation] addLast(EventExecutorGroup,ChannelHandler...) in ChannelPipeline has been deprecated
[WARNING] /code/transport/src/test/java/io/netty/channel/local/LocalTransportThreadModelTest3.java:[152,20] [deprecation] addLast(EventExecutorGroup,ChannelHandler...) in ChannelPipeline has been deprecated
[WARNING] /code/transport/src/test/java/io/netty/channel/local/LocalTransportThreadModelTest3.java:[153,20] [deprecation] addLast(EventExecutorGroup,ChannelHandler...) in ChannelPipeline has been deprecated
[WARNING] /code/transport/src/test/java/io/netty/channel/local/LocalTransportThreadModelTest3.java:[154,20] [deprecation] addLast(EventExecutorGroup,ChannelHandler...) in ChannelPipeline has been deprecated
[WARNING] /code/transport/src/test/java/io/netty/channel/local/LocalTransportThreadModelTest3.java:[155,20] [deprecation] addLast(EventExecutorGroup,String,ChannelHandler) in ChannelPipeline has been deprecated
[WARNING] /code/transport/src/test/java/io/netty/channel/local/LocalTransportThreadModelTest3.java:[179,37] [deprecation] addBefore(EventExecutorGroup,String,String,ChannelHandler) in ChannelPipeline has been deprecated
[WARNING] /code/transport/src/test/java/io/netty/channel/nio/AbstractNioChannelTest.java:[40,16] [deprecation] register(Channel) in IoEventLoopGroup has been deprecated
[WARNING] /code/transport/src/test/java/io/netty/channel/nio/NioEventLoopTest.java:[79,35] [deprecation] NioEventLoopGroup in io.netty.channel.nio has been deprecated
[WARNING] /code/transport/src/test/java/io/netty/channel/nio/NioEventLoopTest.java:[80,14] [deprecation] NioEventLoop in io.netty.channel.nio has been deprecated
[WARNING] /code/transport/src/test/java/io/netty/channel/nio/NioEventLoopTest.java:[80,35] [deprecation] NioEventLoop in io.netty.channel.nio has been deprecated
[WARNING] /code/transport/src/test/java/io/netty/channel/nio/NioEventLoopTest.java:[86,35] [deprecation] NioEventLoop in io.netty.channel.nio has been deprecated
[WARNING] /code/transport/src/test/java/io/netty/channel/nio/NioEventLoopTest.java:[97,37] [deprecation] NioEventLoop in io.netty.channel.nio has been deprecated
[WARNING] /code/transport/src/test/java/io/netty/channel/nio/NioEventLoopTest.java:[127,35] [deprecation] NioEventLoopGroup in io.netty.channel.nio has been deprecated
[WARNING] /code/transport/src/test/java/io/netty/channel/nio/NioEventLoopTest.java:[128,14] [deprecation] NioEventLoop in io.netty.channel.nio has been deprecated
[WARNING] /code/transport/src/test/java/io/netty/channel/nio/NioEventLoopTest.java:[128,35] [deprecation] NioEventLoop in io.netty.channel.nio has been deprecated
[WARNING] /code/transport/src/test/java/io/netty/channel/nio/NioEventLoopTest.java:[176,16] [deprecation] register(Channel) in IoEventLoopGroup has been deprecated
[WARNING] /code/transport/src/test/java/io/netty/channel/nio/NioEventLoopTest.java:[261,35] [deprecation] NioEventLoopGroup in io.netty.channel.nio has been deprecated
[WARNING] /code/transport/src/test/java/io/netty/channel/nio/NioEventLoopTest.java:[263,14] [deprecation] NioEventLoop in io.netty.channel.nio has been deprecated
[WARNING] /code/transport/src/test/java/io/netty/channel/nio/NioEventLoopTest.java:[263,35] [deprecation] NioEventLoop in io.netty.channel.nio has been deprecated
[WARNING] /code/transport/src/test/java/io/netty/channel/nio/NioEventLoopTest.java:[270,37] [deprecation] NioEventLoop in io.netty.channel.nio has been deprecated
[WARNING] /code/transport/src/test/java/io/netty/channel/nio/NioEventLoopTest.java:[284,35] [deprecation] NioEventLoopGroup in io.netty.channel.nio has been deprecated
[WARNING] /code/transport/src/test/java/io/netty/channel/nio/SelectedSelectionKeySetTest.java:[45,26] [deprecation] initMocks(Object) in MockitoAnnotations has been deprecated
[WARNING] /code/transport/src/test/java/io/netty/channel/oio/OioEventLoopTest.java:[42,31] [deprecation] OioEventLoopGroup in io.netty.channel.oio has been deprecated
[WARNING] /code/transport/src/test/java/io/netty/channel/oio/OioEventLoopTest.java:[44,18] [deprecation] OioServerSocketChannel in io.netty.channel.socket.oio has been deprecated
[WARNING] /code/transport/src/test/java/io/netty/channel/oio/OioEventLoopTest.java:[70,31] [deprecation] OioEventLoopGroup in io.netty.channel.oio has been deprecated
[WARNING] /code/transport/src/test/java/io/netty/channel/oio/OioEventLoopTest.java:[72,19] [deprecation] OioServerSocketChannel in io.netty.channel.socket.oio has been deprecated
[WARNING] /code/transport/src/test/java/io/netty/channel/oio/OioEventLoopTest.java:[79,19] [deprecation] OioSocketChannel in io.netty.channel.socket.oio has been deprecated
[WARNING] /code/transport/src/test/java/io/netty/channel/oio/OioEventLoopTest.java:[102,31] [deprecation] OioEventLoopGroup in io.netty.channel.oio has been deprecated
[WARNING] /code/transport/src/test/java/io/netty/channel/oio/OioEventLoopTest.java:[104,19] [deprecation] OioServerSocketChannel in io.netty.channel.socket.oio has been deprecated
[WARNING] /code/transport/src/test/java/io/netty/channel/socket/InternetProtocolFamilyTest.java:[26,41] [deprecation] InternetProtocolFamily in io.netty.channel.socket has been deprecated
[WARNING] /code/transport/src/test/java/io/netty/channel/socket/InternetProtocolFamilyTest.java:[31,41] [deprecation] InternetProtocolFamily in io.netty.channel.socket has been deprecated
[INFO] 
[INFO] --- forbiddenapis:2.2:testCheck (check-forbidden-test-apis) @ netty-transport ---
[WARNING]  Parameter 'internalRuntimeForbidden' is deprecated: Use <a href="bundled-signatures.html">bundled signatures</a> {@code "jdk-non-portable"} or {@code "jdk-internal"} instead.
[INFO] Skipping forbidden-apis checks.
[INFO] 
[INFO] --- surefire:3.5.6:test (default-test) @ netty-transport ---
[INFO] Tests are skipped.
[INFO] 
[INFO] --- source:3.2.0:jar-no-fork (attach-sources) @ netty-transport ---
[INFO] Building jar: /code/transport/target/netty-transport-4.2.18.Final-SNAPSHOT-sources.jar
[INFO] 
[INFO] --- source:3.2.0:test-jar-no-fork (attach-test-sources) @ netty-transport ---
[INFO] Building jar: /code/transport/target/netty-transport-4.2.18.Final-SNAPSHOT-test-sources.jar
[INFO] 
[INFO] --- jar:3.0.2:jar (default-jar) @ netty-transport ---
[INFO] Building jar: /code/transport/target/netty-transport-4.2.18.Final-SNAPSHOT.jar
[INFO] 
[INFO] --- jar:3.0.2:test-jar (default) @ netty-transport ---
[INFO] Building jar: /code/transport/target/netty-transport-4.2.18.Final-SNAPSHOT-tests.jar
[INFO] 
[INFO] --- revapi:0.15.0:check (api-check) @ netty-transport ---
[INFO] Skipping execution
[INFO] 
[INFO] --- install:3.1.2:install (default-install) @ netty-transport ---
[INFO] Installing /code/transport/pom.xml to /root/.m2/repository/io/netty/netty-transport/4.2.18.Final-SNAPSHOT/netty-transport-4.2.18.Final-SNAPSHOT.pom
[INFO] Installing /code/transport/target/netty-transport-4.2.18.Final-SNAPSHOT.jar to /root/.m2/repository/io/netty/netty-transport/4.2.18.Final-SNAPSHOT/netty-transport-4.2.18.Final-SNAPSHOT.jar
[INFO] Installing /code/transport/target/netty-transport-4.2.18.Final-SNAPSHOT-sources.jar to /root/.m2/repository/io/netty/netty-transport/4.2.18.Final-SNAPSHOT/netty-transport-4.2.18.Final-SNAPSHOT-sources.jar
[INFO] Installing /code/transport/target/netty-transport-4.2.18.Final-SNAPSHOT-test-sources.jar to /root/.m2/repository/io/netty/netty-transport/4.2.18.Final-SNAPSHOT/netty-transport-4.2.18.Final-SNAPSHOT-test-sources.jar
[INFO] Installing /code/transport/target/netty-transport-4.2.18.Final-SNAPSHOT-tests.jar to /root/.m2/repository/io/netty/netty-transport/4.2.18.Final-SNAPSHOT/netty-transport-4.2.18.Final-SNAPSHOT-tests.jar
[INFO] 
[INFO] ---------------------< io.netty:netty-codec-base >----------------------
[INFO] Building Netty/Codec/Base 4.2.18.Final-SNAPSHOT                  [10/31]
[INFO]   from codec-base/pom.xml
[INFO] --------------------------------[ jar ]---------------------------------
[INFO] 
[INFO] --- enforcer:3.0.0:enforce (enforce-maven) @ netty-codec-base ---
[INFO] 
[INFO] --- enforcer:3.0.0:enforce (enforce-tools) @ netty-codec-base ---
[INFO] 
[INFO] --- checkstyle:3.1.0:check (check-style) @ netty-codec-base ---
[INFO] 
[INFO] --- xml:1.0.1:check-format (check-style) @ netty-codec-base ---
[INFO] 
[INFO] --- build-helper:1.10:parse-version (parse-version) @ netty-codec-base ---
[INFO] 
[INFO] --- antrun:1.8:run (write-version-properties) @ netty-codec-base ---
[INFO] Executing tasks

main:
     [exec] Result: 128
     [exec] Result: 128
     [echo] Current commit: 0 on 1970-01-01 00:00:00 +0000
    [mkdir] Created dir: /code/codec-base/target/classes/META-INF
[propertyfile] Creating new property file: /code/codec-base/target/classes/META-INF/io.netty.versions.properties
[INFO] Executed tasks
[INFO] 
[INFO] --- resources:3.0.1:resources (default-resources) @ netty-codec-base ---
[INFO] Using 'UTF-8' encoding to copy filtered resources.
[INFO] Copying 1 resource
[INFO] 
[INFO] --- compiler:3.14.0:compile (default-compile) @ netty-codec-base ---
[WARNING]  Parameter 'compilerVersion' (user property 'maven.compiler.compilerVersion') is deprecated: This parameter is no longer evaluated by the underlying compilers, instead the actual version of the javac binary is automatically retrieved.
[WARNING]  Parameter 'optimize' (user property 'maven.compiler.optimize') is deprecated: This property is a no-op in javac.
[INFO] Recompiling the module because of changed dependency.
[INFO] Compiling 66 source files with javac [forked debug deprecation release 8] to target/classes
[WARNING] /code/codec-base/src/main/java/io/netty/handler/codec/ReplayingDecoderByteBuf.java:[29,22] [deprecation] SwappedByteBuf in io.netty.buffer has been deprecated
[WARNING] /code/codec-base/src/main/java/io/netty/handler/codec/DatagramPacketEncoder.java:[139,16] [deprecation] exceptionCaught(ChannelHandlerContext,Throwable) in ChannelHandlerAdapter has been deprecated
[WARNING] /code/codec-base/src/main/java/io/netty/handler/codec/DatagramPacketEncoder.java:[140,15] [deprecation] exceptionCaught(ChannelHandlerContext,Throwable) in ChannelHandlerAdapter has been deprecated
[WARNING] /code/codec-base/src/main/java/io/netty/handler/codec/LengthFieldBasedFrameDecoder.java:[455,17] [deprecation] order(ByteOrder) in ByteBuf has been deprecated
[WARNING] /code/codec-base/src/main/java/io/netty/handler/codec/LengthFieldPrepender.java:[175,41] [deprecation] order(ByteOrder) in ByteBuf has been deprecated
[WARNING] /code/codec-base/src/main/java/io/netty/handler/codec/LengthFieldPrepender.java:[182,41] [deprecation] order(ByteOrder) in ByteBuf has been deprecated
[WARNING] /code/codec-base/src/main/java/io/netty/handler/codec/LengthFieldPrepender.java:[189,41] [deprecation] order(ByteOrder) in ByteBuf has been deprecated
[WARNING] /code/codec-base/src/main/java/io/netty/handler/codec/LengthFieldPrepender.java:[192,41] [deprecation] order(ByteOrder) in ByteBuf has been deprecated
[WARNING] /code/codec-base/src/main/java/io/netty/handler/codec/LengthFieldPrepender.java:[195,41] [deprecation] order(ByteOrder) in ByteBuf has been deprecated
[WARNING] /code/codec-base/src/main/java/io/netty/handler/codec/ReplayingDecoderByteBuf.java:[476,19] [deprecation] order(ByteOrder) in ByteBuf has been deprecated
[WARNING] /code/codec-base/src/main/java/io/netty/handler/codec/ReplayingDecoderByteBuf.java:[471,21] [deprecation] order() in ByteBuf has been deprecated
[WARNING] /code/codec-base/src/main/java/io/netty/handler/codec/ReplayingDecoderByteBuf.java:[45,12] [deprecation] SwappedByteBuf in io.netty.buffer has been deprecated
[WARNING] /code/codec-base/src/main/java/io/netty/handler/codec/ReplayingDecoderByteBuf.java:[472,21] [deprecation] order() in ByteBuf has been deprecated
[WARNING] /code/codec-base/src/main/java/io/netty/handler/codec/ReplayingDecoderByteBuf.java:[481,8] [deprecation] SwappedByteBuf in io.netty.buffer has been deprecated
[WARNING] /code/codec-base/src/main/java/io/netty/handler/codec/ReplayingDecoderByteBuf.java:[483,41] [deprecation] SwappedByteBuf in io.netty.buffer has been deprecated
[WARNING] /code/codec-base/src/main/java/io/netty/handler/codec/base64/Base64.java:[137,62] [deprecation] order() in ByteBuf has been deprecated
[WARNING] /code/codec-base/src/main/java/io/netty/handler/codec/base64/Base64.java:[137,52] [deprecation] order(ByteOrder) in ByteBuf has been deprecated
[WARNING] /code/codec-base/src/main/java/io/netty/handler/codec/base64/Base64.java:[141,106] [deprecation] order() in ByteBuf has been deprecated
[WARNING] /code/codec-base/src/main/java/io/netty/handler/codec/base64/Base64.java:[141,96] [deprecation] order(ByteOrder) in ByteBuf has been deprecated
[WARNING] /code/codec-base/src/main/java/io/netty/handler/codec/base64/Base64.java:[142,96] [deprecation] order() in ByteBuf has been deprecated
[WARNING] /code/codec-base/src/main/java/io/netty/handler/codec/base64/Base64.java:[142,86] [deprecation] order(ByteOrder) in ByteBuf has been deprecated
[WARNING] /code/codec-base/src/main/java/io/netty/handler/codec/base64/Base64.java:[189,15] [deprecation] order() in ByteBuf has been deprecated
[WARNING] /code/codec-base/src/main/java/io/netty/handler/codec/base64/Base64.java:[381,69] [deprecation] order() in ByteBuf has been deprecated
[WARNING] /code/codec-base/src/main/java/io/netty/handler/codec/base64/Base64.java:[381,59] [deprecation] order(ByteOrder) in ByteBuf has been deprecated
[WARNING] /code/codec-base/src/main/java/io/netty/handler/codec/base64/Base64.java:[452,28] [deprecation] order() in ByteBuf has been deprecated
[WARNING] /code/codec-base/src/main/java/io/netty/handler/codec/base64/Base64.java:[471,24] [deprecation] order() in ByteBuf has been deprecated
[WARNING] /code/codec-base/src/main/java/io/netty/handler/codec/serialization/CachingClassResolver.java:[20,38] [deprecation] ClassResolver in io.netty.handler.codec.serialization has been deprecated
[WARNING] /code/codec-base/src/main/java/io/netty/handler/codec/serialization/CachingClassResolver.java:[23,18] [deprecation] ClassResolver in io.netty.handler.codec.serialization has been deprecated
[WARNING] /code/codec-base/src/main/java/io/netty/handler/codec/serialization/CachingClassResolver.java:[25,25] [deprecation] ClassResolver in io.netty.handler.codec.serialization has been deprecated
[WARNING] /code/codec-base/src/main/java/io/netty/handler/codec/serialization/ClassLoaderClassResolver.java:[18,42] [deprecation] ClassResolver in io.netty.handler.codec.serialization has been deprecated
[WARNING] /code/codec-base/src/main/java/io/netty/handler/codec/serialization/CompactObjectInputStream.java:[27,18] [deprecation] ClassResolver in io.netty.handler.codec.serialization has been deprecated
[WARNING] /code/codec-base/src/main/java/io/netty/handler/codec/serialization/CompactObjectInputStream.java:[29,45] [deprecation] ClassResolver in io.netty.handler.codec.serialization has been deprecated
[INFO] 
[INFO] --- forbiddenapis:2.2:check (check-forbidden-apis) @ netty-codec-base ---
[WARNING]  Parameter 'internalRuntimeForbidden' is deprecated: Use <a href="bundled-signatures.html">bundled signatures</a> {@code "jdk-non-portable"} or {@code "jdk-internal"} instead.
[INFO] Skipping forbidden-apis checks.
[INFO] 
[INFO] --- bundle:5.1.8:manifest (generate-manifest) @ netty-codec-base ---
[INFO] No MANIFEST.MF file found, generating manifest.
[WARNING] Manifest io.netty:netty-codec-base:jar:4.2.18.Final-SNAPSHOT : Unused Import-Package instructions: [sun.net.dns.*, sun.misc.*, sun.security.*] 
[INFO] Writing manifest: /code/codec-base/target/classes/META-INF/MANIFEST.MF
[INFO] 
[INFO] --- module-info:2.2:generate (module-info) @ netty-codec-base ---
[INFO] Using source file: /code/codec-base/src/main/java/module-info.yml
[INFO] Using module name "io.netty.codec"
[INFO] Using module version "4.2.18.Final-SNAPSHOT"
[INFO] Automatically adding export for package "io.netty.handler.codec.json"
[INFO] Automatically adding export for package "io.netty.handler.codec.bytes"
[INFO] Automatically adding export for package "io.netty.handler.codec"
[INFO] Automatically adding export for package "io.netty.handler.codec.serialization"
[INFO] Automatically adding export for package "io.netty.handler.codec.string"
[INFO] Automatically adding export for package "io.netty.handler.codec.base64"
[INFO] Automatically adding mandatory "java.base" dependency
[INFO] Wrote module descriptor "/code/codec-base/target/classes/META-INF/versions/11/module-info.class"
[INFO] 
[INFO] --- resources:3.0.1:testResources (default-testResources) @ netty-codec-base ---
[INFO] Using 'UTF-8' encoding to copy filtered resources.
[INFO] skip non existing resourceDirectory /code/codec-base/src/test/resources
[INFO] Copying 0 resource
[INFO] 
[INFO] --- compiler:3.14.0:testCompile (default-testCompile) @ netty-codec-base ---
[WARNING]  Parameter 'compilerVersion' (user property 'maven.compiler.compilerVersion') is deprecated: This parameter is no longer evaluated by the underlying compilers, instead the actual version of the javac binary is automatically retrieved.
[WARNING]  Parameter 'optimize' (user property 'maven.compiler.optimize') is deprecated: This property is a no-op in javac.
[INFO] Recompiling the module because of changed dependency.
[INFO] Compiling 32 source files with javac [forked debug deprecation release 8] to target/test-classes
[WARNING] /code/codec-base/src/test/java/io/netty/handler/codec/base64/Base64Test.java:[177,47] [deprecation] order(ByteOrder) in ByteBuf has been deprecated
[WARNING] /code/codec-base/src/test/java/io/netty/handler/codec/serialization/CompactObjectSerializationTest.java:[32,75] [deprecation] ClassResolvers in io.netty.handler.codec.serialization has been deprecated
[WARNING] /code/codec-base/src/test/java/io/netty/handler/codec/serialization/CompatibleObjectEncoderTest.java:[33,58] [deprecation] CompatibleObjectEncoder in io.netty.handler.codec.serialization has been deprecated
[INFO] 
[INFO] --- forbiddenapis:2.2:testCheck (check-forbidden-test-apis) @ netty-codec-base ---
[WARNING]  Parameter 'internalRuntimeForbidden' is deprecated: Use <a href="bundled-signatures.html">bundled signatures</a> {@code "jdk-non-portable"} or {@code "jdk-internal"} instead.
[INFO] Skipping forbidden-apis checks.
[INFO] 
[INFO] --- surefire:3.5.6:test (default-test) @ netty-codec-base ---
[INFO] Tests are skipped.
[INFO] 
[INFO] --- source:3.2.0:jar-no-fork (attach-sources) @ netty-codec-base ---
[INFO] Building jar: /code/codec-base/target/netty-codec-base-4.2.18.Final-SNAPSHOT-sources.jar
[INFO] 
[INFO] --- source:3.2.0:test-jar-no-fork (attach-test-sources) @ netty-codec-base ---
[INFO] Building jar: /code/codec-base/target/netty-codec-base-4.2.18.Final-SNAPSHOT-test-sources.jar
[INFO] 
[INFO] --- jar:3.0.2:jar (default-jar) @ netty-codec-base ---
[INFO] Building jar: /code/codec-base/target/netty-codec-base-4.2.18.Final-SNAPSHOT.jar
[INFO] 
[INFO] --- jar:3.0.2:test-jar (default) @ netty-codec-base ---
[INFO] Building jar: /code/codec-base/target/netty-codec-base-4.2.18.Final-SNAPSHOT-tests.jar
[INFO] 
[INFO] --- revapi:0.15.0:check (api-check) @ netty-codec-base ---
[INFO] Skipping execution
[INFO] 
[INFO] --- install:3.1.2:install (default-install) @ netty-codec-base ---
[INFO] Installing /code/codec-base/pom.xml to /root/.m2/repository/io/netty/netty-codec-base/4.2.18.Final-SNAPSHOT/netty-codec-base-4.2.18.Final-SNAPSHOT.pom
[INFO] Installing /code/codec-base/target/netty-codec-base-4.2.18.Final-SNAPSHOT.jar to /root/.m2/repository/io/netty/netty-codec-base/4.2.18.Final-SNAPSHOT/netty-codec-base-4.2.18.Final-SNAPSHOT.jar
[INFO] Installing /code/codec-base/target/netty-codec-base-4.2.18.Final-SNAPSHOT-sources.jar to /root/.m2/repository/io/netty/netty-codec-base/4.2.18.Final-SNAPSHOT/netty-codec-base-4.2.18.Final-SNAPSHOT-sources.jar
[INFO] Installing /code/codec-base/target/netty-codec-base-4.2.18.Final-SNAPSHOT-test-sources.jar to /root/.m2/repository/io/netty/netty-codec-base/4.2.18.Final-SNAPSHOT/netty-codec-base-4.2.18.Final-SNAPSHOT-test-sources.jar
[INFO] Installing /code/codec-base/target/netty-codec-base-4.2.18.Final-SNAPSHOT-tests.jar to /root/.m2/repository/io/netty/netty-codec-base/4.2.18.Final-SNAPSHOT/netty-codec-base-4.2.18.Final-SNAPSHOT-tests.jar
[INFO] 
[INFO] ------------------< io.netty:netty-codec-compression >------------------
[INFO] Building Netty/Codec/Compression 4.2.18.Final-SNAPSHOT           [11/31]
[INFO]   from codec-compression/pom.xml
[INFO] --------------------------------[ jar ]---------------------------------
[INFO] 
[INFO] --- enforcer:3.0.0:enforce (enforce-maven) @ netty-codec-compression ---
[INFO] 
[INFO] --- enforcer:3.0.0:enforce (enforce-tools) @ netty-codec-compression ---
[INFO] 
[INFO] --- checkstyle:3.1.0:check (check-style) @ netty-codec-compression ---
[INFO] 
[INFO] --- xml:1.0.1:check-format (check-style) @ netty-codec-compression ---
[INFO] 
[INFO] --- build-helper:1.10:parse-version (parse-version) @ netty-codec-compression ---
[INFO] 
[INFO] --- antrun:1.8:run (write-version-properties) @ netty-codec-compression ---
[INFO] Executing tasks

main:
     [exec] Result: 128
     [exec] Result: 128
     [echo] Current commit: 0 on 1970-01-01 00:00:00 +0000
    [mkdir] Created dir: /code/codec-compression/target/classes/META-INF
[propertyfile] Creating new property file: /code/codec-compression/target/classes/META-INF/io.netty.versions.properties
[INFO] Executed tasks
[INFO] 
[INFO] --- resources:3.0.1:resources (default-resources) @ netty-codec-compression ---
[INFO] Using 'UTF-8' encoding to copy filtered resources.
[INFO] Copying 2 resources
[INFO] 
[INFO] --- compiler:3.14.0:compile (default-compile) @ netty-codec-compression ---
[WARNING]  Parameter 'compilerVersion' (user property 'maven.compiler.compilerVersion') is deprecated: This parameter is no longer evaluated by the underlying compilers, instead the actual version of the javac binary is automatically retrieved.
[WARNING]  Parameter 'optimize' (user property 'maven.compiler.optimize') is deprecated: This property is a no-op in javac.
[INFO] Recompiling the module because of changed dependency.
[INFO] Compiling 71 source files with javac [forked debug deprecation release 8] to target/classes
[INFO] 
[INFO] --- forbiddenapis:2.2:check (check-forbidden-apis) @ netty-codec-compression ---
[WARNING]  Parameter 'internalRuntimeForbidden' is deprecated: Use <a href="bundled-signatures.html">bundled signatures</a> {@code "jdk-non-portable"} or {@code "jdk-internal"} instead.
[INFO] Skipping forbidden-apis checks.
[INFO] 
[INFO] --- bundle:5.1.8:manifest (generate-manifest) @ netty-codec-compression ---
[INFO] No MANIFEST.MF file found, generating manifest.
[WARNING] Manifest io.netty:netty-codec-compression:jar:4.2.18.Final-SNAPSHOT : Unused Import-Package instructions: [sun.net.dns.*, sun.misc.*, sun.security.*] 
[INFO] Writing manifest: /code/codec-compression/target/classes/META-INF/MANIFEST.MF
[INFO] 
[INFO] --- module-info:2.2:generate (module-info) @ netty-codec-compression ---
[INFO] Using source file: /code/codec-compression/src/main/java/module-info.yml
[INFO] Using module name "io.netty.codec.compression"
[INFO] Using module version "4.2.18.Final-SNAPSHOT"
[INFO] Automatically adding export for package "io.netty.handler.codec.compression"
[INFO] Automatically adding mandatory "java.base" dependency
[INFO] Wrote module descriptor "/code/codec-compression/target/classes/META-INF/versions/11/module-info.class"
[INFO] 
[INFO] --- resources:3.0.1:testResources (default-testResources) @ netty-codec-compression ---
[INFO] Using 'UTF-8' encoding to copy filtered resources.
[INFO] Copying 1 resource
[INFO] Copying 0 resource
[INFO] 
[INFO] --- compiler:3.14.0:testCompile (default-testCompile) @ netty-codec-compression ---
[WARNING]  Parameter 'compilerVersion' (user property 'maven.compiler.compilerVersion') is deprecated: This parameter is no longer evaluated by the underlying compilers, instead the actual version of the javac binary is automatically retrieved.
[WARNING]  Parameter 'optimize' (user property 'maven.compiler.optimize') is deprecated: This property is a no-op in javac.
[INFO] Recompiling the module because of changed dependency.
[INFO] Compiling 48 source files with javac [forked debug deprecation release 8] to target/test-classes
[WARNING] /code/codec-compression/src/test/java/io/netty/handler/codec/compression/JdkZlibTest.java:[77,34] [deprecation] toByteArray(InputStream) in IOUtils has been deprecated
[WARNING] /code/codec-compression/src/test/java/io/netty/handler/codec/compression/JdkZlibTest.java:[97,34] [deprecation] toByteArray(InputStream) in IOUtils has been deprecated
[WARNING] /code/codec-compression/src/test/java/io/netty/handler/codec/compression/JdkZlibTest.java:[119,34] [deprecation] toByteArray(InputStream) in IOUtils has been deprecated
[WARNING] /code/codec-compression/src/test/java/io/netty/handler/codec/compression/Lz4FrameEncoderTest.java:[79,26] [deprecation] initMocks(Object) in MockitoAnnotations has been deprecated
[WARNING] /code/codec-compression/src/test/java/io/netty/handler/codec/compression/Lz4FrameEncoderTest.java:[91,41] [deprecation] LZ4BlockInputStream(InputStream) in LZ4BlockInputStream has been deprecated
[WARNING] /code/codec-compression/src/test/java/io/netty/handler/codec/compression/ZstdEncoderTest.java:[46,26] [deprecation] initMocks(Object) in MockitoAnnotations has been deprecated
[INFO] 
[INFO] --- forbiddenapis:2.2:testCheck (check-forbidden-test-apis) @ netty-codec-compression ---
[WARNING]  Parameter 'internalRuntimeForbidden' is deprecated: Use <a href="bundled-signatures.html">bundled signatures</a> {@code "jdk-non-portable"} or {@code "jdk-internal"} instead.
[INFO] Skipping forbidden-apis checks.
[INFO] 
[INFO] --- surefire:3.5.6:test (default-test) @ netty-codec-compression ---
[INFO] Tests are skipped.
[INFO] 
[INFO] --- source:3.2.0:jar-no-fork (attach-sources) @ netty-codec-compression ---
[INFO] Building jar: /code/codec-compression/target/netty-codec-compression-4.2.18.Final-SNAPSHOT-sources.jar
[INFO] 
[INFO] --- source:3.2.0:test-jar-no-fork (attach-test-sources) @ netty-codec-compression ---
[INFO] Building jar: /code/codec-compression/target/netty-codec-compression-4.2.18.Final-SNAPSHOT-test-sources.jar
[INFO] 
[INFO] --- jar:3.0.2:jar (default-jar) @ netty-codec-compression ---
[INFO] Building jar: /code/codec-compression/target/netty-codec-compression-4.2.18.Final-SNAPSHOT.jar
[INFO] 
[INFO] --- jar:3.0.2:test-jar (default) @ netty-codec-compression ---
[INFO] Building jar: /code/codec-compression/target/netty-codec-compression-4.2.18.Final-SNAPSHOT-tests.jar
[INFO] 
[INFO] --- revapi:0.15.0:check (api-check) @ netty-codec-compression ---
[INFO] Skipping execution
[INFO] 
[INFO] --- install:3.1.2:install (default-install) @ netty-codec-compression ---
[INFO] Installing /code/codec-compression/pom.xml to /root/.m2/repository/io/netty/netty-codec-compression/4.2.18.Final-SNAPSHOT/netty-codec-compression-4.2.18.Final-SNAPSHOT.pom
[INFO] Installing /code/codec-compression/target/netty-codec-compression-4.2.18.Final-SNAPSHOT.jar to /root/.m2/repository/io/netty/netty-codec-compression/4.2.18.Final-SNAPSHOT/netty-codec-compression-4.2.18.Final-SNAPSHOT.jar
[INFO] Installing /code/codec-compression/target/netty-codec-compression-4.2.18.Final-SNAPSHOT-sources.jar to /root/.m2/repository/io/netty/netty-codec-compression/4.2.18.Final-SNAPSHOT/netty-codec-compression-4.2.18.Final-SNAPSHOT-sources.jar
[INFO] Installing /code/codec-compression/target/netty-codec-compression-4.2.18.Final-SNAPSHOT-test-sources.jar to /root/.m2/repository/io/netty/netty-codec-compression/4.2.18.Final-SNAPSHOT/netty-codec-compression-4.2.18.Final-SNAPSHOT-test-sources.jar
[INFO] Installing /code/codec-compression/target/netty-codec-compression-4.2.18.Final-SNAPSHOT-tests.jar to /root/.m2/repository/io/netty/netty-codec-compression/4.2.18.Final-SNAPSHOT/netty-codec-compression-4.2.18.Final-SNAPSHOT-tests.jar
[INFO] 
[INFO] -------------------< io.netty:netty-codec-protobuf >--------------------
[INFO] Building Netty/Codec/Protobuf 4.2.18.Final-SNAPSHOT              [12/31]
[INFO]   from codec-protobuf/pom.xml
[INFO] --------------------------------[ jar ]---------------------------------
[INFO] 
[INFO] --- enforcer:3.0.0:enforce (enforce-maven) @ netty-codec-protobuf ---
[INFO] 
[INFO] --- enforcer:3.0.0:enforce (enforce-tools) @ netty-codec-protobuf ---
[INFO] 
[INFO] --- checkstyle:3.1.0:check (check-style) @ netty-codec-protobuf ---
[INFO] 
[INFO] --- xml:1.0.1:check-format (check-style) @ netty-codec-protobuf ---
[INFO] 
[INFO] --- build-helper:1.10:parse-version (parse-version) @ netty-codec-protobuf ---
[INFO] 
[INFO] --- antrun:1.8:run (write-version-properties) @ netty-codec-protobuf ---
[INFO] Executing tasks

main:
     [exec] Result: 128
     [exec] Result: 128
     [echo] Current commit: 0 on 1970-01-01 00:00:00 +0000
    [mkdir] Created dir: /code/codec-protobuf/target/classes/META-INF
[propertyfile] Creating new property file: /code/codec-protobuf/target/classes/META-INF/io.netty.versions.properties
[INFO] Executed tasks
[INFO] 
[INFO] --- resources:3.0.1:resources (default-resources) @ netty-codec-protobuf ---
[INFO] Using 'UTF-8' encoding to copy filtered resources.
[INFO] Copying 1 resource
[INFO] 
[INFO] --- compiler:3.14.0:compile (default-compile) @ netty-codec-protobuf ---
[WARNING]  Parameter 'compilerVersion' (user property 'maven.compiler.compilerVersion') is deprecated: This parameter is no longer evaluated by the underlying compilers, instead the actual version of the javac binary is automatically retrieved.
[WARNING]  Parameter 'optimize' (user property 'maven.compiler.optimize') is deprecated: This property is a no-op in javac.
[INFO] Recompiling the module because of changed dependency.
[INFO] Compiling 6 source files with javac [forked debug deprecation release 8] to target/classes
[INFO] 
[INFO] --- forbiddenapis:2.2:check (check-forbidden-apis) @ netty-codec-protobuf ---
[WARNING]  Parameter 'internalRuntimeForbidden' is deprecated: Use <a href="bundled-signatures.html">bundled signatures</a> {@code "jdk-non-portable"} or {@code "jdk-internal"} instead.
[INFO] Skipping forbidden-apis checks.
[INFO] 
[INFO] --- bundle:5.1.8:manifest (generate-manifest) @ netty-codec-protobuf ---
[INFO] No MANIFEST.MF file found, generating manifest.
[WARNING] Manifest io.netty:netty-codec-protobuf:jar:4.2.18.Final-SNAPSHOT : Unused Import-Package instructions: [sun.net.dns.*, sun.misc.*, sun.security.*] 
[INFO] Writing manifest: /code/codec-protobuf/target/classes/META-INF/MANIFEST.MF
[INFO] 
[INFO] --- module-info:2.2:generate (module-info) @ netty-codec-protobuf ---
[INFO] Using source file: /code/codec-protobuf/src/main/java/module-info.yml
[INFO] Using module name "io.netty.codec.protobuf"
[INFO] Using module version "4.2.18.Final-SNAPSHOT"
[INFO] Automatically adding export for package "io.netty.handler.codec.protobuf"
[INFO] Automatically adding mandatory "java.base" dependency
[INFO] Wrote module descriptor "/code/codec-protobuf/target/classes/META-INF/versions/11/module-info.class"
[INFO] 
[INFO] --- resources:3.0.1:testResources (default-testResources) @ netty-codec-protobuf ---
[INFO] Using 'UTF-8' encoding to copy filtered resources.
[INFO] skip non existing resourceDirectory /code/codec-protobuf/src/test/resources
[INFO] Copying 0 resource
[INFO] 
[INFO] --- compiler:3.14.0:testCompile (default-testCompile) @ netty-codec-protobuf ---
[WARNING]  Parameter 'compilerVersion' (user property 'maven.compiler.compilerVersion') is deprecated: This parameter is no longer evaluated by the underlying compilers, instead the actual version of the javac binary is automatically retrieved.
[WARNING]  Parameter 'optimize' (user property 'maven.compiler.optimize') is deprecated: This property is a no-op in javac.
[INFO] Recompiling the module because of changed dependency.
[INFO] Compiling 2 source files with javac [forked debug deprecation release 8] to target/test-classes
[INFO] 
[INFO] --- forbiddenapis:2.2:testCheck (check-forbidden-test-apis) @ netty-codec-protobuf ---
[WARNING]  Parameter 'internalRuntimeForbidden' is deprecated: Use <a href="bundled-signatures.html">bundled signatures</a> {@code "jdk-non-portable"} or {@code "jdk-internal"} instead.
[INFO] Skipping forbidden-apis checks.
[INFO] 
[INFO] --- surefire:3.5.6:test (default-test) @ netty-codec-protobuf ---
[INFO] Tests are skipped.
[INFO] 
[INFO] --- source:3.2.0:jar-no-fork (attach-sources) @ netty-codec-protobuf ---
[INFO] Building jar: /code/codec-protobuf/target/netty-codec-protobuf-4.2.18.Final-SNAPSHOT-sources.jar
[INFO] 
[INFO] --- source:3.2.0:test-jar-no-fork (attach-test-sources) @ netty-codec-protobuf ---
[INFO] Building jar: /code/codec-protobuf/target/netty-codec-protobuf-4.2.18.Final-SNAPSHOT-test-sources.jar
[INFO] 
[INFO] --- jar:3.0.2:jar (default-jar) @ netty-codec-protobuf ---
[INFO] Building jar: /code/codec-protobuf/target/netty-codec-protobuf-4.2.18.Final-SNAPSHOT.jar
[INFO] 
[INFO] --- jar:3.0.2:test-jar (default) @ netty-codec-protobuf ---
[INFO] Building jar: /code/codec-protobuf/target/netty-codec-protobuf-4.2.18.Final-SNAPSHOT-tests.jar
[INFO] 
[INFO] --- revapi:0.15.0:check (api-check) @ netty-codec-protobuf ---
[INFO] Skipping execution
[INFO] 
[INFO] --- install:3.1.2:install (default-install) @ netty-codec-protobuf ---
[INFO] Installing /code/codec-protobuf/pom.xml to /root/.m2/repository/io/netty/netty-codec-protobuf/4.2.18.Final-SNAPSHOT/netty-codec-protobuf-4.2.18.Final-SNAPSHOT.pom
[INFO] Installing /code/codec-protobuf/target/netty-codec-protobuf-4.2.18.Final-SNAPSHOT.jar to /root/.m2/repository/io/netty/netty-codec-protobuf/4.2.18.Final-SNAPSHOT/netty-codec-protobuf-4.2.18.Final-SNAPSHOT.jar
[INFO] Installing /code/codec-protobuf/target/netty-codec-protobuf-4.2.18.Final-SNAPSHOT-sources.jar to /root/.m2/repository/io/netty/netty-codec-protobuf/4.2.18.Final-SNAPSHOT/netty-codec-protobuf-4.2.18.Final-SNAPSHOT-sources.jar
[INFO] Installing /code/codec-protobuf/target/netty-codec-protobuf-4.2.18.Final-SNAPSHOT-test-sources.jar to /root/.m2/repository/io/netty/netty-codec-protobuf/4.2.18.Final-SNAPSHOT/netty-codec-protobuf-4.2.18.Final-SNAPSHOT-test-sources.jar
[INFO] Installing /code/codec-protobuf/target/netty-codec-protobuf-4.2.18.Final-SNAPSHOT-tests.jar to /root/.m2/repository/io/netty/netty-codec-protobuf/4.2.18.Final-SNAPSHOT/netty-codec-protobuf-4.2.18.Final-SNAPSHOT-tests.jar
[INFO] 
[INFO] ------------------< io.netty:netty-codec-marshalling >------------------
[INFO] Building Netty/Codec/Marshalling 4.2.18.Final-SNAPSHOT           [13/31]
[INFO]   from codec-marshalling/pom.xml
[INFO] --------------------------------[ jar ]---------------------------------
[INFO] 
[INFO] --- enforcer:3.0.0:enforce (enforce-maven) @ netty-codec-marshalling ---
[INFO] 
[INFO] --- enforcer:3.0.0:enforce (enforce-tools) @ netty-codec-marshalling ---
[INFO] 
[INFO] --- checkstyle:3.1.0:check (check-style) @ netty-codec-marshalling ---
[INFO] 
[INFO] --- xml:1.0.1:check-format (check-style) @ netty-codec-marshalling ---
[INFO] 
[INFO] --- build-helper:1.10:parse-version (parse-version) @ netty-codec-marshalling ---
[INFO] 
[INFO] --- antrun:1.8:run (write-version-properties) @ netty-codec-marshalling ---
[INFO] Executing tasks

main:
     [exec] Result: 128
     [exec] Result: 128
     [echo] Current commit: 0 on 1970-01-01 00:00:00 +0000
    [mkdir] Created dir: /code/codec-marshalling/target/classes/META-INF
[propertyfile] Creating new property file: /code/codec-marshalling/target/classes/META-INF/io.netty.versions.properties
[INFO] Executed tasks
[INFO] 
[INFO] --- resources:3.0.1:resources (default-resources) @ netty-codec-marshalling ---
[INFO] Using 'UTF-8' encoding to copy filtered resources.
[INFO] Copying 1 resource
[INFO] 
[INFO] --- compiler:3.14.0:compile (default-compile) @ netty-codec-marshalling ---
[WARNING]  Parameter 'compilerVersion' (user property 'maven.compiler.compilerVersion') is deprecated: This parameter is no longer evaluated by the underlying compilers, instead the actual version of the javac binary is automatically retrieved.
[WARNING]  Parameter 'optimize' (user property 'maven.compiler.optimize') is deprecated: This property is a no-op in javac.
[INFO] Recompiling the module because of changed dependency.
[INFO] Compiling 14 source files with javac [forked debug deprecation release 8] to target/classes
[INFO] 
[INFO] --- forbiddenapis:2.2:check (check-forbidden-apis) @ netty-codec-marshalling ---
[WARNING]  Parameter 'internalRuntimeForbidden' is deprecated: Use <a href="bundled-signatures.html">bundled signatures</a> {@code "jdk-non-portable"} or {@code "jdk-internal"} instead.
[INFO] Skipping forbidden-apis checks.
[INFO] 
[INFO] --- bundle:5.1.8:manifest (generate-manifest) @ netty-codec-marshalling ---
[INFO] No MANIFEST.MF file found, generating manifest.
[WARNING] Manifest io.netty:netty-codec-marshalling:jar:4.2.18.Final-SNAPSHOT : Unused Import-Package instructions: [sun.net.dns.*, sun.misc.*, sun.security.*] 
[INFO] Writing manifest: /code/codec-marshalling/target/classes/META-INF/MANIFEST.MF
[INFO] 
[INFO] --- module-info:2.2:generate (module-info) @ netty-codec-marshalling ---
[INFO] Using source file: /code/codec-marshalling/src/main/java/module-info.yml
[INFO] Using module name "io.netty.codec.marshalling"
[INFO] Using module version "4.2.18.Final-SNAPSHOT"
[INFO] Automatically adding export for package "io.netty.handler.codec.marshalling"
[INFO] Automatically adding mandatory "java.base" dependency
[INFO] Wrote module descriptor "/code/codec-marshalling/target/classes/META-INF/versions/11/module-info.class"
[INFO] 
[INFO] --- resources:3.0.1:testResources (default-testResources) @ netty-codec-marshalling ---
[INFO] Using 'UTF-8' encoding to copy filtered resources.
[INFO] skip non existing resourceDirectory /code/codec-marshalling/src/test/resources
[INFO] Copying 0 resource
[INFO] 
[INFO] --- compiler:3.14.0:testCompile (default-testCompile) @ netty-codec-marshalling ---
[WARNING]  Parameter 'compilerVersion' (user property 'maven.compiler.compilerVersion') is deprecated: This parameter is no longer evaluated by the underlying compilers, instead the actual version of the javac binary is automatically retrieved.
[WARNING]  Parameter 'optimize' (user property 'maven.compiler.optimize') is deprecated: This property is a no-op in javac.
[INFO] Recompiling the module because of changed dependency.
[INFO] Compiling 23 source files with javac [forked debug deprecation release 8] to target/test-classes
[INFO] 
[INFO] --- forbiddenapis:2.2:testCheck (check-forbidden-test-apis) @ netty-codec-marshalling ---
[WARNING]  Parameter 'internalRuntimeForbidden' is deprecated: Use <a href="bundled-signatures.html">bundled signatures</a> {@code "jdk-non-portable"} or {@code "jdk-internal"} instead.
[INFO] Skipping forbidden-apis checks.
[INFO] 
[INFO] --- surefire:3.5.6:test (default-test) @ netty-codec-marshalling ---
[INFO] Tests are skipped.
[INFO] 
[INFO] --- source:3.2.0:jar-no-fork (attach-sources) @ netty-codec-marshalling ---
[INFO] Building jar: /code/codec-marshalling/target/netty-codec-marshalling-4.2.18.Final-SNAPSHOT-sources.jar
[INFO] 
[INFO] --- source:3.2.0:test-jar-no-fork (attach-test-sources) @ netty-codec-marshalling ---
[INFO] Building jar: /code/codec-marshalling/target/netty-codec-marshalling-4.2.18.Final-SNAPSHOT-test-sources.jar
[INFO] 
[INFO] --- jar:3.0.2:jar (default-jar) @ netty-codec-marshalling ---
[INFO] Building jar: /code/codec-marshalling/target/netty-codec-marshalling-4.2.18.Final-SNAPSHOT.jar
[INFO] 
[INFO] --- jar:3.0.2:test-jar (default) @ netty-codec-marshalling ---
[INFO] Building jar: /code/codec-marshalling/target/netty-codec-marshalling-4.2.18.Final-SNAPSHOT-tests.jar
[INFO] 
[INFO] --- revapi:0.15.0:check (api-check) @ netty-codec-marshalling ---
[INFO] Skipping execution
[INFO] 
[INFO] --- install:3.1.2:install (default-install) @ netty-codec-marshalling ---
[INFO] Installing /code/codec-marshalling/pom.xml to /root/.m2/repository/io/netty/netty-codec-marshalling/4.2.18.Final-SNAPSHOT/netty-codec-marshalling-4.2.18.Final-SNAPSHOT.pom
[INFO] Installing /code/codec-marshalling/target/netty-codec-marshalling-4.2.18.Final-SNAPSHOT.jar to /root/.m2/repository/io/netty/netty-codec-marshalling/4.2.18.Final-SNAPSHOT/netty-codec-marshalling-4.2.18.Final-SNAPSHOT.jar
[INFO] Installing /code/codec-marshalling/target/netty-codec-marshalling-4.2.18.Final-SNAPSHOT-sources.jar to /root/.m2/repository/io/netty/netty-codec-marshalling/4.2.18.Final-SNAPSHOT/netty-codec-marshalling-4.2.18.Final-SNAPSHOT-sources.jar
[INFO] Installing /code/codec-marshalling/target/netty-codec-marshalling-4.2.18.Final-SNAPSHOT-test-sources.jar to /root/.m2/repository/io/netty/netty-codec-marshalling/4.2.18.Final-SNAPSHOT/netty-codec-marshalling-4.2.18.Final-SNAPSHOT-test-sources.jar
[INFO] Installing /code/codec-marshalling/target/netty-codec-marshalling-4.2.18.Final-SNAPSHOT-tests.jar to /root/.m2/repository/io/netty/netty-codec-marshalling/4.2.18.Final-SNAPSHOT/netty-codec-marshalling-4.2.18.Final-SNAPSHOT-tests.jar
[INFO] 
[INFO] ------------------------< io.netty:netty-codec >------------------------
[INFO] Building Netty/Codec 4.2.18.Final-SNAPSHOT                       [14/31]
[INFO]   from codec/pom.xml
[INFO] --------------------------------[ jar ]---------------------------------
[INFO] 
[INFO] --- enforcer:3.0.0:enforce (enforce-maven) @ netty-codec ---
[INFO] 
[INFO] --- enforcer:3.0.0:enforce (enforce-tools) @ netty-codec ---
[INFO] 
[INFO] --- checkstyle:3.1.0:check (check-style) @ netty-codec ---
[INFO] 
[INFO] --- xml:1.0.1:check-format (check-style) @ netty-codec ---
[INFO] 
[INFO] --- build-helper:1.10:parse-version (parse-version) @ netty-codec ---
[INFO] 
[INFO] --- antrun:1.8:run (write-version-properties) @ netty-codec ---
[INFO] Executing tasks

main:
     [exec] Result: 128
     [exec] Result: 128
     [echo] Current commit: 0 on 1970-01-01 00:00:00 +0000
    [mkdir] Created dir: /code/codec/target/classes/META-INF
[propertyfile] Creating new property file: /code/codec/target/classes/META-INF/io.netty.versions.properties
[INFO] Executed tasks
[INFO] 
[INFO] --- resources:3.0.1:resources (default-resources) @ netty-codec ---
[INFO] Using 'UTF-8' encoding to copy filtered resources.
[INFO] skip non existing resourceDirectory /code/codec/src/main/resources
[INFO] 
[INFO] --- compiler:3.14.0:compile (default-compile) @ netty-codec ---
[WARNING]  Parameter 'compilerVersion' (user property 'maven.compiler.compilerVersion') is deprecated: This parameter is no longer evaluated by the underlying compilers, instead the actual version of the javac binary is automatically retrieved.
[WARNING]  Parameter 'optimize' (user property 'maven.compiler.optimize') is deprecated: This property is a no-op in javac.
[INFO] No sources to compile
[INFO] 
[INFO] --- forbiddenapis:2.2:check (check-forbidden-apis) @ netty-codec ---
[WARNING]  Parameter 'internalRuntimeForbidden' is deprecated: Use <a href="bundled-signatures.html">bundled signatures</a> {@code "jdk-non-portable"} or {@code "jdk-internal"} instead.
[INFO] Skipping forbidden-apis checks.
[INFO] 
[INFO] --- bundle:5.1.8:manifest (generate-manifest) @ netty-codec ---
[INFO] No MANIFEST.MF file found, generating manifest.
[WARNING] Manifest io.netty:netty-codec:jar:4.2.18.Final-SNAPSHOT : Unused Export-Package instructions: [io.netty.*] 
[WARNING] Manifest io.netty:netty-codec:jar:4.2.18.Final-SNAPSHOT : Unused Import-Package instructions: [sun.net.dns.*, sun.misc.*, sun.security.*] 
[INFO] Writing manifest: /code/codec/target/classes/META-INF/MANIFEST.MF
[INFO] 
[INFO] --- module-info:2.2:generate (module-info) @ netty-codec ---
[INFO] Using module name "io.netty.codec.unused"
[INFO] Using module version "4.2.18.Final-SNAPSHOT"
[INFO] Automatically adding mandatory "java.base" dependency
[INFO] Wrote module descriptor "/code/codec/target/classes/META-INF/versions/11/module-info.class"
[INFO] 
[INFO] --- resources:3.0.1:testResources (default-testResources) @ netty-codec ---
[INFO] Using 'UTF-8' encoding to copy filtered resources.
[INFO] skip non existing resourceDirectory /code/codec/src/test/resources
[INFO] Copying 0 resource
[INFO] 
[INFO] --- compiler:3.14.0:testCompile (default-testCompile) @ netty-codec ---
[WARNING]  Parameter 'compilerVersion' (user property 'maven.compiler.compilerVersion') is deprecated: This parameter is no longer evaluated by the underlying compilers, instead the actual version of the javac binary is automatically retrieved.
[WARNING]  Parameter 'optimize' (user property 'maven.compiler.optimize') is deprecated: This property is a no-op in javac.
[INFO] No sources to compile
[INFO] 
[INFO] --- forbiddenapis:2.2:testCheck (check-forbidden-test-apis) @ netty-codec ---
[WARNING]  Parameter 'internalRuntimeForbidden' is deprecated: Use <a href="bundled-signatures.html">bundled signatures</a> {@code "jdk-non-portable"} or {@code "jdk-internal"} instead.
[INFO] Skipping forbidden-apis checks.
[INFO] 
[INFO] --- surefire:3.5.6:test (default-test) @ netty-codec ---
[INFO] Tests are skipped.
[INFO] 
[INFO] --- source:3.2.0:jar-no-fork (attach-sources) @ netty-codec ---
[INFO] No sources in project. Archive not created.
[INFO] 
[INFO] --- source:3.2.0:test-jar-no-fork (attach-test-sources) @ netty-codec ---
[INFO] No sources in project. Archive not created.
[INFO] 
[INFO] --- jar:3.0.2:jar (default-jar) @ netty-codec ---
[INFO] Building jar: /code/codec/target/netty-codec-4.2.18.Final-SNAPSHOT.jar
[INFO] 
[INFO] --- jar:3.0.2:test-jar (default) @ netty-codec ---
[INFO] Building jar: /code/codec/target/netty-codec-4.2.18.Final-SNAPSHOT-tests.jar
[INFO] 
[INFO] --- jar:3.0.2:jar (empty-javadoc-jar) @ netty-codec ---
[WARNING] JAR will be empty - no content was marked for inclusion!
[INFO] Building jar: /code/codec/target/netty-codec-4.2.18.Final-SNAPSHOT-javadoc.jar
[INFO] 
[INFO] --- jar:3.0.2:jar (empty-sources-jar) @ netty-codec ---
[WARNING] JAR will be empty - no content was marked for inclusion!
[INFO] Building jar: /code/codec/target/netty-codec-4.2.18.Final-SNAPSHOT-sources.jar
[INFO] 
[INFO] --- revapi:0.15.0:check (api-check) @ netty-codec ---
[INFO] Skipping execution
[INFO] 
[INFO] --- install:3.1.2:install (default-install) @ netty-codec ---
[INFO] Installing /code/codec/pom.xml to /root/.m2/repository/io/netty/netty-codec/4.2.18.Final-SNAPSHOT/netty-codec-4.2.18.Final-SNAPSHOT.pom
[INFO] Installing /code/codec/target/netty-codec-4.2.18.Final-SNAPSHOT.jar to /root/.m2/repository/io/netty/netty-codec/4.2.18.Final-SNAPSHOT/netty-codec-4.2.18.Final-SNAPSHOT.jar
[INFO] Installing /code/codec/target/netty-codec-4.2.18.Final-SNAPSHOT-tests.jar to /root/.m2/repository/io/netty/netty-codec/4.2.18.Final-SNAPSHOT/netty-codec-4.2.18.Final-SNAPSHOT-tests.jar
[INFO] Installing /code/codec/target/netty-codec-4.2.18.Final-SNAPSHOT-javadoc.jar to /root/.m2/repository/io/netty/netty-codec/4.2.18.Final-SNAPSHOT/netty-codec-4.2.18.Final-SNAPSHOT-javadoc.jar
[INFO] Installing /code/codec/target/netty-codec-4.2.18.Final-SNAPSHOT-sources.jar to /root/.m2/repository/io/netty/netty-codec/4.2.18.Final-SNAPSHOT/netty-codec-4.2.18.Final-SNAPSHOT-sources.jar
[INFO] 
[INFO] ------------< io.netty:netty-transport-native-unix-common >-------------
[INFO] Building Netty/Transport/Native/Unix/Common 4.2.18.Final-SNAPSHOT [15/31]
[INFO]   from transport-native-unix-common/pom.xml
[INFO] --------------------------------[ jar ]---------------------------------
[INFO] 
[INFO] --- enforcer:3.0.0:enforce (enforce-maven) @ netty-transport-native-unix-common ---
[INFO] 
[INFO] --- enforcer:3.0.0:enforce (enforce-tools) @ netty-transport-native-unix-common ---
[INFO] 
[INFO] --- checkstyle:3.1.0:check (check-style) @ netty-transport-native-unix-common ---
[INFO] 
[INFO] --- xml:1.0.1:check-format (check-style) @ netty-transport-native-unix-common ---
[INFO] 
[INFO] --- build-helper:1.10:parse-version (parse-version) @ netty-transport-native-unix-common ---
[INFO] 
[INFO] --- antrun:1.8:run (write-version-properties) @ netty-transport-native-unix-common ---
[INFO] Executing tasks

main:
     [exec] Result: 128
     [exec] Result: 128
     [echo] Current commit: 0 on 1970-01-01 00:00:00 +0000
    [mkdir] Created dir: /code/transport-native-unix-common/target/classes/META-INF
[propertyfile] Creating new property file: /code/transport-native-unix-common/target/classes/META-INF/io.netty.versions.properties
[INFO] Executed tasks
[INFO] 
[INFO] --- dependency:2.10:unpack-dependencies (unpack) @ netty-transport-native-unix-common ---
[INFO] Unpacking /root/.m2/repository/io/netty/netty-jni-util/0.0.10.Final/netty-jni-util-0.0.10.Final-sources.jar to /code/transport-native-unix-common/target/netty-jni-util with includes "**.h,**.c" and excludes ""
[INFO] 
[INFO] --- build-helper:1.10:add-source (default) @ netty-transport-native-unix-common ---
[INFO] Source directory: /code/transport-native-unix-common/src/main/c added.
[INFO] 
[INFO] --- antrun:1.8:run (build-native-lib) @ netty-transport-native-unix-common ---
[INFO] Executing tasks

main:
     [exec] mkdir -p /code/transport-native-unix-common/target/native-objs-only
     [exec] gcc -o /code/transport-native-unix-common/target/native-objs-only/netty_unix_limits.o -c src/main/c/netty_unix_limits.c -O3 -Werror -Wno-attributes -fPIC -fno-omit-frame-pointer -Wunused-variable -fvisibility=hidden -I/root/.sdkman/candidates/java/current/include -I/root/.sdkman/candidates/java/current/include/linux -Itarget/netty-jni-util
     [exec] mkdir -p /code/transport-native-unix-common/target/native-objs-only
     [exec] gcc -o /code/transport-native-unix-common/target/native-objs-only/netty_unix_buffer.o -c src/main/c/netty_unix_buffer.c -O3 -Werror -Wno-attributes -fPIC -fno-omit-frame-pointer -Wunused-variable -fvisibility=hidden -I/root/.sdkman/candidates/java/current/include -I/root/.sdkman/candidates/java/current/include/linux -Itarget/netty-jni-util
     [exec] mkdir -p /code/transport-native-unix-common/target/native-objs-only
     [exec] gcc -o /code/transport-native-unix-common/target/native-objs-only/netty_unix_util.o -c src/main/c/netty_unix_util.c -O3 -Werror -Wno-attributes -fPIC -fno-omit-frame-pointer -Wunused-variable -fvisibility=hidden -I/root/.sdkman/candidates/java/current/include -I/root/.sdkman/candidates/java/current/include/linux -Itarget/netty-jni-util
     [exec] mkdir -p /code/transport-native-unix-common/target/native-objs-only
     [exec] gcc -o /code/transport-native-unix-common/target/native-objs-only/netty_unix_socket.o -c src/main/c/netty_unix_socket.c -O3 -Werror -Wno-attributes -fPIC -fno-omit-frame-pointer -Wunused-variable -fvisibility=hidden -I/root/.sdkman/candidates/java/current/include -I/root/.sdkman/candidates/java/current/include/linux -Itarget/netty-jni-util
     [exec] mkdir -p /code/transport-native-unix-common/target/native-objs-only
     [exec] gcc -o /code/transport-native-unix-common/target/native-objs-only/netty_unix_errors.o -c src/main/c/netty_unix_errors.c -O3 -Werror -Wno-attributes -fPIC -fno-omit-frame-pointer -Wunused-variable -fvisibility=hidden -I/root/.sdkman/candidates/java/current/include -I/root/.sdkman/candidates/java/current/include/linux -Itarget/netty-jni-util
     [exec] mkdir -p /code/transport-native-unix-common/target/native-objs-only
     [exec] gcc -o /code/transport-native-unix-common/target/native-objs-only/netty_unix_filedescriptor.o -c src/main/c/netty_unix_filedescriptor.c -O3 -Werror -Wno-attributes -fPIC -fno-omit-frame-pointer -Wunused-variable -fvisibility=hidden -I/root/.sdkman/candidates/java/current/include -I/root/.sdkman/candidates/java/current/include/linux -Itarget/netty-jni-util
     [exec] mkdir -p /code/transport-native-unix-common/target/native-objs-only
     [exec] gcc -o /code/transport-native-unix-common/target/native-objs-only/netty_unix.o -c src/main/c/netty_unix.c -O3 -Werror -Wno-attributes -fPIC -fno-omit-frame-pointer -Wunused-variable -fvisibility=hidden -I/root/.sdkman/candidates/java/current/include -I/root/.sdkman/candidates/java/current/include/linux -Itarget/netty-jni-util
     [exec] mkdir -p /code/transport-native-unix-common/target/native-objs-only
     [exec] gcc -o /code/transport-native-unix-common/target/native-objs-only/netty_jni_util.o -c target/netty-jni-util/netty_jni_util.c -O3 -Werror -Wno-attributes -fPIC -fno-omit-frame-pointer -Wunused-variable -fvisibility=hidden -I/root/.sdkman/candidates/java/current/include -I/root/.sdkman/candidates/java/current/include/linux -Itarget/netty-jni-util
     [exec] mkdir -p /code/transport-native-unix-common/target/native-lib-only
     [exec] ar rcs /code/transport-native-unix-common/target/native-lib-only/libnetty-unix-common.a /code/transport-native-unix-common/target/native-objs-only/netty_unix_limits.o /code/transport-native-unix-common/target/native-objs-only/netty_unix_buffer.o /code/transport-native-unix-common/target/native-objs-only/netty_unix_util.o /code/transport-native-unix-common/target/native-objs-only/netty_unix_socket.o /code/transport-native-unix-common/target/native-objs-only/netty_unix_errors.o /code/transport-native-unix-common/target/native-objs-only/netty_unix_filedescriptor.o /code/transport-native-unix-common/target/native-objs-only/netty_unix.o /code/transport-native-unix-common/target/native-objs-only/netty_jni_util.o
[INFO] Executed tasks
[INFO] 
[INFO] --- resources:3.0.1:resources (default-resources) @ netty-transport-native-unix-common ---
[INFO] Using 'UTF-8' encoding to copy filtered resources.
[INFO] skip non existing resourceDirectory /code/transport-native-unix-common/src/main/resources
[INFO] 
[INFO] --- compiler:3.14.0:compile (default-compile) @ netty-transport-native-unix-common ---
[WARNING]  Parameter 'compilerVersion' (user property 'maven.compiler.compilerVersion') is deprecated: This parameter is no longer evaluated by the underlying compilers, instead the actual version of the javac binary is automatically retrieved.
[WARNING]  Parameter 'optimize' (user property 'maven.compiler.optimize') is deprecated: This property is a no-op in javac.
[INFO] Recompiling the module because of changed dependency.
[INFO] Compiling 30 source files with javac [forked debug deprecation release 8] to target/classes
[WARNING] /code/transport-native-unix-common/src/main/java/io/netty/channel/unix/Socket.java:[19,30] [deprecation] InternetProtocolFamily in io.netty.channel.socket has been deprecated
[WARNING] /code/transport-native-unix-common/src/main/java/io/netty/channel/unix/UnixChannelOption.java:[31,8] [deprecation] ChannelOption(String) in ChannelOption has been deprecated
[INFO] 
[INFO] --- forbiddenapis:2.2:check (check-forbidden-apis) @ netty-transport-native-unix-common ---
[WARNING]  Parameter 'internalRuntimeForbidden' is deprecated: Use <a href="bundled-signatures.html">bundled signatures</a> {@code "jdk-non-portable"} or {@code "jdk-internal"} instead.
[INFO] Skipping forbidden-apis checks.
[INFO] 
[INFO] --- bundle:5.1.8:manifest (generate-manifest) @ netty-transport-native-unix-common ---
[INFO] No MANIFEST.MF file found, generating manifest.
[WARNING] Manifest io.netty:netty-transport-native-unix-common:jar:4.2.18.Final-SNAPSHOT : Unused Import-Package instructions: [sun.net.dns.*, sun.misc.*, sun.security.*] 
[INFO] Writing manifest: /code/transport-native-unix-common/target/classes/META-INF/MANIFEST.MF
[INFO] 
[INFO] --- module-info:2.2:generate (module-info) @ netty-transport-native-unix-common ---
[INFO] Using source file: /code/transport-native-unix-common/src/main/java/module-info.yml
[INFO] Using module name "io.netty.transport.unix.common"
[INFO] Using module version "4.2.18.Final-SNAPSHOT"
[INFO] Automatically adding export for package "io.netty.channel.unix"
[INFO] Automatically adding mandatory "java.base" dependency
[INFO] Wrote module descriptor "/code/transport-native-unix-common/target/classes/META-INF/versions/11/module-info.class"
[INFO] 
[INFO] --- resources:3.0.1:testResources (default-testResources) @ netty-transport-native-unix-common ---
[INFO] Using 'UTF-8' encoding to copy filtered resources.
[INFO] skip non existing resourceDirectory /code/transport-native-unix-common/src/test/resources
[INFO] Copying 0 resource
[INFO] 
[INFO] --- compiler:3.14.0:testCompile (default-testCompile) @ netty-transport-native-unix-common ---
[WARNING]  Parameter 'compilerVersion' (user property 'maven.compiler.compilerVersion') is deprecated: This parameter is no longer evaluated by the underlying compilers, instead the actual version of the javac binary is automatically retrieved.
[WARNING]  Parameter 'optimize' (user property 'maven.compiler.optimize') is deprecated: This property is a no-op in javac.
[INFO] Recompiling the module because of changed dependency.
[INFO] Compiling 2 source files with javac [forked debug deprecation release 8] to target/test-classes
[INFO] 
[INFO] --- forbiddenapis:2.2:testCheck (check-forbidden-test-apis) @ netty-transport-native-unix-common ---
[WARNING]  Parameter 'internalRuntimeForbidden' is deprecated: Use <a href="bundled-signatures.html">bundled signatures</a> {@code "jdk-non-portable"} or {@code "jdk-internal"} instead.
[INFO] Skipping forbidden-apis checks.
[INFO] 
[INFO] --- surefire:3.5.6:test (default-test) @ netty-transport-native-unix-common ---
[INFO] Tests are skipped.
[INFO] 
[INFO] --- source:3.2.0:jar-no-fork (attach-sources) @ netty-transport-native-unix-common ---
[INFO] Building jar: /code/transport-native-unix-common/target/netty-transport-native-unix-common-4.2.18.Final-SNAPSHOT-sources.jar
[INFO] 
[INFO] --- source:3.2.0:test-jar-no-fork (attach-test-sources) @ netty-transport-native-unix-common ---
[INFO] Building jar: /code/transport-native-unix-common/target/netty-transport-native-unix-common-4.2.18.Final-SNAPSHOT-test-sources.jar
[INFO] 
[INFO] --- jar:3.0.2:jar (default-jar) @ netty-transport-native-unix-common ---
[INFO] Building jar: /code/transport-native-unix-common/target/netty-transport-native-unix-common-4.2.18.Final-SNAPSHOT.jar
[INFO] 
[INFO] --- antrun:1.8:run (native-jar) @ netty-transport-native-unix-common ---
[INFO] Executing tasks

main:
     [copy] Copying 38 resources to /code/transport-native-unix-common/target/native-jar-work
     [copy] Copying 1 file to /code/transport-native-unix-common/target/native-jar-work
     [copy] Copying 8 files to /code/transport-native-unix-common/target/native-jar-work
     [copy] Copying 1 file to /code/transport-native-unix-common/target/native-jar-work
      [jar] Building jar: /code/transport-native-unix-common/target/netty-transport-native-unix-common-4.2.18.Final-SNAPSHOT-linux-x86_64.jar
[INFO] Executed tasks
[INFO] 
[INFO] --- jar:3.0.2:test-jar (default) @ netty-transport-native-unix-common ---
[INFO] Building jar: /code/transport-native-unix-common/target/netty-transport-native-unix-common-4.2.18.Final-SNAPSHOT-tests.jar
[INFO] 
[INFO] --- revapi:0.15.0:check (api-check) @ netty-transport-native-unix-common ---
[INFO] Skipping execution
[INFO] 
[INFO] --- install:3.1.2:install (default-install) @ netty-transport-native-unix-common ---
[INFO] Installing /code/transport-native-unix-common/pom.xml to /root/.m2/repository/io/netty/netty-transport-native-unix-common/4.2.18.Final-SNAPSHOT/netty-transport-native-unix-common-4.2.18.Final-SNAPSHOT.pom
[INFO] Installing /code/transport-native-unix-common/target/netty-transport-native-unix-common-4.2.18.Final-SNAPSHOT.jar to /root/.m2/repository/io/netty/netty-transport-native-unix-common/4.2.18.Final-SNAPSHOT/netty-transport-native-unix-common-4.2.18.Final-SNAPSHOT.jar
[INFO] Installing /code/transport-native-unix-common/target/netty-transport-native-unix-common-4.2.18.Final-SNAPSHOT-sources.jar to /root/.m2/repository/io/netty/netty-transport-native-unix-common/4.2.18.Final-SNAPSHOT/netty-transport-native-unix-common-4.2.18.Final-SNAPSHOT-sources.jar
[INFO] Installing /code/transport-native-unix-common/target/netty-transport-native-unix-common-4.2.18.Final-SNAPSHOT-test-sources.jar to /root/.m2/repository/io/netty/netty-transport-native-unix-common/4.2.18.Final-SNAPSHOT/netty-transport-native-unix-common-4.2.18.Final-SNAPSHOT-test-sources.jar
[INFO] Installing /code/transport-native-unix-common/target/netty-transport-native-unix-common-4.2.18.Final-SNAPSHOT-linux-x86_64.jar to /root/.m2/repository/io/netty/netty-transport-native-unix-common/4.2.18.Final-SNAPSHOT/netty-transport-native-unix-common-4.2.18.Final-SNAPSHOT-linux-x86_64.jar
[INFO] Installing /code/transport-native-unix-common/target/netty-transport-native-unix-common-4.2.18.Final-SNAPSHOT-tests.jar to /root/.m2/repository/io/netty/netty-transport-native-unix-common/4.2.18.Final-SNAPSHOT/netty-transport-native-unix-common-4.2.18.Final-SNAPSHOT-tests.jar
[INFO] 
[INFO] ---------------------< io.netty:netty-pkitesting >----------------------
[INFO] Building Netty/PKITesting 4.2.18.Final-SNAPSHOT                  [16/31]
[INFO]   from pkitesting/pom.xml
[INFO] --------------------------------[ jar ]---------------------------------
[INFO] 
[INFO] --- enforcer:3.0.0:enforce (enforce-maven) @ netty-pkitesting ---
[INFO] 
[INFO] --- enforcer:3.0.0:enforce (enforce-tools) @ netty-pkitesting ---
[INFO] 
[INFO] --- checkstyle:3.1.0:check (check-style) @ netty-pkitesting ---
[INFO] 
[INFO] --- xml:1.0.1:check-format (check-style) @ netty-pkitesting ---
[INFO] 
[INFO] --- build-helper:1.10:parse-version (parse-version) @ netty-pkitesting ---
[INFO] 
[INFO] --- antrun:1.8:run (write-version-properties) @ netty-pkitesting ---
[INFO] Executing tasks

main:
     [exec] Result: 128
     [exec] Result: 128
     [echo] Current commit: 0 on 1970-01-01 00:00:00 +0000
    [mkdir] Created dir: /code/pkitesting/target/classes/META-INF
[propertyfile] Creating new property file: /code/pkitesting/target/classes/META-INF/io.netty.versions.properties
[INFO] Executed tasks
[INFO] 
[INFO] --- resources:3.0.1:resources (default-resources) @ netty-pkitesting ---
[INFO] Using 'UTF-8' encoding to copy filtered resources.
[INFO] skip non existing resourceDirectory /code/pkitesting/src/main/resources
[INFO] 
[INFO] --- compiler:3.14.0:compile (default-compile) @ netty-pkitesting ---
[WARNING]  Parameter 'compilerVersion' (user property 'maven.compiler.compilerVersion') is deprecated: This parameter is no longer evaluated by the underlying compilers, instead the actual version of the javac binary is automatically retrieved.
[WARNING]  Parameter 'optimize' (user property 'maven.compiler.optimize') is deprecated: This property is a no-op in javac.
[INFO] Recompiling the module because of changed dependency.
[INFO] Compiling 7 source files with javac [forked debug deprecation release 8] to target/classes
[INFO] 
[INFO] --- forbiddenapis:2.2:check (check-forbidden-apis) @ netty-pkitesting ---
[WARNING]  Parameter 'internalRuntimeForbidden' is deprecated: Use <a href="bundled-signatures.html">bundled signatures</a> {@code "jdk-non-portable"} or {@code "jdk-internal"} instead.
[INFO] Skipping forbidden-apis checks.
[INFO] 
[INFO] --- bundle:5.1.8:manifest (generate-manifest) @ netty-pkitesting ---
[INFO] No MANIFEST.MF file found, generating manifest.
[WARNING] Manifest io.netty:netty-pkitesting:jar:4.2.18.Final-SNAPSHOT : Unused Import-Package instructions: [sun.net.dns.*, sun.misc.*, sun.security.*] 
[INFO] Writing manifest: /code/pkitesting/target/classes/META-INF/MANIFEST.MF
[INFO] 
[INFO] --- module-info:2.2:generate (module-info) @ netty-pkitesting ---
[INFO] Using source file: /code/pkitesting/src/main/java/module-info.yml
[INFO] Using module name "io.netty.pkitesting"
[INFO] Using module version "4.2.18.Final-SNAPSHOT"
[INFO] Automatically adding export for package "io.netty.pkitesting"
[INFO] Automatically adding mandatory "java.base" dependency
[INFO] Wrote module descriptor "/code/pkitesting/target/classes/META-INF/versions/11/module-info.class"
[INFO] 
[INFO] --- resources:3.0.1:testResources (default-testResources) @ netty-pkitesting ---
[INFO] Using 'UTF-8' encoding to copy filtered resources.
[INFO] skip non existing resourceDirectory /code/pkitesting/src/test/resources
[INFO] Copying 0 resource
[INFO] 
[INFO] --- compiler:3.14.0:testCompile (default-testCompile) @ netty-pkitesting ---
[WARNING]  Parameter 'compilerVersion' (user property 'maven.compiler.compilerVersion') is deprecated: This parameter is no longer evaluated by the underlying compilers, instead the actual version of the javac binary is automatically retrieved.
[WARNING]  Parameter 'optimize' (user property 'maven.compiler.optimize') is deprecated: This property is a no-op in javac.
[INFO] Recompiling the module because of changed dependency.
[INFO] Compiling 1 source file with javac [forked debug deprecation release 8] to target/test-classes
[INFO] 
[INFO] --- forbiddenapis:2.2:testCheck (check-forbidden-test-apis) @ netty-pkitesting ---
[WARNING]  Parameter 'internalRuntimeForbidden' is deprecated: Use <a href="bundled-signatures.html">bundled signatures</a> {@code "jdk-non-portable"} or {@code "jdk-internal"} instead.
[INFO] Skipping forbidden-apis checks.
[INFO] 
[INFO] --- surefire:3.5.6:test (default-test) @ netty-pkitesting ---
[INFO] Tests are skipped.
[INFO] 
[INFO] --- source:3.2.0:jar-no-fork (attach-sources) @ netty-pkitesting ---
[INFO] Building jar: /code/pkitesting/target/netty-pkitesting-4.2.18.Final-SNAPSHOT-sources.jar
[INFO] 
[INFO] --- source:3.2.0:test-jar-no-fork (attach-test-sources) @ netty-pkitesting ---
[INFO] Building jar: /code/pkitesting/target/netty-pkitesting-4.2.18.Final-SNAPSHOT-test-sources.jar
[INFO] 
[INFO] --- jar:3.0.2:jar (default-jar) @ netty-pkitesting ---
[INFO] Building jar: /code/pkitesting/target/netty-pkitesting-4.2.18.Final-SNAPSHOT.jar
[INFO] 
[INFO] --- jar:3.0.2:test-jar (default) @ netty-pkitesting ---
[INFO] Building jar: /code/pkitesting/target/netty-pkitesting-4.2.18.Final-SNAPSHOT-tests.jar
[INFO] 
[INFO] --- revapi:0.15.0:check (api-check) @ netty-pkitesting ---
[INFO] Skipping execution
[INFO] 
[INFO] --- install:3.1.2:install (default-install) @ netty-pkitesting ---
[INFO] Installing /code/pkitesting/pom.xml to /root/.m2/repository/io/netty/netty-pkitesting/4.2.18.Final-SNAPSHOT/netty-pkitesting-4.2.18.Final-SNAPSHOT.pom
[INFO] Installing /code/pkitesting/target/netty-pkitesting-4.2.18.Final-SNAPSHOT.jar to /root/.m2/repository/io/netty/netty-pkitesting/4.2.18.Final-SNAPSHOT/netty-pkitesting-4.2.18.Final-SNAPSHOT.jar
[INFO] Installing /code/pkitesting/target/netty-pkitesting-4.2.18.Final-SNAPSHOT-sources.jar to /root/.m2/repository/io/netty/netty-pkitesting/4.2.18.Final-SNAPSHOT/netty-pkitesting-4.2.18.Final-SNAPSHOT-sources.jar
[INFO] Installing /code/pkitesting/target/netty-pkitesting-4.2.18.Final-SNAPSHOT-test-sources.jar to /root/.m2/repository/io/netty/netty-pkitesting/4.2.18.Final-SNAPSHOT/netty-pkitesting-4.2.18.Final-SNAPSHOT-test-sources.jar
[INFO] Installing /code/pkitesting/target/netty-pkitesting-4.2.18.Final-SNAPSHOT-tests.jar to /root/.m2/repository/io/netty/netty-pkitesting/4.2.18.Final-SNAPSHOT/netty-pkitesting-4.2.18.Final-SNAPSHOT-tests.jar
[INFO] 
[INFO] -----------------------< io.netty:netty-handler >-----------------------
[INFO] Building Netty/Handler 4.2.18.Final-SNAPSHOT                     [17/31]
[INFO]   from handler/pom.xml
[INFO] --------------------------------[ jar ]---------------------------------
[INFO] 
[INFO] --- enforcer:3.0.0:enforce (enforce-maven) @ netty-handler ---
[INFO] 
[INFO] --- enforcer:3.0.0:enforce (enforce-tools) @ netty-handler ---
[INFO] 
[INFO] --- checkstyle:3.1.0:check (check-style) @ netty-handler ---
[INFO] 
[INFO] --- xml:1.0.1:check-format (check-style) @ netty-handler ---
[INFO] 
[INFO] --- build-helper:1.10:parse-version (parse-version) @ netty-handler ---
[INFO] 
[INFO] --- antrun:1.8:run (write-version-properties) @ netty-handler ---
[INFO] Executing tasks

main:
     [exec] Result: 128
     [exec] Result: 128
     [echo] Current commit: 0 on 1970-01-01 00:00:00 +0000
    [mkdir] Created dir: /code/handler/target/classes/META-INF
[propertyfile] Creating new property file: /code/handler/target/classes/META-INF/io.netty.versions.properties
[INFO] Executed tasks
[INFO] 
[INFO] --- resources:3.0.1:resources (default-resources) @ netty-handler ---
[INFO] Using 'UTF-8' encoding to copy filtered resources.
[INFO] Copying 3 resources
[INFO] 
[INFO] --- compiler:3.14.0:compile (default-compile) @ netty-handler ---
[WARNING]  Parameter 'compilerVersion' (user property 'maven.compiler.compilerVersion') is deprecated: This parameter is no longer evaluated by the underlying compilers, instead the actual version of the javac binary is automatically retrieved.
[WARNING]  Parameter 'optimize' (user property 'maven.compiler.optimize') is deprecated: This property is a no-op in javac.
[INFO] Recompiling the module because of changed dependency.
[INFO] Compiling 166 source files with javac [forked debug deprecation release 8] to target/classes
[WARNING] /code/handler/src/main/java/io/netty/handler/ssl/JdkAlpnSslEngine.java:[29,34] [deprecation] JdkApplicationProtocolNegotiator in io.netty.handler.ssl has been deprecated
[WARNING] /code/handler/src/main/java/io/netty/handler/ssl/JdkAlpnSslEngine.java:[30,34] [deprecation] JdkApplicationProtocolNegotiator in io.netty.handler.ssl has been deprecated
[WARNING] /code/handler/src/main/java/io/netty/handler/ssl/ConscryptAlpnSslEngine.java:[24,27] [deprecation] JdkApplicationProtocolNegotiator in io.netty.handler.ssl has been deprecated
[WARNING] /code/handler/src/main/java/io/netty/handler/ssl/ConscryptAlpnSslEngine.java:[24,27] [deprecation] JdkApplicationProtocolNegotiator in io.netty.handler.ssl has been deprecated
[WARNING] /code/handler/src/main/java/io/netty/handler/ssl/ConscryptAlpnSslEngine.java:[25,27] [deprecation] JdkApplicationProtocolNegotiator in io.netty.handler.ssl has been deprecated
[WARNING] /code/handler/src/main/java/io/netty/handler/ssl/ConscryptAlpnSslEngine.java:[25,27] [deprecation] JdkApplicationProtocolNegotiator in io.netty.handler.ssl has been deprecated
[WARNING] /code/handler/src/main/java/io/netty/handler/ssl/SniHandler.java:[22,20] [deprecation] DomainNameMapping in io.netty.util has been deprecated
[WARNING] /code/handler/src/main/java/io/netty/handler/ssl/util/BouncyCastleSelfSignedCertGenerator.java:[34,39] [deprecation] SelfSignedCertificate in io.netty.handler.ssl.util has been deprecated
[WARNING] /code/handler/src/main/java/io/netty/handler/ssl/util/CertificateBuilderCertGenerator.java:[25,39] [deprecation] SelfSignedCertificate in io.netty.handler.ssl.util has been deprecated
[WARNING] /code/handler/src/main/java/io/netty/handler/ssl/util/OpenJdkSelfSignedCertGenerator.java:[38,39] [deprecation] SelfSignedCertificate in io.netty.handler.ssl.util has been deprecated
[WARNING] /code/handler/src/main/java/io/netty/handler/ssl/ConscryptAlpnSslEngine.java:[49,12] [deprecation] JdkApplicationProtocolNegotiator in io.netty.handler.ssl has been deprecated
[WARNING] /code/handler/src/main/java/io/netty/handler/ssl/ConscryptAlpnSslEngine.java:[54,12] [deprecation] JdkApplicationProtocolNegotiator in io.netty.handler.ssl has been deprecated
[WARNING] /code/handler/src/main/java/io/netty/handler/ssl/ConscryptAlpnSslEngine.java:[116,16] [deprecation] JdkApplicationProtocolNegotiator in io.netty.handler.ssl has been deprecated
[WARNING] /code/handler/src/main/java/io/netty/handler/ssl/ConscryptAlpnSslEngine.java:[145,21] [deprecation] JdkApplicationProtocolNegotiator in io.netty.handler.ssl has been deprecated
[WARNING] /code/handler/src/main/java/io/netty/handler/ssl/ConscryptAlpnSslEngine.java:[201,31] [deprecation] retain() in AllocatedBuffer has been deprecated
[WARNING] /code/handler/src/main/java/io/netty/handler/ssl/SslContext.java:[520,23] [deprecation] JdkSslServerContext in io.netty.handler.ssl has been deprecated
[WARNING] /code/handler/src/main/java/io/netty/handler/ssl/SslContext.java:[909,27] [deprecation] JdkSslClientContext in io.netty.handler.ssl has been deprecated
[WARNING] /code/handler/src/main/java/io/netty/handler/ssl/SslContext.java:[1015,20] [deprecation] ApplicationProtocolNegotiator in io.netty.handler.ssl has been deprecated
[WARNING] /code/handler/src/main/java/io/netty/handler/ssl/DelegatingSslContext.java:[58,17] [deprecation] ApplicationProtocolNegotiator in io.netty.handler.ssl has been deprecated
[WARNING] /code/handler/src/main/java/io/netty/handler/ssl/SslContextOption.java:[76,17] [deprecation] nextId() in ConstantPool has been deprecated
[WARNING] /code/handler/src/main/java/io/netty/handler/ssl/OpenSsl.java:[847,29] [deprecation] SSL_v2_HELLO in SslProtocols has been deprecated
[WARNING] /code/handler/src/main/java/io/netty/handler/ssl/OpenSsl.java:[849,29] [deprecation] SSL_v2 in SslProtocols has been deprecated
[WARNING] /code/handler/src/main/java/io/netty/handler/ssl/OpenSsl.java:[851,29] [deprecation] SSL_v3 in SslProtocols has been deprecated
[WARNING] /code/handler/src/main/java/io/netty/handler/ssl/OpenSsl.java:[853,29] [deprecation] TLS_v1 in SslProtocols has been deprecated
[WARNING] /code/handler/src/main/java/io/netty/handler/ssl/OpenSsl.java:[855,29] [deprecation] TLS_v1_1 in SslProtocols has been deprecated
[WARNING] /code/handler/src/main/java/io/netty/handler/ssl/OpenSsl.java:[869,38] [deprecation] SSL_v2_HELLO in SslProtocols has been deprecated
[WARNING] /code/handler/src/main/java/io/netty/handler/ssl/OpenSsl.java:[872,38] [deprecation] SSL_v2 in SslProtocols has been deprecated
[WARNING] /code/handler/src/main/java/io/netty/handler/ssl/OpenSsl.java:[875,38] [deprecation] SSL_v3 in SslProtocols has been deprecated
[WARNING] /code/handler/src/main/java/io/netty/handler/ssl/OpenSsl.java:[878,38] [deprecation] TLS_v1 in SslProtocols has been deprecated
[WARNING] /code/handler/src/main/java/io/netty/handler/ssl/OpenSsl.java:[881,38] [deprecation] TLS_v1_1 in SslProtocols has been deprecated
[WARNING] /code/handler/src/main/java/io/netty/handler/ssl/ReferenceCountedOpenSslContext.java:[134,18] [deprecation] OpenSslApplicationProtocolNegotiator in io.netty.handler.ssl has been deprecated
[WARNING] /code/handler/src/main/java/io/netty/handler/ssl/ReferenceCountedOpenSslContext.java:[223,35] [deprecation] OpenSslApplicationProtocolNegotiator in io.netty.handler.ssl has been deprecated
[WARNING] /code/handler/src/main/java/io/netty/handler/ssl/ReferenceCountedOpenSslContext.java:[541,11] [deprecation] ApplicationProtocolNegotiator in io.netty.handler.ssl has been deprecated
[WARNING] /code/handler/src/main/java/io/netty/handler/ssl/ReferenceCountedOpenSslEngine.java:[209,18] [deprecation] OpenSslApplicationProtocolNegotiator in io.netty.handler.ssl has been deprecated
[WARNING] /code/handler/src/main/java/io/netty/handler/ssl/ReferenceCountedOpenSslEngine.java:[241,15] [deprecation] OpenSslApplicationProtocolNegotiator in io.netty.handler.ssl has been deprecated
[WARNING] /code/handler/src/main/java/io/netty/handler/ssl/ReferenceCountedOpenSslEngine.java:[655,15] [deprecation] bioSetFd(long,int) in SSL has been deprecated
[WARNING] /code/handler/src/main/java/io/netty/handler/ssl/ReferenceCountedOpenSslEngine.java:[1752,53] [deprecation] TLS_v1 in SslProtocols has been deprecated
[WARNING] /code/handler/src/main/java/io/netty/handler/ssl/ReferenceCountedOpenSslEngine.java:[1753,53] [deprecation] TLS_v1_1 in SslProtocols has been deprecated
[WARNING] /code/handler/src/main/java/io/netty/handler/ssl/ReferenceCountedOpenSslEngine.java:[1755,53] [deprecation] SSL_v3 in SslProtocols has been deprecated
[WARNING] /code/handler/src/main/java/io/netty/handler/ssl/ReferenceCountedOpenSslEngine.java:[1756,53] [deprecation] SSL_v2 in SslProtocols has been deprecated
[WARNING] /code/handler/src/main/java/io/netty/handler/ssl/ReferenceCountedOpenSslEngine.java:[1757,53] [deprecation] SSL_v2_HELLO in SslProtocols has been deprecated
[WARNING] /code/handler/src/main/java/io/netty/handler/ssl/ReferenceCountedOpenSslEngine.java:[1806,45] [deprecation] SSL_v2_HELLO in SslProtocols has been deprecated
[WARNING] /code/handler/src/main/java/io/netty/handler/ssl/ReferenceCountedOpenSslEngine.java:[1826,33] [deprecation] SSL_v2 in SslProtocols has been deprecated
[WARNING] /code/handler/src/main/java/io/netty/handler/ssl/ReferenceCountedOpenSslEngine.java:[1829,33] [deprecation] SSL_v3 in SslProtocols has been deprecated
[WARNING] /code/handler/src/main/java/io/netty/handler/ssl/ReferenceCountedOpenSslEngine.java:[1832,33] [deprecation] TLS_v1 in SslProtocols has been deprecated
[WARNING] /code/handler/src/main/java/io/netty/handler/ssl/ReferenceCountedOpenSslEngine.java:[1835,33] [deprecation] TLS_v1_1 in SslProtocols has been deprecated
[WARNING] /code/handler/src/main/java/io/netty/handler/ssl/JdkBaseApplicationProtocolNegotiator.java:[31,54] [deprecation] JdkApplicationProtocolNegotiator in io.netty.handler.ssl has been deprecated
[WARNING] /code/handler/src/main/java/io/netty/handler/ssl/JdkDefaultApplicationProtocolNegotiator.java:[27,63] [deprecation] JdkApplicationProtocolNegotiator in io.netty.handler.ssl has been deprecated
[WARNING] /code/handler/src/main/java/io/netty/handler/ssl/JdkDefaultApplicationProtocolNegotiator.java:[33,39] [deprecation] JdkApplicationProtocolNegotiator in io.netty.handler.ssl has been deprecated
[WARNING] /code/handler/src/main/java/io/netty/handler/ssl/JdkSslContext.java:[133,28] [deprecation] TLS_v1_1 in SslProtocols has been deprecated
[WARNING] /code/handler/src/main/java/io/netty/handler/ssl/JdkSslContext.java:[133,51] [deprecation] TLS_v1 in SslProtocols has been deprecated
[WARNING] /code/handler/src/main/java/io/netty/handler/ssl/JdkSslContext.java:[401,17] [deprecation] JdkApplicationProtocolNegotiator in io.netty.handler.ssl has been deprecated
[WARNING] /code/handler/src/main/java/io/netty/handler/ssl/OpenSslContext.java:[45,77] [deprecation] OpenSslApplicationProtocolNegotiator in io.netty.handler.ssl has been deprecated
[WARNING] /code/handler/src/main/java/io/netty/handler/ssl/ReferenceCountedOpenSslServerContext.java:[69,70] [deprecation] OpenSslApplicationProtocolNegotiator in io.netty.handler.ssl has been deprecated
[WARNING] /code/handler/src/main/java/io/netty/handler/ssl/SniHandler.java:[73,22] [deprecation] DomainNameMapping in io.netty.util has been deprecated
[WARNING] /code/handler/src/main/java/io/netty/handler/ssl/util/CertificateBuilderCertGenerator.java:[40,25] [deprecation] SelfSignedCertificate in io.netty.handler.ssl.util has been deprecated
[WARNING] /code/handler/src/main/java/io/netty/handler/ssl/util/KeytoolSelfSignedCertGenerator.java:[74,25] [deprecation] SelfSignedCertificate in io.netty.handler.ssl.util has been deprecated
[WARNING] /code/handler/src/main/java/io/netty/handler/ssl/util/KeytoolSelfSignedCertGenerator.java:[134,28] [deprecation] SelfSignedCertificate in io.netty.handler.ssl.util has been deprecated
[INFO] 
[INFO] --- forbiddenapis:2.2:check (check-forbidden-apis) @ netty-handler ---
[WARNING]  Parameter 'internalRuntimeForbidden' is deprecated: Use <a href="bundled-signatures.html">bundled signatures</a> {@code "jdk-non-portable"} or {@code "jdk-internal"} instead.
[INFO] Skipping forbidden-apis checks.
[INFO] 
[INFO] --- bundle:5.1.8:manifest (generate-manifest) @ netty-handler ---
[INFO] No MANIFEST.MF file found, generating manifest.
[WARNING] Manifest io.netty:netty-handler:jar:4.2.18.Final-SNAPSHOT : Unused Import-Package instructions: [sun.net.dns.*, sun.misc.*] 
[INFO] Writing manifest: /code/handler/target/classes/META-INF/MANIFEST.MF
[INFO] 
[INFO] --- module-info:2.2:generate (module-info) @ netty-handler ---
[INFO] Using source file: /code/handler/src/main/java/module-info.yml
[INFO] Using module name "io.netty.handler"
[INFO] Using module version "4.2.18.Final-SNAPSHOT"
[INFO] Automatically adding export for package "io.netty.handler.logging"
[INFO] Automatically adding export for package "io.netty.handler.flush"
[INFO] Automatically adding export for package "io.netty.handler.ipfilter"
[INFO] Automatically adding export for package "io.netty.handler.address"
[INFO] Automatically adding export for package "io.netty.handler.timeout"
[INFO] Automatically adding export for package "io.netty.handler.traffic"
[INFO] Automatically adding export for package "io.netty.handler.flow"
[INFO] Automatically adding export for package "io.netty.handler.ssl"
[INFO] Automatically adding export for package "io.netty.handler.stream"
[INFO] Automatically adding export for package "io.netty.handler.pcap"
[INFO] Automatically adding export for package "io.netty.handler.ssl.util"
[INFO] Automatically adding mandatory "java.base" dependency
[INFO] Wrote module descriptor "/code/handler/target/classes/META-INF/versions/11/module-info.class"
[INFO] 
[INFO] --- resources:3.0.1:testResources (default-testResources) @ netty-handler ---
[INFO] Using 'UTF-8' encoding to copy filtered resources.
[INFO] Copying 40 resources
[INFO] Copying 0 resource
[INFO] 
[INFO] --- compiler:3.14.0:testCompile (default-testCompile) @ netty-handler ---
[WARNING]  Parameter 'compilerVersion' (user property 'maven.compiler.compilerVersion') is deprecated: This parameter is no longer evaluated by the underlying compilers, instead the actual version of the javac binary is automatically retrieved.
[WARNING]  Parameter 'optimize' (user property 'maven.compiler.optimize') is deprecated: This property is a no-op in javac.
[INFO] Recompiling the module because of changed dependency.
[INFO] Compiling 93 source files with javac [forked debug deprecation release 8] to target/test-classes
[WARNING] /code/handler/src/test/java/io/netty/handler/ssl/SSLEngineTest.java:[41,32] [deprecation] SelfSignedCertificate in io.netty.handler.ssl.util has been deprecated
[WARNING] /code/handler/src/test/java/io/netty/handler/ssl/CloseNotifyTest.java:[25,32] [deprecation] SelfSignedCertificate in io.netty.handler.ssl.util has been deprecated
[WARNING] /code/handler/src/test/java/io/netty/handler/ssl/JdkSslEngineTest.java:[21,27] [deprecation] JdkApplicationProtocolNegotiator in io.netty.handler.ssl has been deprecated
[WARNING] /code/handler/src/test/java/io/netty/handler/ssl/JdkSslEngineTest.java:[21,27] [deprecation] JdkApplicationProtocolNegotiator in io.netty.handler.ssl has been deprecated
[WARNING] /code/handler/src/test/java/io/netty/handler/ssl/JdkSslEngineTest.java:[22,27] [deprecation] JdkApplicationProtocolNegotiator in io.netty.handler.ssl has been deprecated
[WARNING] /code/handler/src/test/java/io/netty/handler/ssl/JdkSslEngineTest.java:[22,27] [deprecation] JdkApplicationProtocolNegotiator in io.netty.handler.ssl has been deprecated
[WARNING] /code/handler/src/test/java/io/netty/handler/ssl/JdkSslEngineTest.java:[25,32] [deprecation] SelfSignedCertificate in io.netty.handler.ssl.util has been deprecated
[WARNING] /code/handler/src/test/java/io/netty/handler/ssl/RenegotiateTest.java:[32,32] [deprecation] SelfSignedCertificate in io.netty.handler.ssl.util has been deprecated
[WARNING] /code/handler/src/test/java/io/netty/handler/ssl/JdkSslServerContextTest.java:[18,32] [deprecation] SelfSignedCertificate in io.netty.handler.ssl.util has been deprecated
[WARNING] /code/handler/src/test/java/io/netty/handler/ssl/OpenSslCertificateCompressionTest.java:[32,32] [deprecation] SelfSignedCertificate in io.netty.handler.ssl.util has been deprecated
[WARNING] /code/handler/src/test/java/io/netty/handler/ssl/OpenSslEngineTest.java:[24,32] [deprecation] SelfSignedCertificate in io.netty.handler.ssl.util has been deprecated
[WARNING] /code/handler/src/test/java/io/netty/handler/ssl/ParameterizedSslHandlerTest.java:[40,32] [deprecation] SelfSignedCertificate in io.netty.handler.ssl.util has been deprecated
[WARNING] /code/handler/src/test/java/io/netty/handler/ssl/PemEncodedTest.java:[25,32] [deprecation] SelfSignedCertificate in io.netty.handler.ssl.util has been deprecated
[WARNING] /code/handler/src/test/java/io/netty/handler/ssl/SniClientJava8TestUtil.java:[33,32] [deprecation] SelfSignedCertificate in io.netty.handler.ssl.util has been deprecated
[WARNING] /code/handler/src/test/java/io/netty/handler/ssl/SniClientTest.java:[30,32] [deprecation] SelfSignedCertificate in io.netty.handler.ssl.util has been deprecated
[WARNING] /code/handler/src/test/java/io/netty/handler/ssl/SniHandlerTest.java:[46,32] [deprecation] SelfSignedCertificate in io.netty.handler.ssl.util has been deprecated
[WARNING] /code/handler/src/test/java/io/netty/handler/ssl/SniHandlerTest.java:[47,20] [deprecation] DomainNameMapping in io.netty.util has been deprecated
[WARNING] /code/handler/src/test/java/io/netty/handler/ssl/SniHandlerTest.java:[48,20] [deprecation] DomainNameMappingBuilder in io.netty.util has been deprecated
[WARNING] /code/handler/src/test/java/io/netty/handler/ssl/SslContextBuilderTest.java:[20,32] [deprecation] SelfSignedCertificate in io.netty.handler.ssl.util has been deprecated
[WARNING] /code/handler/src/test/java/io/netty/handler/ssl/SslErrorTest.java:[33,32] [deprecation] SelfSignedCertificate in io.netty.handler.ssl.util has been deprecated
[WARNING] /code/handler/src/test/java/io/netty/handler/ssl/SslHandlerTest.java:[53,32] [deprecation] SelfSignedCertificate in io.netty.handler.ssl.util has been deprecated
[WARNING] /code/handler/src/test/java/io/netty/handler/ipfilter/IpSubnetFilterTest.java:[125,40] [deprecation] RuleBasedIpFilter(IpFilterRule...) in RuleBasedIpFilter has been deprecated
[WARNING] /code/handler/src/test/java/io/netty/handler/ipfilter/IpSubnetFilterTest.java:[125,71] [deprecation] RuleBasedIpFilter(IpFilterRule...) in RuleBasedIpFilter has been deprecated
[WARNING] /code/handler/src/test/java/io/netty/handler/ipfilter/IpSubnetFilterTest.java:[146,41] [deprecation] RuleBasedIpFilter(IpFilterRule...) in RuleBasedIpFilter has been deprecated
[WARNING] /code/handler/src/test/java/io/netty/handler/ipfilter/IpSubnetFilterTest.java:[146,72] [deprecation] RuleBasedIpFilter(IpFilterRule...) in RuleBasedIpFilter has been deprecated
[WARNING] /code/handler/src/test/java/io/netty/handler/ssl/SSLEngineTest.java:[575,8] [deprecation] SelfSignedCertificate in io.netty.handler.ssl.util has been deprecated
[WARNING] /code/handler/src/test/java/io/netty/handler/ssl/SSLEngineTest.java:[610,8] [deprecation] SelfSignedCertificate in io.netty.handler.ssl.util has been deprecated
[WARNING] /code/handler/src/test/java/io/netty/handler/ssl/SSLEngineTest.java:[615,85] [deprecation] TLS_v1 in SslProtocols has been deprecated
[WARNING] /code/handler/src/test/java/io/netty/handler/ssl/SSLEngineTest.java:[621,85] [deprecation] TLS_v1 in SslProtocols has been deprecated
[WARNING] /code/handler/src/test/java/io/netty/handler/ssl/SSLEngineTest.java:[1394,8] [deprecation] SelfSignedCertificate in io.netty.handler.ssl.util has been deprecated
[WARNING] /code/handler/src/test/java/io/netty/handler/ssl/SSLEngineTest.java:[1429,8] [deprecation] SelfSignedCertificate in io.netty.handler.ssl.util has been deprecated
[WARNING] /code/handler/src/test/java/io/netty/handler/ssl/SSLEngineTest.java:[1515,14] [deprecation] SelfSignedCertificate in io.netty.handler.ssl.util has been deprecated
[WARNING] /code/handler/src/test/java/io/netty/handler/ssl/SSLEngineTest.java:[1896,8] [deprecation] SelfSignedCertificate in io.netty.handler.ssl.util has been deprecated
[WARNING] /code/handler/src/test/java/io/netty/handler/ssl/SSLEngineTest.java:[2029,8] [deprecation] SelfSignedCertificate in io.netty.handler.ssl.util has been deprecated
[WARNING] /code/handler/src/test/java/io/netty/handler/ssl/SSLEngineTest.java:[2029,47] [deprecation] SelfSignedCertificate in io.netty.handler.ssl.util has been deprecated
[WARNING] /code/handler/src/test/java/io/netty/handler/ssl/SSLEngineTest.java:[2030,8] [deprecation] SelfSignedCertificate in io.netty.handler.ssl.util has been deprecated
[WARNING] /code/handler/src/test/java/io/netty/handler/ssl/SSLEngineTest.java:[2030,47] [deprecation] SelfSignedCertificate in io.netty.handler.ssl.util has been deprecated
[WARNING] /code/handler/src/test/java/io/netty/handler/ssl/SSLEngineTest.java:[2144,8] [deprecation] SelfSignedCertificate in io.netty.handler.ssl.util has been deprecated
[WARNING] /code/handler/src/test/java/io/netty/handler/ssl/SSLEngineTest.java:[2243,8] [deprecation] SelfSignedCertificate in io.netty.handler.ssl.util has been deprecated
[WARNING] /code/handler/src/test/java/io/netty/handler/ssl/SSLEngineTest.java:[2286,64] [deprecation] TLS_v1 in SslProtocols has been deprecated
[WARNING] /code/handler/src/test/java/io/netty/handler/ssl/SSLEngineTest.java:[2293,8] [deprecation] SelfSignedCertificate in io.netty.handler.ssl.util has been deprecated
[WARNING] /code/handler/src/test/java/io/netty/handler/ssl/SSLEngineTest.java:[2326,8] [deprecation] SelfSignedCertificate in io.netty.handler.ssl.util has been deprecated
[WARNING] /code/handler/src/test/java/io/netty/handler/ssl/SSLEngineTest.java:[2359,8] [deprecation] SelfSignedCertificate in io.netty.handler.ssl.util has been deprecated
[WARNING] /code/handler/src/test/java/io/netty/handler/ssl/SSLEngineTest.java:[2474,8] [deprecation] SelfSignedCertificate in io.netty.handler.ssl.util has been deprecated
[WARNING] /code/handler/src/test/java/io/netty/handler/ssl/SSLEngineTest.java:[2527,8] [deprecation] SelfSignedCertificate in io.netty.handler.ssl.util has been deprecated
[WARNING] /code/handler/src/test/java/io/netty/handler/ssl/SSLEngineTest.java:[2573,8] [deprecation] SelfSignedCertificate in io.netty.handler.ssl.util has been deprecated
[WARNING] /code/handler/src/test/java/io/netty/handler/ssl/SSLEngineTest.java:[2731,8] [deprecation] SelfSignedCertificate in io.netty.handler.ssl.util has been deprecated
[WARNING] /code/handler/src/test/java/io/netty/handler/ssl/SSLEngineTest.java:[2777,8] [deprecation] SelfSignedCertificate in io.netty.handler.ssl.util has been deprecated
[WARNING] /code/handler/src/test/java/io/netty/handler/ssl/SSLEngineTest.java:[2859,8] [deprecation] SelfSignedCertificate in io.netty.handler.ssl.util has been deprecated
[WARNING] /code/handler/src/test/java/io/netty/handler/ssl/SSLEngineTest.java:[2930,8] [deprecation] SelfSignedCertificate in io.netty.handler.ssl.util has been deprecated
[WARNING] /code/handler/src/test/java/io/netty/handler/ssl/SSLEngineTest.java:[3008,8] [deprecation] SelfSignedCertificate in io.netty.handler.ssl.util has been deprecated
[WARNING] /code/handler/src/test/java/io/netty/handler/ssl/SSLEngineTest.java:[3061,48] [deprecation] SSL_v2 in SslProtocols has been deprecated
[WARNING] /code/handler/src/test/java/io/netty/handler/ssl/SSLEngineTest.java:[3061,69] [deprecation] SSL_v2 in SslProtocols has been deprecated
[WARNING] /code/handler/src/test/java/io/netty/handler/ssl/SSLEngineTest.java:[3062,48] [deprecation] SSL_v3 in SslProtocols has been deprecated
[WARNING] /code/handler/src/test/java/io/netty/handler/ssl/SSLEngineTest.java:[3062,69] [deprecation] SSL_v2 in SslProtocols has been deprecated
[WARNING] /code/handler/src/test/java/io/netty/handler/ssl/SSLEngineTest.java:[3062,90] [deprecation] SSL_v3 in SslProtocols has been deprecated
[WARNING] /code/handler/src/test/java/io/netty/handler/ssl/SSLEngineTest.java:[3063,48] [deprecation] TLS_v1 in SslProtocols has been deprecated
[WARNING] /code/handler/src/test/java/io/netty/handler/ssl/SSLEngineTest.java:[3063,69] [deprecation] SSL_v2 in SslProtocols has been deprecated
[WARNING] /code/handler/src/test/java/io/netty/handler/ssl/SSLEngineTest.java:[3063,90] [deprecation] SSL_v3 in SslProtocols has been deprecated
[WARNING] /code/handler/src/test/java/io/netty/handler/ssl/SSLEngineTest.java:[3063,111] [deprecation] TLS_v1 in SslProtocols has been deprecated
[WARNING] /code/handler/src/test/java/io/netty/handler/ssl/SSLEngineTest.java:[3065,28] [deprecation] TLS_v1_1 in SslProtocols has been deprecated
[WARNING] /code/handler/src/test/java/io/netty/handler/ssl/SSLEngineTest.java:[3065,51] [deprecation] SSL_v2 in SslProtocols has been deprecated
[WARNING] /code/handler/src/test/java/io/netty/handler/ssl/SSLEngineTest.java:[3065,72] [deprecation] SSL_v3 in SslProtocols has been deprecated
[WARNING] /code/handler/src/test/java/io/netty/handler/ssl/SSLEngineTest.java:[3066,28] [deprecation] TLS_v1 in SslProtocols has been deprecated
[WARNING] /code/handler/src/test/java/io/netty/handler/ssl/SSLEngineTest.java:[3066,49] [deprecation] TLS_v1_1 in SslProtocols has been deprecated
[WARNING] /code/handler/src/test/java/io/netty/handler/ssl/SSLEngineTest.java:[3067,71] [deprecation] SSL_v2 in SslProtocols has been deprecated
[WARNING] /code/handler/src/test/java/io/netty/handler/ssl/SSLEngineTest.java:[3068,28] [deprecation] SSL_v3 in SslProtocols has been deprecated
[WARNING] /code/handler/src/test/java/io/netty/handler/ssl/SSLEngineTest.java:[3068,49] [deprecation] TLS_v1 in SslProtocols has been deprecated
[WARNING] /code/handler/src/test/java/io/netty/handler/ssl/SSLEngineTest.java:[3068,70] [deprecation] TLS_v1_1 in SslProtocols has been deprecated
[WARNING] /code/handler/src/test/java/io/netty/handler/ssl/SSLEngineTest.java:[3073,8] [deprecation] SelfSignedCertificate in io.netty.handler.ssl.util has been deprecated
[WARNING] /code/handler/src/test/java/io/netty/handler/ssl/SSLEngineTest.java:[3093,51] [deprecation] SSL_v2_HELLO in SslProtocols has been deprecated
[WARNING] /code/handler/src/test/java/io/netty/handler/ssl/SSLEngineTest.java:[3204,8] [deprecation] SelfSignedCertificate in io.netty.handler.ssl.util has been deprecated
[WARNING] /code/handler/src/test/java/io/netty/handler/ssl/SSLEngineTest.java:[3233,8] [deprecation] SelfSignedCertificate in io.netty.handler.ssl.util has been deprecated
[WARNING] /code/handler/src/test/java/io/netty/handler/ssl/SSLEngineTest.java:[3268,8] [deprecation] SelfSignedCertificate in io.netty.handler.ssl.util has been deprecated
[WARNING] /code/handler/src/test/java/io/netty/handler/ssl/SSLEngineTest.java:[3513,8] [deprecation] SelfSignedCertificate in io.netty.handler.ssl.util has been deprecated
[WARNING] /code/handler/src/test/java/io/netty/handler/ssl/SSLEngineTest.java:[3542,8] [deprecation] SelfSignedCertificate in io.netty.handler.ssl.util has been deprecated
[WARNING] /code/handler/src/test/java/io/netty/handler/ssl/SSLEngineTest.java:[3568,8] [deprecation] SelfSignedCertificate in io.netty.handler.ssl.util has been deprecated
[WARNING] /code/handler/src/test/java/io/netty/handler/ssl/SSLEngineTest.java:[3664,8] [deprecation] SelfSignedCertificate in io.netty.handler.ssl.util has been deprecated
[WARNING] /code/handler/src/test/java/io/netty/handler/ssl/SSLEngineTest.java:[3915,8] [deprecation] SelfSignedCertificate in io.netty.handler.ssl.util has been deprecated
[WARNING] /code/handler/src/test/java/io/netty/handler/ssl/SSLEngineTest.java:[3976,8] [deprecation] SelfSignedCertificate in io.netty.handler.ssl.util has been deprecated
[WARNING] /code/handler/src/test/java/io/netty/handler/ssl/SSLEngineTest.java:[4042,8] [deprecation] SelfSignedCertificate in io.netty.handler.ssl.util has been deprecated
[WARNING] /code/handler/src/test/java/io/netty/handler/ssl/SSLEngineTest.java:[4108,8] [deprecation] SelfSignedCertificate in io.netty.handler.ssl.util has been deprecated
[WARNING] /code/handler/src/test/java/io/netty/handler/ssl/SSLEngineTest.java:[4178,38] [deprecation] SelfSignedCertificate in io.netty.handler.ssl.util has been deprecated
[WARNING] /code/handler/src/test/java/io/netty/handler/ssl/SSLEngineTest.java:[4190,38] [deprecation] SelfSignedCertificate in io.netty.handler.ssl.util has been deprecated
[WARNING] /code/handler/src/test/java/io/netty/handler/ssl/SSLEngineTest.java:[4247,14] [deprecation] SelfSignedCertificate in io.netty.handler.ssl.util has been deprecated
[WARNING] /code/handler/src/test/java/io/netty/handler/ssl/SSLEngineTest.java:[4369,14] [deprecation] SelfSignedCertificate in io.netty.handler.ssl.util has been deprecated
[WARNING] /code/handler/src/test/java/io/netty/handler/ssl/SSLEngineTest.java:[4448,14] [deprecation] SelfSignedCertificate in io.netty.handler.ssl.util has been deprecated
[WARNING] /code/handler/src/test/java/io/netty/handler/ssl/SSLEngineTest.java:[4508,8] [deprecation] SelfSignedCertificate in io.netty.handler.ssl.util has been deprecated
[WARNING] /code/handler/src/test/java/io/netty/handler/ssl/SSLEngineTest.java:[4565,8] [deprecation] SelfSignedCertificate in io.netty.handler.ssl.util has been deprecated
[WARNING] /code/handler/src/test/java/io/netty/handler/ssl/SSLEngineTest.java:[4619,58] [deprecation] SelfSignedCertificate in io.netty.handler.ssl.util has been deprecated
[WARNING] /code/handler/src/test/java/io/netty/handler/ssl/SSLEngineTest.java:[4703,8] [deprecation] SelfSignedCertificate in io.netty.handler.ssl.util has been deprecated
[WARNING] /code/handler/src/test/java/io/netty/handler/ssl/SSLEngineTest.java:[4774,8] [deprecation] SelfSignedCertificate in io.netty.handler.ssl.util has been deprecated
[WARNING] /code/handler/src/test/java/io/netty/handler/ssl/SSLEngineTest.java:[4798,8] [deprecation] SelfSignedCertificate in io.netty.handler.ssl.util has been deprecated
[WARNING] /code/handler/src/test/java/io/netty/handler/ssl/SSLEngineTest.java:[4834,8] [deprecation] SelfSignedCertificate in io.netty.handler.ssl.util has been deprecated
[WARNING] /code/handler/src/test/java/io/netty/handler/ssl/SSLEngineTest.java:[4871,8] [deprecation] SelfSignedCertificate in io.netty.handler.ssl.util has been deprecated
[WARNING] /code/handler/src/test/java/io/netty/handler/ssl/SSLEngineTest.java:[4903,8] [deprecation] SelfSignedCertificate in io.netty.handler.ssl.util has been deprecated
[WARNING] /code/handler/src/test/java/io/netty/handler/ssl/CloseNotifyTest.java:[151,8] [deprecation] SelfSignedCertificate in io.netty.handler.ssl.util has been deprecated
[WARNING] /code/handler/src/test/java/io/netty/handler/ssl/BouncyCastleEngineAlpnTest.java:[41,28] [deprecation] JdkAlpnApplicationProtocolNegotiator in io.netty.handler.ssl has been deprecated
[WARNING] /code/handler/src/test/java/io/netty/handler/ssl/DelegatingSslContextTest.java:[28,69] [deprecation] TLS_v1_1 in SslProtocols has been deprecated
[WARNING] /code/handler/src/test/java/io/netty/handler/ssl/DelegatingSslContextTest.java:[53,40] [deprecation] JdkSslContext(SSLContext,boolean,ClientAuth) in JdkSslContext has been deprecated
[INFO] 
[INFO] --- forbiddenapis:2.2:testCheck (check-forbidden-test-apis) @ netty-handler ---
[WARNING]  Parameter 'internalRuntimeForbidden' is deprecated: Use <a href="bundled-signatures.html">bundled signatures</a> {@code "jdk-non-portable"} or {@code "jdk-internal"} instead.
[INFO] Skipping forbidden-apis checks.
[INFO] 
[INFO] --- surefire:3.5.6:test (default-test) @ netty-handler ---
[INFO] Tests are skipped.
[INFO] 
[INFO] --- source:3.2.0:jar-no-fork (attach-sources) @ netty-handler ---
[INFO] Building jar: /code/handler/target/netty-handler-4.2.18.Final-SNAPSHOT-sources.jar
[INFO] 
[INFO] --- source:3.2.0:test-jar-no-fork (attach-test-sources) @ netty-handler ---
[INFO] Building jar: /code/handler/target/netty-handler-4.2.18.Final-SNAPSHOT-test-sources.jar
[INFO] 
[INFO] --- jar:3.0.2:jar (default-jar) @ netty-handler ---
[INFO] Building jar: /code/handler/target/netty-handler-4.2.18.Final-SNAPSHOT.jar
[INFO] 
[INFO] --- jar:3.0.2:test-jar (default) @ netty-handler ---
[INFO] Building jar: /code/handler/target/netty-handler-4.2.18.Final-SNAPSHOT-tests.jar
[INFO] 
[INFO] --- revapi:0.15.0:check (api-check) @ netty-handler ---
[INFO] Skipping execution
[INFO] 
[INFO] --- install:3.1.2:install (default-install) @ netty-handler ---
[INFO] Installing /code/handler/pom.xml to /root/.m2/repository/io/netty/netty-handler/4.2.18.Final-SNAPSHOT/netty-handler-4.2.18.Final-SNAPSHOT.pom
[INFO] Installing /code/handler/target/netty-handler-4.2.18.Final-SNAPSHOT.jar to /root/.m2/repository/io/netty/netty-handler/4.2.18.Final-SNAPSHOT/netty-handler-4.2.18.Final-SNAPSHOT.jar
[INFO] Installing /code/handler/target/netty-handler-4.2.18.Final-SNAPSHOT-sources.jar to /root/.m2/repository/io/netty/netty-handler/4.2.18.Final-SNAPSHOT/netty-handler-4.2.18.Final-SNAPSHOT-sources.jar
[INFO] Installing /code/handler/target/netty-handler-4.2.18.Final-SNAPSHOT-test-sources.jar to /root/.m2/repository/io/netty/netty-handler/4.2.18.Final-SNAPSHOT/netty-handler-4.2.18.Final-SNAPSHOT-test-sources.jar
[INFO] Installing /code/handler/target/netty-handler-4.2.18.Final-SNAPSHOT-tests.jar to /root/.m2/repository/io/netty/netty-handler/4.2.18.Final-SNAPSHOT/netty-handler-4.2.18.Final-SNAPSHOT-tests.jar
[INFO] 
[INFO] ---------------------< io.netty:netty-codec-http >----------------------
[INFO] Building Netty/Codec/HTTP 4.2.18.Final-SNAPSHOT                  [18/31]
[INFO]   from codec-http/pom.xml
[INFO] --------------------------------[ jar ]---------------------------------
[INFO] 
[INFO] --- enforcer:3.0.0:enforce (enforce-maven) @ netty-codec-http ---
[INFO] 
[INFO] --- enforcer:3.0.0:enforce (enforce-tools) @ netty-codec-http ---
[INFO] 
[INFO] --- checkstyle:3.1.0:check (check-style) @ netty-codec-http ---
[INFO] 
[INFO] --- xml:1.0.1:check-format (check-style) @ netty-codec-http ---
[INFO] 
[INFO] --- build-helper:1.10:parse-version (parse-version) @ netty-codec-http ---
[INFO] 
[INFO] --- antrun:1.8:run (write-version-properties) @ netty-codec-http ---
[INFO] Executing tasks

main:
     [exec] Result: 128
     [exec] Result: 128
     [echo] Current commit: 0 on 1970-01-01 00:00:00 +0000
    [mkdir] Created dir: /code/codec-http/target/classes/META-INF
[propertyfile] Creating new property file: /code/codec-http/target/classes/META-INF/io.netty.versions.properties
[INFO] Executed tasks
[INFO] 
[INFO] --- resources:3.0.1:resources (default-resources) @ netty-codec-http ---
[INFO] Using 'UTF-8' encoding to copy filtered resources.
[INFO] Copying 2 resources
[INFO] 
[INFO] --- compiler:3.14.0:compile (default-compile) @ netty-codec-http ---
[WARNING]  Parameter 'compilerVersion' (user property 'maven.compiler.compilerVersion') is deprecated: This parameter is no longer evaluated by the underlying compilers, instead the actual version of the javac binary is automatically retrieved.
[WARNING]  Parameter 'optimize' (user property 'maven.compiler.optimize') is deprecated: This property is a no-op in javac.
[INFO] Recompiling the module because of changed dependency.
[INFO] Compiling 253 source files with javac [forked debug deprecation release 8] to target/classes
[WARNING] /code/codec-http/src/main/java/io/netty/handler/codec/http/CookieDecoder.java:[18,41] [deprecation] CookieUtil in io.netty.handler.codec.http has been deprecated
[WARNING] /code/codec-http/src/main/java/io/netty/handler/codec/http/CookieDecoder.java:[19,41] [deprecation] CookieUtil in io.netty.handler.codec.http has been deprecated
[WARNING] /code/codec-http/src/main/java/io/netty/handler/codec/http/CookieDecoder.java:[20,41] [deprecation] CookieUtil in io.netty.handler.codec.http has been deprecated
[WARNING] /code/codec-http/src/main/java/io/netty/handler/codec/http/ComposedLastHttpContent.java:[96,25] [deprecation] getDecoderResult() in HttpObject has been deprecated
[WARNING] /code/codec-http/src/main/java/io/netty/handler/codec/http/EmptyHttpHeaders.java:[162,43] [deprecation] iterator() in HttpHeaders has been deprecated
[WARNING] /code/codec-http/src/main/java/io/netty/handler/codec/http/HttpObjectDecoder.java:[1132,23] [deprecation] String(byte[],int,int,int) in String has been deprecated
[WARNING] /code/codec-http/src/main/java/io/netty/handler/codec/http/HttpObjectDecoder.java:[1134,19] [deprecation] String(byte[],int,int,int) in String has been deprecated
[WARNING] /code/codec-http/src/main/java/io/netty/handler/codec/http/HttpObjectDecoder.java:[1136,15] [deprecation] String(byte[],int,int,int) in String has been deprecated
[WARNING] /code/codec-http/src/main/java/io/netty/handler/codec/http/HttpObjectAggregator.java:[300,27] [deprecation] getProtocolVersion() in HttpMessage has been deprecated
[WARNING] /code/codec-http/src/main/java/io/netty/handler/codec/http/HttpObjectAggregator.java:[326,29] [deprecation] getDecoderResult() in HttpObject has been deprecated
[WARNING] /code/codec-http/src/main/java/io/netty/handler/codec/http/HttpObjectAggregator.java:[460,22] [deprecation] getUri() in HttpRequest has been deprecated
[WARNING] /code/codec-http/src/main/java/io/netty/handler/codec/http/HttpObjectAggregator.java:[455,26] [deprecation] getMethod() in HttpRequest has been deprecated
[WARNING] /code/codec-http/src/main/java/io/netty/handler/codec/http/HttpObjectAggregator.java:[523,34] [deprecation] getStatus() in HttpResponse has been deprecated
[WARNING] /code/codec-http/src/main/java/io/netty/handler/codec/http/ReadOnlyHttpHeaders.java:[199,47] [deprecation] iterator() in HttpHeaders has been deprecated
[WARNING] /code/codec-http/src/main/java/io/netty/handler/codec/http/multipart/DefaultHttpDataFactory.java:[345,16] [deprecation] cleanAllHttpDatas() in HttpDataFactory has been deprecated
[WARNING] /code/codec-http/src/main/java/io/netty/handler/codec/http/multipart/DefaultHttpDataFactory.java:[340,16] [deprecation] cleanRequestHttpDatas(HttpRequest) in HttpDataFactory has been deprecated
[WARNING] /code/codec-http/src/main/java/io/netty/handler/codec/http/multipart/HttpPostRequestEncoder.java:[1198,22] [deprecation] getUri() in HttpRequest has been deprecated
[WARNING] /code/codec-http/src/main/java/io/netty/handler/codec/http/multipart/HttpPostRequestEncoder.java:[1188,26] [deprecation] getMethod() in HttpRequest has been deprecated
[WARNING] /code/codec-http/src/main/java/io/netty/handler/codec/http/multipart/HttpPostRequestEncoder.java:[1208,27] [deprecation] getProtocolVersion() in HttpMessage has been deprecated
[WARNING] /code/codec-http/src/main/java/io/netty/handler/codec/http/websocketx/WebSocket08FrameDecoder.java:[396,31] [deprecation] order() in ByteBuf has been deprecated
[WARNING] /code/codec-http/src/main/java/io/netty/handler/codec/http/websocketx/WebSocket08FrameEncoder.java:[178,49] [deprecation] order() in ByteBuf has been deprecated
[WARNING] /code/codec-http/src/main/java/io/netty/handler/codec/http/websocketx/WebSocket08FrameEncoder.java:[179,48] [deprecation] order() in ByteBuf has been deprecated
[WARNING] /code/codec-http/src/main/java/io/netty/handler/codec/http/websocketx/WebSocketServerHandshaker00.java:[165,70] [deprecation] uri() in WebSocketServerHandshaker has been deprecated
[WARNING] /code/codec-http/src/main/java/io/netty/handler/codec/http/websocketx/WebSocketServerHandshaker00.java:[195,66] [deprecation] uri() in WebSocketServerHandshaker has been deprecated
[WARNING] /code/codec-http/src/main/java/io/netty/handler/codec/http/websocketx/WebSocketServerProtocolHandshakeHandler.java:[96,61] [deprecation] HANDSHAKE_COMPLETE in ServerHandshakeStateEvent has been deprecated
[WARNING] /code/codec-http/src/main/java/io/netty/handler/codec/spdy/SpdyFrameEncoder.java:[51,69] [deprecation] order(ByteOrder) in ByteBuf has been deprecated
[WARNING] /code/codec-http/src/main/java/io/netty/handler/codec/spdy/SpdyFrameEncoder.java:[67,69] [deprecation] order(ByteOrder) in ByteBuf has been deprecated
[WARNING] /code/codec-http/src/main/java/io/netty/handler/codec/spdy/SpdyFrameEncoder.java:[80,69] [deprecation] order(ByteOrder) in ByteBuf has been deprecated
[WARNING] /code/codec-http/src/main/java/io/netty/handler/codec/spdy/SpdyFrameEncoder.java:[90,69] [deprecation] order(ByteOrder) in ByteBuf has been deprecated
[WARNING] /code/codec-http/src/main/java/io/netty/handler/codec/spdy/SpdyFrameEncoder.java:[104,69] [deprecation] order(ByteOrder) in ByteBuf has been deprecated
[WARNING] /code/codec-http/src/main/java/io/netty/handler/codec/spdy/SpdyFrameEncoder.java:[125,69] [deprecation] order(ByteOrder) in ByteBuf has been deprecated
[WARNING] /code/codec-http/src/main/java/io/netty/handler/codec/spdy/SpdyFrameEncoder.java:[134,69] [deprecation] order(ByteOrder) in ByteBuf has been deprecated
[WARNING] /code/codec-http/src/main/java/io/netty/handler/codec/spdy/SpdyFrameEncoder.java:[145,69] [deprecation] order(ByteOrder) in ByteBuf has been deprecated
[WARNING] /code/codec-http/src/main/java/io/netty/handler/codec/spdy/SpdyFrameEncoder.java:[155,69] [deprecation] order(ByteOrder) in ByteBuf has been deprecated
[WARNING] /code/codec-http/src/main/java/io/netty/handler/codec/spdy/SpdyFrameEncoder.java:[164,69] [deprecation] order(ByteOrder) in ByteBuf has been deprecated
[INFO] 
[INFO] --- forbiddenapis:2.2:check (check-forbidden-apis) @ netty-codec-http ---
[WARNING]  Parameter 'internalRuntimeForbidden' is deprecated: Use <a href="bundled-signatures.html">bundled signatures</a> {@code "jdk-non-portable"} or {@code "jdk-internal"} instead.
[INFO] Skipping forbidden-apis checks.
[INFO] 
[INFO] --- bundle:5.1.8:manifest (generate-manifest) @ netty-codec-http ---
[INFO] No MANIFEST.MF file found, generating manifest.
[WARNING] Manifest io.netty:netty-codec-http:jar:4.2.18.Final-SNAPSHOT : Unused Import-Package instructions: [sun.net.dns.*, sun.misc.*, sun.security.*] 
[INFO] Writing manifest: /code/codec-http/target/classes/META-INF/MANIFEST.MF
[INFO] 
[INFO] --- module-info:2.2:generate (module-info) @ netty-codec-http ---
[INFO] Using source file: /code/codec-http/src/main/java/module-info.yml
[INFO] Using module name "io.netty.codec.http"
[INFO] Using module version "4.2.18.Final-SNAPSHOT"
[INFO] Automatically adding export for package "io.netty.handler.codec.rtsp"
[INFO] Automatically adding export for package "io.netty.handler.codec.http"
[INFO] Automatically adding export for package "io.netty.handler.codec.http.cookie"
[INFO] Automatically adding export for package "io.netty.handler.codec.http.websocketx"
[INFO] Automatically adding export for package "io.netty.handler.codec.http.websocketx.extensions"
[INFO] Automatically adding export for package "io.netty.handler.codec.http.cors"
[INFO] Automatically adding export for package "io.netty.handler.codec.http.websocketx.extensions.compression"
[INFO] Automatically adding export for package "io.netty.handler.codec.spdy"
[INFO] Automatically adding export for package "io.netty.handler.codec.http.multipart"
[INFO] Automatically adding mandatory "java.base" dependency
[INFO] Wrote module descriptor "/code/codec-http/target/classes/META-INF/versions/11/module-info.class"
[INFO] 
[INFO] --- resources:3.0.1:testResources (default-testResources) @ netty-codec-http ---
[INFO] Using 'UTF-8' encoding to copy filtered resources.
[INFO] Copying 4 resources
[INFO] Copying 0 resource
[INFO] 
[INFO] --- compiler:3.14.0:testCompile (default-testCompile) @ netty-codec-http ---
[WARNING]  Parameter 'compilerVersion' (user property 'maven.compiler.compilerVersion') is deprecated: This parameter is no longer evaluated by the underlying compilers, instead the actual version of the javac binary is automatically retrieved.
[WARNING]  Parameter 'optimize' (user property 'maven.compiler.optimize') is deprecated: This property is a no-op in javac.
[INFO] Recompiling the module because of changed dependency.
[INFO] Compiling 107 source files with javac [forked debug deprecation release 8] to target/test-classes
[WARNING] /code/codec-http/src/test/java/io/netty/handler/codec/http/CombinedHttpHeadersTest.java:[265,15] [deprecation] CombinedHttpHeaders(boolean) in CombinedHttpHeaders has been deprecated
[WARNING] /code/codec-http/src/test/java/io/netty/handler/codec/http/DefaultHttpHeadersTest.java:[105,36] [deprecation] DefaultHttpHeaders(boolean) in DefaultHttpHeaders has been deprecated
[WARNING] /code/codec-http/src/test/java/io/netty/handler/codec/http/DefaultHttpHeadersTest.java:[124,36] [deprecation] DefaultHttpHeaders(boolean) in DefaultHttpHeaders has been deprecated
[WARNING] /code/codec-http/src/test/java/io/netty/handler/codec/http/DefaultHttpHeadersTest.java:[173,36] [deprecation] DefaultHttpHeaders(boolean) in DefaultHttpHeaders has been deprecated
[WARNING] /code/codec-http/src/test/java/io/netty/handler/codec/http/DefaultHttpHeadersTest.java:[184,36] [deprecation] DefaultHttpHeaders(boolean) in DefaultHttpHeaders has been deprecated
[WARNING] /code/codec-http/src/test/java/io/netty/handler/codec/http/DefaultHttpHeadersTest.java:[298,30] [deprecation] DefaultHttpHeaders(boolean) in DefaultHttpHeaders has been deprecated
[WARNING] /code/codec-http/src/test/java/io/netty/handler/codec/http/DefaultHttpHeadersTest.java:[313,30] [deprecation] DefaultHttpHeaders(boolean) in DefaultHttpHeaders has been deprecated
[WARNING] /code/codec-http/src/test/java/io/netty/handler/codec/http/DefaultHttpHeadersTest.java:[340,15] [deprecation] DefaultHttpHeaders(boolean) in DefaultHttpHeaders has been deprecated
[WARNING] /code/codec-http/src/test/java/io/netty/handler/codec/http/EmptyHttpHeadersInitializationTest.java:[34,33] [deprecation] EMPTY_HEADERS in HttpHeaders has been deprecated
[WARNING] /code/codec-http/src/test/java/io/netty/handler/codec/http/EmptyHttpHeadersInitializationTest.java:[39,33] [deprecation] EMPTY_HEADERS in HttpHeaders has been deprecated
[WARNING] /code/codec-http/src/test/java/io/netty/handler/codec/http/HttpChunkedInputTest.java:[101,27] [deprecation] readChunk(ChannelHandlerContext) in ChunkedInput has been deprecated
  where B is a type-variable:
    B extends Object declared in interface ChunkedInput
[WARNING] /code/codec-http/src/test/java/io/netty/handler/codec/http/HttpClientCodecTest.java:[139,42] [deprecation] HttpRequestDecoder(int,int,int,boolean) in HttpRequestDecoder has been deprecated
[WARNING] /code/codec-http/src/test/java/io/netty/handler/codec/http/HttpClientCodecTest.java:[177,42] [deprecation] HttpClientCodec(int,int,int,boolean,boolean) in HttpClientCodec has been deprecated
[WARNING] /code/codec-http/src/test/java/io/netty/handler/codec/http/HttpClientCodecTest.java:[215,49] [deprecation] HttpClientCodec(int,int,int,boolean,boolean,boolean) in HttpClientCodec has been deprecated
[WARNING] /code/codec-http/src/test/java/io/netty/handler/codec/http/HttpContentCompressorOptionsTest.java:[122,75] non-varargs call of varargs method with inexact argument type for last parameter;
  cast to CompressionOptions for a varargs call
  cast to CompressionOptions[] for a non-varargs call and to suppress this warning
[WARNING] /code/codec-http/src/test/java/io/netty/handler/codec/http/HttpContentCompressorTest.java:[89,50] [deprecation] determineWrapper(String) in HttpContentCompressor has been deprecated
[WARNING] /code/codec-http/src/test/java/io/netty/handler/codec/http/HttpContentCompressorTest.java:[439,24] [deprecation] addLast(EventExecutorGroup,ChannelHandler...) in ChannelPipeline has been deprecated
[WARNING] /code/codec-http/src/test/java/io/netty/handler/codec/http/HttpContentCompressorTest.java:[920,49] [deprecation] HttpContentCompressor(int,int,int,int) in HttpContentCompressor has been deprecated
[WARNING] /code/codec-http/src/test/java/io/netty/handler/codec/http/HttpHeaderDateFormatTest.java:[37,8] [deprecation] HttpHeaderDateFormat in io.netty.handler.codec.http has been deprecated
[WARNING] /code/codec-http/src/test/java/io/netty/handler/codec/http/HttpHeaderDateFormatTest.java:[37,38] [deprecation] HttpHeaderDateFormat in io.netty.handler.codec.http has been deprecated
[WARNING] /code/codec-http/src/test/java/io/netty/handler/codec/http/HttpHeaderDateFormatTest.java:[62,8] [deprecation] HttpHeaderDateFormat in io.netty.handler.codec.http has been deprecated
[WARNING] /code/codec-http/src/test/java/io/netty/handler/codec/http/HttpHeaderDateFormatTest.java:[62,38] [deprecation] HttpHeaderDateFormat in io.netty.handler.codec.http has been deprecated
[WARNING] /code/codec-http/src/test/java/io/netty/handler/codec/http/HttpHeadersTest.java:[66,36] [deprecation] DefaultHttpHeaders(boolean) in DefaultHttpHeaders has been deprecated
[WARNING] /code/codec-http/src/test/java/io/netty/handler/codec/http/HttpHeadersTest.java:[77,36] [deprecation] DefaultHttpHeaders(boolean) in DefaultHttpHeaders has been deprecated
[WARNING] /code/codec-http/src/test/java/io/netty/handler/codec/http/HttpHeadersTest.java:[88,36] [deprecation] DefaultHttpHeaders(boolean) in DefaultHttpHeaders has been deprecated
[WARNING] /code/codec-http/src/test/java/io/netty/handler/codec/http/HttpHeadersTest.java:[99,30] [deprecation] DefaultHttpHeaders(boolean) in DefaultHttpHeaders has been deprecated
[WARNING] /code/codec-http/src/test/java/io/netty/handler/codec/http/HttpRequestEncoderTest.java:[194,12] [deprecation] DefaultHttpRequest(HttpVersion,HttpMethod,String,boolean) in DefaultHttpRequest has been deprecated
[WARNING] /code/codec-http/src/test/java/io/netty/handler/codec/http/HttpRequestEncoderTest.java:[196,29] [deprecation] DefaultHttpHeaders(boolean) in DefaultHttpHeaders has been deprecated
[WARNING] /code/codec-http/src/test/java/io/netty/handler/codec/http/HttpRequestEncoderTest.java:[409,22] [deprecation] getUri() in HttpRequest has been deprecated
[WARNING] /code/codec-http/src/test/java/io/netty/handler/codec/http/HttpRequestEncoderTest.java:[394,26] [deprecation] getMethod() in HttpRequest has been deprecated
[WARNING] /code/codec-http/src/test/java/io/netty/handler/codec/http/HttpRequestEncoderTest.java:[377,27] [deprecation] getProtocolVersion() in HttpMessage has been deprecated
[WARNING] /code/codec-http/src/test/java/io/netty/handler/codec/http/HttpRequestEncoderTest.java:[372,29] [deprecation] getDecoderResult() in HttpObject has been deprecated
[WARNING] /code/codec-http/src/test/java/io/netty/handler/codec/http/HttpResponseDecoderTest.java:[279,38] [deprecation] HttpResponseDecoder(int,int,int,boolean,int,boolean,boolean) in HttpResponseDecoder has been deprecated
[WARNING] /code/codec-http/src/test/java/io/netty/handler/codec/http/HttpResponseEncoderTest.java:[89,20] [deprecation] transfered() in FileRegion has been deprecated
[WARNING] /code/codec-http/src/test/java/io/netty/handler/codec/http/websocketx/WebSocketHandshakeHandOverTest.java:[90,52] [deprecation] HANDSHAKE_COMPLETE in ServerHandshakeStateEvent has been deprecated
[WARNING] /code/codec-http/src/test/java/io/netty/handler/codec/http/websocketx/WebSocketHandshakeHandOverTest.java:[137,52] [deprecation] HANDSHAKE_COMPLETE in ServerHandshakeStateEvent has been deprecated
[INFO] 
[INFO] --- forbiddenapis:2.2:testCheck (check-forbidden-test-apis) @ netty-codec-http ---
[WARNING]  Parameter 'internalRuntimeForbidden' is deprecated: Use <a href="bundled-signatures.html">bundled signatures</a> {@code "jdk-non-portable"} or {@code "jdk-internal"} instead.
[INFO] Skipping forbidden-apis checks.
[INFO] 
[INFO] --- surefire:3.5.6:test (default-test) @ netty-codec-http ---
[INFO] Tests are skipped.
[INFO] 
[INFO] --- source:3.2.0:jar-no-fork (attach-sources) @ netty-codec-http ---
[INFO] Building jar: /code/codec-http/target/netty-codec-http-4.2.18.Final-SNAPSHOT-sources.jar
[INFO] 
[INFO] --- source:3.2.0:test-jar-no-fork (attach-test-sources) @ netty-codec-http ---
[INFO] Building jar: /code/codec-http/target/netty-codec-http-4.2.18.Final-SNAPSHOT-test-sources.jar
[INFO] 
[INFO] --- jar:3.0.2:jar (default-jar) @ netty-codec-http ---
[INFO] Building jar: /code/codec-http/target/netty-codec-http-4.2.18.Final-SNAPSHOT.jar
[INFO] 
[INFO] --- jar:3.0.2:test-jar (default) @ netty-codec-http ---
[INFO] Building jar: /code/codec-http/target/netty-codec-http-4.2.18.Final-SNAPSHOT-tests.jar
[INFO] 
[INFO] --- revapi:0.15.0:check (api-check) @ netty-codec-http ---
[INFO] Skipping execution
[INFO] 
[INFO] --- install:3.1.2:install (default-install) @ netty-codec-http ---
[INFO] Installing /code/codec-http/pom.xml to /root/.m2/repository/io/netty/netty-codec-http/4.2.18.Final-SNAPSHOT/netty-codec-http-4.2.18.Final-SNAPSHOT.pom
[INFO] Installing /code/codec-http/target/netty-codec-http-4.2.18.Final-SNAPSHOT.jar to /root/.m2/repository/io/netty/netty-codec-http/4.2.18.Final-SNAPSHOT/netty-codec-http-4.2.18.Final-SNAPSHOT.jar
[INFO] Installing /code/codec-http/target/netty-codec-http-4.2.18.Final-SNAPSHOT-sources.jar to /root/.m2/repository/io/netty/netty-codec-http/4.2.18.Final-SNAPSHOT/netty-codec-http-4.2.18.Final-SNAPSHOT-sources.jar
[INFO] Installing /code/codec-http/target/netty-codec-http-4.2.18.Final-SNAPSHOT-test-sources.jar to /root/.m2/repository/io/netty/netty-codec-http/4.2.18.Final-SNAPSHOT/netty-codec-http-4.2.18.Final-SNAPSHOT-test-sources.jar
[INFO] Installing /code/codec-http/target/netty-codec-http-4.2.18.Final-SNAPSHOT-tests.jar to /root/.m2/repository/io/netty/netty-codec-http/4.2.18.Final-SNAPSHOT/netty-codec-http-4.2.18.Final-SNAPSHOT-tests.jar
[INFO] 
[INFO] ---------------------< io.netty:netty-codec-http2 >---------------------
[INFO] Building Netty/Codec/HTTP2 4.2.18.Final-SNAPSHOT                 [19/31]
[INFO]   from codec-http2/pom.xml
[INFO] --------------------------------[ jar ]---------------------------------
[INFO] 
[INFO] --- enforcer:3.0.0:enforce (enforce-maven) @ netty-codec-http2 ---
[INFO] 
[INFO] --- enforcer:3.0.0:enforce (enforce-tools) @ netty-codec-http2 ---
[INFO] 
[INFO] --- checkstyle:3.1.0:check (check-style) @ netty-codec-http2 ---
[INFO] 
[INFO] --- xml:1.0.1:check-format (check-style) @ netty-codec-http2 ---
[INFO] 
[INFO] --- build-helper:1.10:parse-version (parse-version) @ netty-codec-http2 ---
[INFO] 
[INFO] --- antrun:1.8:run (write-version-properties) @ netty-codec-http2 ---
[INFO] Executing tasks

main:
     [exec] Result: 128
     [exec] Result: 128
     [echo] Current commit: 0 on 1970-01-01 00:00:00 +0000
    [mkdir] Created dir: /code/codec-http2/target/classes/META-INF
[propertyfile] Creating new property file: /code/codec-http2/target/classes/META-INF/io.netty.versions.properties
[INFO] Executed tasks
[INFO] 
[INFO] --- resources:3.0.1:resources (default-resources) @ netty-codec-http2 ---
[INFO] Using 'UTF-8' encoding to copy filtered resources.
[INFO] Copying 2 resources
[INFO] 
[INFO] --- compiler:3.14.0:compile (default-compile) @ netty-codec-http2 ---
[WARNING]  Parameter 'compilerVersion' (user property 'maven.compiler.compilerVersion') is deprecated: This parameter is no longer evaluated by the underlying compilers, instead the actual version of the javac binary is automatically retrieved.
[WARNING]  Parameter 'optimize' (user property 'maven.compiler.optimize') is deprecated: This property is a no-op in javac.
[INFO] Recompiling the module because of changed dependency.
[INFO] Compiling 128 source files with javac [forked debug deprecation release 8] to target/classes
[WARNING] /code/codec-http2/src/main/java/io/netty/handler/codec/http2/AbstractHttp2StreamChannel.java:[599,38] [deprecation] Handle in RecvByteBufAllocator has been deprecated
[WARNING] /code/codec-http2/src/main/java/io/netty/handler/codec/http2/AbstractHttp2StreamChannel.java:[652,35] [deprecation] Handle in RecvByteBufAllocator has been deprecated
[WARNING] /code/codec-http2/src/main/java/io/netty/handler/codec/http2/AbstractHttp2StreamChannel.java:[883,46] [deprecation] Handle in RecvByteBufAllocator has been deprecated
[WARNING] /code/codec-http2/src/main/java/io/netty/handler/codec/http2/AbstractHttp2StreamChannel.java:[933,52] [deprecation] Handle in RecvByteBufAllocator has been deprecated
[WARNING] /code/codec-http2/src/main/java/io/netty/handler/codec/http2/CompressorHttp2ConnectionEncoder.java:[213,24] [deprecation] add(Promise) in PromiseCombiner has been deprecated
[WARNING] /code/codec-http2/src/main/java/io/netty/handler/codec/http2/DefaultHttp2HeadersDecoder.java:[103,54] [deprecation] @Deprecated annotation has no effect on this variable declaration
[WARNING] /code/codec-http2/src/main/java/io/netty/handler/codec/http2/Http2ServerUpgradeCodec.java:[73,35] [deprecation] Http2MultiplexCodec in io.netty.handler.codec.http2 has been deprecated
[WARNING] /code/codec-http2/src/main/java/io/netty/handler/codec/http2/Http2ServerUpgradeCodec.java:[94,55] [deprecation] Http2MultiplexCodec in io.netty.handler.codec.http2 has been deprecated
[WARNING] /code/codec-http2/src/main/java/io/netty/handler/codec/http2/Http2StreamChannelOption.java:[27,8] [deprecation] ChannelOption(String) in ChannelOption has been deprecated
[WARNING] /code/codec-http2/src/main/java/io/netty/handler/codec/http2/Http2StreamFrameToHttpObjectCodec.java:[104,43] [deprecation] DefaultLastHttpContent(ByteBuf,boolean) in DefaultLastHttpContent has been deprecated
[WARNING] /code/codec-http2/src/main/java/io/netty/handler/codec/http2/Http2StreamFrameToHttpObjectCodec.java:[122,24] [deprecation] DefaultLastHttpContent(ByteBuf,boolean) in DefaultLastHttpContent has been deprecated
[WARNING] /code/codec-http2/src/main/java/io/netty/handler/codec/http2/HttpConversionUtil.java:[240,31] [deprecation] DefaultFullHttpResponse(HttpVersion,HttpResponseStatus,ByteBuf,boolean) in DefaultFullHttpResponse has been deprecated
[WARNING] /code/codec-http2/src/main/java/io/netty/handler/codec/http2/HttpConversionUtil.java:[302,30] [deprecation] DefaultFullHttpRequest(HttpVersion,HttpMethod,String,ByteBuf,boolean) in DefaultFullHttpRequest has been deprecated
[WARNING] /code/codec-http2/src/main/java/io/netty/handler/codec/http2/HttpConversionUtil.java:[334,26] [deprecation] DefaultHttpRequest(HttpVersion,HttpMethod,String,boolean) in DefaultHttpRequest has been deprecated
[WARNING] /code/codec-http2/src/main/java/io/netty/handler/codec/http2/HttpConversionUtil.java:[365,33] [deprecation] DefaultHttpResponse(HttpVersion,HttpResponseStatus,boolean) in DefaultHttpResponse has been deprecated
[INFO] 
[INFO] --- forbiddenapis:2.2:check (check-forbidden-apis) @ netty-codec-http2 ---
[WARNING]  Parameter 'internalRuntimeForbidden' is deprecated: Use <a href="bundled-signatures.html">bundled signatures</a> {@code "jdk-non-portable"} or {@code "jdk-internal"} instead.
[INFO] Skipping forbidden-apis checks.
[INFO] 
[INFO] --- bundle:5.1.8:manifest (generate-manifest) @ netty-codec-http2 ---
[INFO] No MANIFEST.MF file found, generating manifest.
[WARNING] Manifest io.netty:netty-codec-http2:jar:4.2.18.Final-SNAPSHOT : Unused Import-Package instructions: [sun.net.dns.*, sun.misc.*, sun.security.*] 
[INFO] Writing manifest: /code/codec-http2/target/classes/META-INF/MANIFEST.MF
[INFO] 
[INFO] --- module-info:2.2:generate (module-info) @ netty-codec-http2 ---
[INFO] Using source file: /code/codec-http2/src/main/java/module-info.yml
[INFO] Using module name "io.netty.codec.http2"
[INFO] Using module version "4.2.18.Final-SNAPSHOT"
[INFO] Automatically adding export for package "io.netty.handler.codec.http2"
[INFO] Automatically adding mandatory "java.base" dependency
[INFO] Wrote module descriptor "/code/codec-http2/target/classes/META-INF/versions/11/module-info.class"
[INFO] 
[INFO] --- resources:3.0.1:testResources (default-testResources) @ netty-codec-http2 ---
[INFO] Using 'UTF-8' encoding to copy filtered resources.
[INFO] Copying 15 resources
[INFO] Copying 0 resource
[INFO] 
[INFO] --- compiler:3.14.0:testCompile (default-testCompile) @ netty-codec-http2 ---
[WARNING]  Parameter 'compilerVersion' (user property 'maven.compiler.compilerVersion') is deprecated: This parameter is no longer evaluated by the underlying compilers, instead the actual version of the javac binary is automatically retrieved.
[WARNING]  Parameter 'optimize' (user property 'maven.compiler.optimize') is deprecated: This property is a no-op in javac.
[INFO] Recompiling the module because of changed dependency.
[INFO] Compiling 75 source files with javac [forked debug deprecation release 8] to target/test-classes
[WARNING] /code/codec-http2/src/test/java/io/netty/handler/codec/http2/CleartextHttp2ServerUpgradeHandlerTest.java:[198,14] [deprecation] Http2MultiplexCodec in io.netty.handler.codec.http2 has been deprecated
[WARNING] /code/codec-http2/src/test/java/io/netty/handler/codec/http2/CleartextHttp2ServerUpgradeHandlerTest.java:[198,51] [deprecation] Http2MultiplexCodecBuilder in io.netty.handler.codec.http2 has been deprecated
[WARNING] /code/codec-http2/src/test/java/io/netty/handler/codec/http2/DataCompressionHttp2Test.java:[114,26] [deprecation] initMocks(Object) in MockitoAnnotations has been deprecated
[WARNING] /code/codec-http2/src/test/java/io/netty/handler/codec/http2/DefaultHttp2ConnectionDecoderTest.java:[134,26] [deprecation] initMocks(Object) in MockitoAnnotations has been deprecated
[WARNING] /code/codec-http2/src/test/java/io/netty/handler/codec/http2/DefaultHttp2ConnectionDecoderTest.java:[996,41] [deprecation] DefaultHttp2ConnectionDecoder(Http2Connection,Http2ConnectionEncoder,Http2FrameReader,Http2PromisedRequestVerifier,boolean,boolean) in DefaultHttp2ConnectionDecoder has been deprecated
[WARNING] /code/codec-http2/src/test/java/io/netty/handler/codec/http2/DefaultHttp2ConnectionEncoderTest.java:[119,26] [deprecation] initMocks(Object) in MockitoAnnotations has been deprecated
[WARNING] /code/codec-http2/src/test/java/io/netty/handler/codec/http2/DefaultHttp2ConnectionTest.java:[85,26] [deprecation] initMocks(Object) in MockitoAnnotations has been deprecated
[WARNING] /code/codec-http2/src/test/java/io/netty/handler/codec/http2/DefaultHttp2FrameReaderTest.java:[54,26] [deprecation] initMocks(Object) in MockitoAnnotations has been deprecated
[WARNING] /code/codec-http2/src/test/java/io/netty/handler/codec/http2/DefaultHttp2FrameWriterTest.java:[74,26] [deprecation] initMocks(Object) in MockitoAnnotations has been deprecated
[WARNING] /code/codec-http2/src/test/java/io/netty/handler/codec/http2/DefaultHttp2LocalFlowControllerTest.java:[74,26] [deprecation] initMocks(Object) in MockitoAnnotations has been deprecated
[WARNING] /code/codec-http2/src/test/java/io/netty/handler/codec/http2/DefaultHttp2RemoteFlowControllerTest.java:[92,26] [deprecation] initMocks(Object) in MockitoAnnotations has been deprecated
[WARNING] /code/codec-http2/src/test/java/io/netty/handler/codec/http2/Http2ClientUpgradeCodecTest.java:[45,20] [deprecation] Http2MultiplexCodecBuilder in io.netty.handler.codec.http2 has been deprecated
[WARNING] /code/codec-http2/src/test/java/io/netty/handler/codec/http2/Http2ConnectionHandlerTest.java:[154,26] [deprecation] initMocks(Object) in MockitoAnnotations has been deprecated
[WARNING] /code/codec-http2/src/test/java/io/netty/handler/codec/http2/Http2ConnectionRoundtripTest.java:[118,26] [deprecation] initMocks(Object) in MockitoAnnotations has been deprecated
[WARNING] /code/codec-http2/src/test/java/io/netty/handler/codec/http2/Http2ControlFrameLimitEncoderTest.java:[84,26] [deprecation] initMocks(Object) in MockitoAnnotations has been deprecated
[WARNING] /code/codec-http2/src/test/java/io/netty/handler/codec/http2/Http2DataChunkedInputTest.java:[111,27] [deprecation] readChunk(ChannelHandlerContext) in ChunkedInput has been deprecated
  where B is a type-variable:
    B extends Object declared in interface ChunkedInput
[WARNING] /code/codec-http2/src/test/java/io/netty/handler/codec/http2/Http2EmptyDataFrameListenerTest.java:[47,8] [deprecation] initMocks(Object) in MockitoAnnotations has been deprecated
[WARNING] /code/codec-http2/src/test/java/io/netty/handler/codec/http2/Http2FrameInboundWriter.java:[224,27] [deprecation] <T>hasAttr(AttributeKey<T>) in ChannelHandlerContext has been deprecated
  where T is a type-variable:
    T extends Object declared in method <T>hasAttr(AttributeKey<T>)
[WARNING] /code/codec-http2/src/test/java/io/netty/handler/codec/http2/Http2FrameInboundWriter.java:[219,32] [deprecation] <T>attr(AttributeKey<T>) in ChannelHandlerContext has been deprecated
  where T is a type-variable:
    T extends Object declared in method <T>attr(AttributeKey<T>)
[WARNING] /code/codec-http2/src/test/java/io/netty/handler/codec/http2/Http2FrameRoundtripTest.java:[96,26] [deprecation] initMocks(Object) in MockitoAnnotations has been deprecated
[WARNING] /code/codec-http2/src/test/java/io/netty/handler/codec/http2/Http2MaxRstFrameLimitEncoderTest.java:[96,26] [deprecation] initMocks(Object) in MockitoAnnotations has been deprecated
[WARNING] /code/codec-http2/src/test/java/io/netty/handler/codec/http2/Http2MaxRstFrameListenerTest.java:[47,8] [deprecation] initMocks(Object) in MockitoAnnotations has been deprecated
[WARNING] /code/codec-http2/src/test/java/io/netty/handler/codec/http2/Http2MultiplexCodecBuilderTest.java:[80,50] [deprecation] Http2MultiplexCodecBuilder in io.netty.handler.codec.http2 has been deprecated
[WARNING] /code/codec-http2/src/test/java/io/netty/handler/codec/http2/Http2MultiplexCodecBuilderTest.java:[116,29] [deprecation] Http2MultiplexCodecBuilder in io.netty.handler.codec.http2 has been deprecated
[WARNING] /code/codec-http2/src/test/java/io/netty/handler/codec/http2/Http2MultiplexCodecBuilderTest.java:[255,22] [deprecation] Http2MultiplexCodecBuilder in io.netty.handler.codec.http2 has been deprecated
[WARNING] /code/codec-http2/src/test/java/io/netty/handler/codec/http2/Http2MultiplexCodecBuilderTest.java:[256,22] [deprecation] Http2MultiplexCodecBuilder in io.netty.handler.codec.http2 has been deprecated
[WARNING] /code/codec-http2/src/test/java/io/netty/handler/codec/http2/Http2MultiplexCodecBuilderTest.java:[264,16] [deprecation] Http2MultiplexCodecBuilder in io.netty.handler.codec.http2 has been deprecated
[WARNING] /code/codec-http2/src/test/java/io/netty/handler/codec/http2/Http2MultiplexCodecClientUpgradeTest.java:[19,90] [deprecation] Http2MultiplexCodec in io.netty.handler.codec.http2 has been deprecated
[WARNING] /code/codec-http2/src/test/java/io/netty/handler/codec/http2/Http2MultiplexCodecClientUpgradeTest.java:[22,14] [deprecation] Http2MultiplexCodec in io.netty.handler.codec.http2 has been deprecated
[WARNING] /code/codec-http2/src/test/java/io/netty/handler/codec/http2/Http2MultiplexCodecClientUpgradeTest.java:[23,8] [deprecation] Http2MultiplexCodecBuilder in io.netty.handler.codec.http2 has been deprecated
[WARNING] /code/codec-http2/src/test/java/io/netty/handler/codec/http2/Http2MultiplexCodecClientUpgradeTest.java:[23,45] [deprecation] Http2MultiplexCodecBuilder in io.netty.handler.codec.http2 has been deprecated
[WARNING] /code/codec-http2/src/test/java/io/netty/handler/codec/http2/Http2MultiplexCodecTest.java:[23,19] [deprecation] Http2MultiplexCodecBuilder in io.netty.handler.codec.http2 has been deprecated
[WARNING] /code/codec-http2/src/test/java/io/netty/handler/codec/http2/Http2MultiplexTransportTest.java:[187,30] [deprecation] Http2MultiplexCodecBuilder in io.netty.handler.codec.http2 has been deprecated
[WARNING] /code/codec-http2/src/test/java/io/netty/handler/codec/http2/Http2MultiplexTransportTest.java:[241,38] [deprecation] Http2MultiplexCodecBuilder in io.netty.handler.codec.http2 has been deprecated
[WARNING] /code/codec-http2/src/test/java/io/netty/handler/codec/http2/Http2ServerUpgradeCodecTest.java:[53,24] [deprecation] Http2MultiplexCodecBuilder in io.netty.handler.codec.http2 has been deprecated
[WARNING] /code/codec-http2/src/test/java/io/netty/handler/codec/http2/Http2StreamChannelBootstrapTest.java:[160,17] [deprecation] open0(ChannelHandlerContext,Promise<Http2StreamChannel>) in Http2StreamChannelBootstrap has been deprecated
[WARNING] /code/codec-http2/src/test/java/io/netty/handler/codec/http2/Http2StreamFrameToHttpObjectCodecTest.java:[233,30] [deprecation] DefaultLastHttpContent(ByteBuf,boolean) in DefaultLastHttpContent has been deprecated
[WARNING] /code/codec-http2/src/test/java/io/netty/handler/codec/http2/Http2StreamFrameToHttpObjectCodecTest.java:[251,35] [deprecation] DefaultLastHttpContent(ByteBuf,boolean) in DefaultLastHttpContent has been deprecated
[WARNING] /code/codec-http2/src/test/java/io/netty/handler/codec/http2/Http2StreamFrameToHttpObjectCodecTest.java:[268,35] [deprecation] DefaultLastHttpContent(ByteBuf,boolean) in DefaultLastHttpContent has been deprecated
[WARNING] /code/codec-http2/src/test/java/io/netty/handler/codec/http2/Http2StreamFrameToHttpObjectCodecTest.java:[634,30] [deprecation] DefaultLastHttpContent(ByteBuf,boolean) in DefaultLastHttpContent has been deprecated
[WARNING] /code/codec-http2/src/test/java/io/netty/handler/codec/http2/Http2StreamFrameToHttpObjectCodecTest.java:[652,35] [deprecation] DefaultLastHttpContent(ByteBuf,boolean) in DefaultLastHttpContent has been deprecated
[WARNING] /code/codec-http2/src/test/java/io/netty/handler/codec/http2/Http2StreamFrameToHttpObjectCodecTest.java:[669,35] [deprecation] DefaultLastHttpContent(ByteBuf,boolean) in DefaultLastHttpContent has been deprecated
[WARNING] /code/codec-http2/src/test/java/io/netty/handler/codec/http2/HttpConversionUtilTest.java:[160,32] [deprecation] DefaultHttpHeaders(boolean) in DefaultHttpHeaders has been deprecated
[WARNING] /code/codec-http2/src/test/java/io/netty/handler/codec/http2/HttpConversionUtilTest.java:[220,26] [deprecation] DefaultHttpRequest(HttpVersion,HttpMethod,String,boolean) in DefaultHttpRequest has been deprecated
[WARNING] /code/codec-http2/src/test/java/io/netty/handler/codec/http2/HttpConversionUtilTest.java:[236,26] [deprecation] DefaultHttpRequest(HttpVersion,HttpMethod,String,boolean) in DefaultHttpRequest has been deprecated
[WARNING] /code/codec-http2/src/test/java/io/netty/handler/codec/http2/HttpConversionUtilTest.java:[252,26] [deprecation] DefaultHttpRequest(HttpVersion,HttpMethod,String,boolean) in DefaultHttpRequest has been deprecated
[WARNING] /code/codec-http2/src/test/java/io/netty/handler/codec/http2/HttpConversionUtilTest.java:[265,26] [deprecation] DefaultHttpRequest(HttpVersion,HttpMethod,String,boolean) in DefaultHttpRequest has been deprecated
[WARNING] /code/codec-http2/src/test/java/io/netty/handler/codec/http2/HttpConversionUtilTest.java:[277,26] [deprecation] DefaultHttpRequest(HttpVersion,HttpMethod,String,boolean) in DefaultHttpRequest has been deprecated
[WARNING] /code/codec-http2/src/test/java/io/netty/handler/codec/http2/HttpConversionUtilTest.java:[289,26] [deprecation] DefaultHttpRequest(HttpVersion,HttpMethod,String,boolean) in DefaultHttpRequest has been deprecated
[WARNING] /code/codec-http2/src/test/java/io/netty/handler/codec/http2/HttpConversionUtilTest.java:[301,33] [deprecation] DefaultHttpRequest(HttpVersion,HttpMethod,String,boolean) in DefaultHttpRequest has been deprecated
[WARNING] /code/codec-http2/src/test/java/io/netty/handler/codec/http2/HttpConversionUtilTest.java:[303,36] [deprecation] DefaultHttpRequest(HttpVersion,HttpMethod,String,boolean) in DefaultHttpRequest has been deprecated
[WARNING] /code/codec-http2/src/test/java/io/netty/handler/codec/http2/HttpConversionUtilTest.java:[313,26] [deprecation] DefaultHttpRequest(HttpVersion,HttpMethod,String,boolean) in DefaultHttpRequest has been deprecated
[WARNING] /code/codec-http2/src/test/java/io/netty/handler/codec/http2/HttpConversionUtilTest.java:[325,26] [deprecation] DefaultHttpRequest(HttpVersion,HttpMethod,String,boolean) in DefaultHttpRequest has been deprecated
[WARNING] /code/codec-http2/src/test/java/io/netty/handler/codec/http2/HttpConversionUtilTest.java:[337,33] [deprecation] DefaultHttpRequest(HttpVersion,HttpMethod,String,boolean) in DefaultHttpRequest has been deprecated
[WARNING] /code/codec-http2/src/test/java/io/netty/handler/codec/http2/HttpConversionUtilTest.java:[339,36] [deprecation] DefaultHttpRequest(HttpVersion,HttpMethod,String,boolean) in DefaultHttpRequest has been deprecated
[WARNING] /code/codec-http2/src/test/java/io/netty/handler/codec/http2/HttpConversionUtilTest.java:[341,45] [deprecation] DefaultHttpRequest(HttpVersion,HttpMethod,String,boolean) in DefaultHttpRequest has been deprecated
[WARNING] /code/codec-http2/src/test/java/io/netty/handler/codec/http2/HttpConversionUtilTest.java:[343,45] [deprecation] DefaultHttpRequest(HttpVersion,HttpMethod,String,boolean) in DefaultHttpRequest has been deprecated
[WARNING] /code/codec-http2/src/test/java/io/netty/handler/codec/http2/HttpToHttp2ConnectionHandlerTest.java:[104,26] [deprecation] initMocks(Object) in MockitoAnnotations has been deprecated
[WARNING] /code/codec-http2/src/test/java/io/netty/handler/codec/http2/InboundHttp2ToHttpAdapterTest.java:[109,26] [deprecation] initMocks(Object) in MockitoAnnotations has been deprecated
[WARNING] /code/codec-http2/src/test/java/io/netty/handler/codec/http2/InboundHttp2ToHttpAdapterTest.java:[140,40] [deprecation] DefaultFullHttpRequest(HttpVersion,HttpMethod,String,boolean) in DefaultFullHttpRequest has been deprecated
[WARNING] /code/codec-http2/src/test/java/io/netty/handler/codec/http2/InboundHttp2ToHttpAdapterTest.java:[172,40] [deprecation] DefaultFullHttpRequest(HttpVersion,HttpMethod,String,boolean) in DefaultFullHttpRequest has been deprecated
[WARNING] /code/codec-http2/src/test/java/io/netty/handler/codec/http2/InboundHttp2ToHttpAdapterTest.java:[208,40] [deprecation] DefaultFullHttpRequest(HttpVersion,HttpMethod,String,boolean) in DefaultFullHttpRequest has been deprecated
[WARNING] /code/codec-http2/src/test/java/io/netty/handler/codec/http2/InboundHttp2ToHttpAdapterTest.java:[269,40] [deprecation] DefaultFullHttpRequest(HttpVersion,HttpMethod,String,ByteBuf,boolean) in DefaultFullHttpRequest has been deprecated
[WARNING] /code/codec-http2/src/test/java/io/netty/handler/codec/http2/InboundHttp2ToHttpAdapterTest.java:[313,48] [deprecation] DefaultFullHttpRequest(HttpVersion,HttpMethod,String,ByteBuf,boolean) in DefaultFullHttpRequest has been deprecated
[WARNING] /code/codec-http2/src/test/java/io/netty/handler/codec/http2/InboundHttp2ToHttpAdapterTest.java:[370,40] [deprecation] DefaultFullHttpRequest(HttpVersion,HttpMethod,String,ByteBuf,boolean) in DefaultFullHttpRequest has been deprecated
[WARNING] /code/codec-http2/src/test/java/io/netty/handler/codec/http2/InboundHttp2ToHttpAdapterTest.java:[407,40] [deprecation] DefaultFullHttpRequest(HttpVersion,HttpMethod,String,ByteBuf,boolean) in DefaultFullHttpRequest has been deprecated
[WARNING] /code/codec-http2/src/test/java/io/netty/handler/codec/http2/InboundHttp2ToHttpAdapterTest.java:[441,40] [deprecation] DefaultFullHttpRequest(HttpVersion,HttpMethod,String,ByteBuf,boolean) in DefaultFullHttpRequest has been deprecated
[WARNING] /code/codec-http2/src/test/java/io/netty/handler/codec/http2/InboundHttp2ToHttpAdapterTest.java:[485,40] [deprecation] DefaultFullHttpRequest(HttpVersion,HttpMethod,String,ByteBuf,boolean) in DefaultFullHttpRequest has been deprecated
[WARNING] /code/codec-http2/src/test/java/io/netty/handler/codec/http2/InboundHttp2ToHttpAdapterTest.java:[487,41] [deprecation] DefaultFullHttpRequest(HttpVersion,HttpMethod,String,ByteBuf,boolean) in DefaultFullHttpRequest has been deprecated
[WARNING] /code/codec-http2/src/test/java/io/netty/handler/codec/http2/InboundHttp2ToHttpAdapterTest.java:[536,41] [deprecation] DefaultFullHttpResponse(HttpVersion,HttpResponseStatus,ByteBuf,boolean) in DefaultFullHttpResponse has been deprecated
[WARNING] /code/codec-http2/src/test/java/io/netty/handler/codec/http2/InboundHttp2ToHttpAdapterTest.java:[538,42] [deprecation] DefaultFullHttpResponse(HttpVersion,HttpResponseStatus,ByteBuf,boolean) in DefaultFullHttpResponse has been deprecated
[WARNING] /code/codec-http2/src/test/java/io/netty/handler/codec/http2/InboundHttp2ToHttpAdapterTest.java:[540,40] [deprecation] DefaultFullHttpRequest(HttpVersion,HttpMethod,String,boolean) in DefaultFullHttpRequest has been deprecated
[WARNING] /code/codec-http2/src/test/java/io/netty/handler/codec/http2/InboundHttp2ToHttpAdapterTest.java:[609,40] [deprecation] DefaultFullHttpRequest(HttpVersion,HttpMethod,String,boolean) in DefaultFullHttpRequest has been deprecated
[WARNING] /code/codec-http2/src/test/java/io/netty/handler/codec/http2/InboundHttp2ToHttpAdapterTest.java:[793,32] [deprecation] exceptionCaught(ChannelHandlerContext,Throwable) in ChannelHandlerAdapter has been deprecated
[WARNING] /code/codec-http2/src/test/java/io/netty/handler/codec/http2/InboundHttp2ToHttpAdapterTest.java:[799,33] [deprecation] exceptionCaught(ChannelHandlerContext,Throwable) in ChannelHandlerAdapter has been deprecated
[WARNING] /code/codec-http2/src/test/java/io/netty/handler/codec/http2/StreamBufferingEncoderTest.java:[106,26] [deprecation] initMocks(Object) in MockitoAnnotations has been deprecated
[WARNING] /code/codec-http2/src/test/java/io/netty/handler/codec/http2/UniformStreamByteDistributorTest.java:[69,26] [deprecation] initMocks(Object) in MockitoAnnotations has been deprecated
[WARNING] /code/codec-http2/src/test/java/io/netty/handler/codec/http2/WeightedFairQueueByteDistributorDependencyTreeTest.java:[47,26] [deprecation] initMocks(Object) in MockitoAnnotations has been deprecated
[WARNING] /code/codec-http2/src/test/java/io/netty/handler/codec/http2/WeightedFairQueueByteDistributorTest.java:[53,26] [deprecation] initMocks(Object) in MockitoAnnotations has been deprecated
[INFO] 
[INFO] --- forbiddenapis:2.2:testCheck (check-forbidden-test-apis) @ netty-codec-http2 ---
[WARNING]  Parameter 'internalRuntimeForbidden' is deprecated: Use <a href="bundled-signatures.html">bundled signatures</a> {@code "jdk-non-portable"} or {@code "jdk-internal"} instead.
[INFO] Skipping forbidden-apis checks.
[INFO] 
[INFO] --- surefire:3.5.6:test (default-test) @ netty-codec-http2 ---
[INFO] Tests are skipped.
[INFO] 
[INFO] --- source:3.2.0:jar-no-fork (attach-sources) @ netty-codec-http2 ---
[INFO] Building jar: /code/codec-http2/target/netty-codec-http2-4.2.18.Final-SNAPSHOT-sources.jar
[INFO] 
[INFO] --- source:3.2.0:test-jar-no-fork (attach-test-sources) @ netty-codec-http2 ---
[INFO] Building jar: /code/codec-http2/target/netty-codec-http2-4.2.18.Final-SNAPSHOT-test-sources.jar
[INFO] 
[INFO] --- jar:3.0.2:jar (default-jar) @ netty-codec-http2 ---
[INFO] Building jar: /code/codec-http2/target/netty-codec-http2-4.2.18.Final-SNAPSHOT.jar
[INFO] 
[INFO] --- jar:3.0.2:test-jar (default) @ netty-codec-http2 ---
[INFO] Building jar: /code/codec-http2/target/netty-codec-http2-4.2.18.Final-SNAPSHOT-tests.jar
[INFO] 
[INFO] --- revapi:0.15.0:check (api-check) @ netty-codec-http2 ---
[INFO] Skipping execution
[INFO] 
[INFO] --- install:3.1.2:install (default-install) @ netty-codec-http2 ---
[INFO] Installing /code/codec-http2/pom.xml to /root/.m2/repository/io/netty/netty-codec-http2/4.2.18.Final-SNAPSHOT/netty-codec-http2-4.2.18.Final-SNAPSHOT.pom
[INFO] Installing /code/codec-http2/target/netty-codec-http2-4.2.18.Final-SNAPSHOT.jar to /root/.m2/repository/io/netty/netty-codec-http2/4.2.18.Final-SNAPSHOT/netty-codec-http2-4.2.18.Final-SNAPSHOT.jar
[INFO] Installing /code/codec-http2/target/netty-codec-http2-4.2.18.Final-SNAPSHOT-sources.jar to /root/.m2/repository/io/netty/netty-codec-http2/4.2.18.Final-SNAPSHOT/netty-codec-http2-4.2.18.Final-SNAPSHOT-sources.jar
[INFO] Installing /code/codec-http2/target/netty-codec-http2-4.2.18.Final-SNAPSHOT-test-sources.jar to /root/.m2/repository/io/netty/netty-codec-http2/4.2.18.Final-SNAPSHOT/netty-codec-http2-4.2.18.Final-SNAPSHOT-test-sources.jar
[INFO] Installing /code/codec-http2/target/netty-codec-http2-4.2.18.Final-SNAPSHOT-tests.jar to /root/.m2/repository/io/netty/netty-codec-http2/4.2.18.Final-SNAPSHOT/netty-codec-http2-4.2.18.Final-SNAPSHOT-tests.jar
[INFO] 
[INFO] ---------------< io.netty:netty-transport-classes-epoll >---------------
[INFO] Building Netty/Transport/Classes/Epoll 4.2.18.Final-SNAPSHOT     [20/31]
[INFO]   from transport-classes-epoll/pom.xml
[INFO] --------------------------------[ jar ]---------------------------------
[INFO] 
[INFO] --- enforcer:3.0.0:enforce (enforce-maven) @ netty-transport-classes-epoll ---
[INFO] 
[INFO] --- enforcer:3.0.0:enforce (enforce-tools) @ netty-transport-classes-epoll ---
[INFO] 
[INFO] --- checkstyle:3.1.0:check (check-style) @ netty-transport-classes-epoll ---
[INFO] 
[INFO] --- xml:1.0.1:check-format (check-style) @ netty-transport-classes-epoll ---
[INFO] 
[INFO] --- build-helper:1.10:parse-version (parse-version) @ netty-transport-classes-epoll ---
[INFO] 
[INFO] --- antrun:1.8:run (write-version-properties) @ netty-transport-classes-epoll ---
[INFO] Executing tasks

main:
     [exec] Result: 128
     [exec] Result: 128
     [echo] Current commit: 0 on 1970-01-01 00:00:00 +0000
    [mkdir] Created dir: /code/transport-classes-epoll/target/classes/META-INF
[propertyfile] Creating new property file: /code/transport-classes-epoll/target/classes/META-INF/io.netty.versions.properties
[INFO] Executed tasks
[INFO] 
[INFO] --- resources:3.0.1:resources (default-resources) @ netty-transport-classes-epoll ---
[INFO] Using 'UTF-8' encoding to copy filtered resources.
[INFO] Copying 4 resources
[INFO] 
[INFO] --- compiler:3.14.0:compile (default-compile) @ netty-transport-classes-epoll ---
[WARNING]  Parameter 'compilerVersion' (user property 'maven.compiler.compilerVersion') is deprecated: This parameter is no longer evaluated by the underlying compilers, instead the actual version of the javac binary is automatically retrieved.
[WARNING]  Parameter 'optimize' (user property 'maven.compiler.optimize') is deprecated: This property is a no-op in javac.
[INFO] Recompiling the module because of changed dependency.
[INFO] Compiling 37 source files with javac [forked debug deprecation release 8] to target/classes
[WARNING] /code/transport-classes-epoll/src/main/java/io/netty/channel/epoll/LinuxSocket.java:[20,30] [deprecation] InternetProtocolFamily in io.netty.channel.socket has been deprecated
[WARNING] /code/transport-classes-epoll/src/main/java/io/netty/channel/epoll/EpollDatagramChannel.java:[31,30] [deprecation] InternetProtocolFamily in io.netty.channel.socket has been deprecated
[WARNING] /code/transport-classes-epoll/src/main/java/io/netty/channel/epoll/EpollEventLoop.java:[19,23] [deprecation] EventLoopTaskQueueFactory in io.netty.channel has been deprecated
[WARNING] /code/transport-classes-epoll/src/main/java/io/netty/channel/epoll/EpollEventLoopGroup.java:[20,23] [deprecation] EventLoopTaskQueueFactory in io.netty.channel has been deprecated
[WARNING] /code/transport-classes-epoll/src/main/java/io/netty/channel/epoll/EpollServerSocketChannel.java:[19,30] [deprecation] InternetProtocolFamily in io.netty.channel.socket has been deprecated
[WARNING] /code/transport-classes-epoll/src/main/java/io/netty/channel/epoll/EpollSocketChannel.java:[22,30] [deprecation] InternetProtocolFamily in io.netty.channel.socket has been deprecated
[WARNING] /code/transport-classes-epoll/src/main/java/io/netty/channel/epoll/EpollChannelConfig.java:[64,64] [deprecation] EPOLL_MODE in EpollChannelOption has been deprecated
[WARNING] /code/transport-classes-epoll/src/main/java/io/netty/channel/epoll/EpollChannelConfig.java:[70,40] [deprecation] EPOLL_MODE in EpollChannelOption has been deprecated
[WARNING] /code/transport-classes-epoll/src/main/java/io/netty/channel/epoll/EpollChannelConfig.java:[94,40] [deprecation] EPOLL_MODE in EpollChannelOption has been deprecated
[WARNING] /code/transport-classes-epoll/src/main/java/io/netty/channel/epoll/EpollChannelConfig.java:[95,26] [deprecation] EpollMode in io.netty.channel.epoll has been deprecated
[WARNING] /code/transport-classes-epoll/src/main/java/io/netty/channel/epoll/NativeDatagramPacketArray.java:[45,38] [deprecation] IovArray() in IovArray has been deprecated
[WARNING] /code/transport-classes-epoll/src/main/java/io/netty/channel/epoll/AbstractEpollStreamChannel.java:[867,54] [deprecation] Handle in RecvByteBufAllocator has been deprecated
[WARNING] /code/transport-classes-epoll/src/main/java/io/netty/channel/epoll/AbstractEpollStreamChannel.java:[869,81] [deprecation] Handle in RecvByteBufAllocator has been deprecated
[WARNING] /code/transport-classes-epoll/src/main/java/io/netty/channel/epoll/AbstractEpollStreamChannel.java:[906,52] [deprecation] Handle in RecvByteBufAllocator has been deprecated
[WARNING] /code/transport-classes-epoll/src/main/java/io/netty/channel/epoll/AbstractEpollStreamChannel.java:[1012,52] [deprecation] Handle in RecvByteBufAllocator has been deprecated
[WARNING] /code/transport-classes-epoll/src/main/java/io/netty/channel/epoll/EpollDatagramChannelConfig.java:[412,38] [deprecation] setEpollMode(EpollMode) in EpollChannelConfig has been deprecated
[WARNING] /code/transport-classes-epoll/src/main/java/io/netty/channel/epoll/EpollDatagramChannelConfig.java:[412,51] [deprecation] EpollMode in io.netty.channel.epoll has been deprecated
[WARNING] /code/transport-classes-epoll/src/main/java/io/netty/channel/epoll/EpollDatagramChannelConfig.java:[413,13] [deprecation] setEpollMode(EpollMode) in EpollChannelConfig has been deprecated
[WARNING] /code/transport-classes-epoll/src/main/java/io/netty/channel/epoll/EpollDomainDatagramChannelConfig.java:[113,44] [deprecation] setEpollMode(EpollMode) in EpollChannelConfig has been deprecated
[WARNING] /code/transport-classes-epoll/src/main/java/io/netty/channel/epoll/EpollDomainDatagramChannelConfig.java:[113,57] [deprecation] EpollMode in io.netty.channel.epoll has been deprecated
[WARNING] /code/transport-classes-epoll/src/main/java/io/netty/channel/epoll/EpollDomainDatagramChannelConfig.java:[114,13] [deprecation] setEpollMode(EpollMode) in EpollChannelConfig has been deprecated
[WARNING] /code/transport-classes-epoll/src/main/java/io/netty/channel/epoll/EpollDomainSocketChannelConfig.java:[158,42] [deprecation] setEpollMode(EpollMode) in EpollChannelConfig has been deprecated
[WARNING] /code/transport-classes-epoll/src/main/java/io/netty/channel/epoll/EpollDomainSocketChannelConfig.java:[158,55] [deprecation] EpollMode in io.netty.channel.epoll has been deprecated
[WARNING] /code/transport-classes-epoll/src/main/java/io/netty/channel/epoll/EpollDomainSocketChannelConfig.java:[159,13] [deprecation] setEpollMode(EpollMode) in EpollChannelConfig has been deprecated
[WARNING] /code/transport-classes-epoll/src/main/java/io/netty/channel/epoll/NativeArrays.java:[31,23] [deprecation] IovArray() in IovArray has been deprecated
[WARNING] /code/transport-classes-epoll/src/main/java/io/netty/channel/epoll/EpollServerChannelConfig.java:[230,36] [deprecation] setEpollMode(EpollMode) in EpollChannelConfig has been deprecated
[WARNING] /code/transport-classes-epoll/src/main/java/io/netty/channel/epoll/EpollServerChannelConfig.java:[230,49] [deprecation] EpollMode in io.netty.channel.epoll has been deprecated
[WARNING] /code/transport-classes-epoll/src/main/java/io/netty/channel/epoll/EpollServerChannelConfig.java:[231,13] [deprecation] setEpollMode(EpollMode) in EpollChannelConfig has been deprecated
[WARNING] /code/transport-classes-epoll/src/main/java/io/netty/channel/epoll/EpollSocketChannelConfig.java:[685,36] [deprecation] setEpollMode(EpollMode) in EpollChannelConfig has been deprecated
[WARNING] /code/transport-classes-epoll/src/main/java/io/netty/channel/epoll/EpollSocketChannelConfig.java:[685,49] [deprecation] EpollMode in io.netty.channel.epoll has been deprecated
[WARNING] /code/transport-classes-epoll/src/main/java/io/netty/channel/epoll/EpollSocketChannelConfig.java:[686,13] [deprecation] setEpollMode(EpollMode) in EpollChannelConfig has been deprecated
[INFO] 
[INFO] --- forbiddenapis:2.2:check (check-forbidden-apis) @ netty-transport-classes-epoll ---
[WARNING]  Parameter 'internalRuntimeForbidden' is deprecated: Use <a href="bundled-signatures.html">bundled signatures</a> {@code "jdk-non-portable"} or {@code "jdk-internal"} instead.
[INFO] Skipping forbidden-apis checks.
[INFO] 
[INFO] --- bundle:5.1.8:manifest (generate-manifest) @ netty-transport-classes-epoll ---
[INFO] No MANIFEST.MF file found, generating manifest.
[WARNING] Manifest io.netty:netty-transport-classes-epoll:jar:4.2.18.Final-SNAPSHOT : Unused Import-Package instructions: [sun.net.dns.*, sun.misc.*, sun.security.*] 
[INFO] Writing manifest: /code/transport-classes-epoll/target/classes/META-INF/MANIFEST.MF
[INFO] 
[INFO] --- module-info:2.2:generate (module-info) @ netty-transport-classes-epoll ---
[INFO] Using source file: /code/transport-classes-epoll/src/main/java/module-info.yml
[INFO] Using module name "io.netty.transport.classes.epoll"
[INFO] Using module version "4.2.18.Final-SNAPSHOT"
[INFO] Automatically adding export for package "io.netty.channel.epoll"
[INFO] Automatically adding mandatory "java.base" dependency
[INFO] Wrote module descriptor "/code/transport-classes-epoll/target/classes/META-INF/versions/11/module-info.class"
[INFO] 
[INFO] --- resources:3.0.1:testResources (default-testResources) @ netty-transport-classes-epoll ---
[INFO] Using 'UTF-8' encoding to copy filtered resources.
[INFO] skip non existing resourceDirectory /code/transport-classes-epoll/src/test/resources
[INFO] Copying 0 resource
[INFO] 
[INFO] --- compiler:3.14.0:testCompile (default-testCompile) @ netty-transport-classes-epoll ---
[WARNING]  Parameter 'compilerVersion' (user property 'maven.compiler.compilerVersion') is deprecated: This parameter is no longer evaluated by the underlying compilers, instead the actual version of the javac binary is automatically retrieved.
[WARNING]  Parameter 'optimize' (user property 'maven.compiler.optimize') is deprecated: This property is a no-op in javac.
[INFO] Recompiling the module because of changed dependency.
[INFO] Compiling 1 source file with javac [forked debug deprecation release 8] to target/test-classes
[WARNING] /code/transport-classes-epoll/src/test/java/io/netty/channel/epoll/LoadClassTest.java:[39,20] [deprecation] EpollEventLoopGroup in io.netty.channel.epoll has been deprecated
[INFO] 
[INFO] --- forbiddenapis:2.2:testCheck (check-forbidden-test-apis) @ netty-transport-classes-epoll ---
[WARNING]  Parameter 'internalRuntimeForbidden' is deprecated: Use <a href="bundled-signatures.html">bundled signatures</a> {@code "jdk-non-portable"} or {@code "jdk-internal"} instead.
[INFO] Skipping forbidden-apis checks.
[INFO] 
[INFO] --- surefire:3.5.6:test (default-test) @ netty-transport-classes-epoll ---
[INFO] Tests are skipped.
[INFO] 
[INFO] --- source:3.2.0:jar-no-fork (attach-sources) @ netty-transport-classes-epoll ---
[INFO] Building jar: /code/transport-classes-epoll/target/netty-transport-classes-epoll-4.2.18.Final-SNAPSHOT-sources.jar
[INFO] 
[INFO] --- source:3.2.0:test-jar-no-fork (attach-test-sources) @ netty-transport-classes-epoll ---
[INFO] Building jar: /code/transport-classes-epoll/target/netty-transport-classes-epoll-4.2.18.Final-SNAPSHOT-test-sources.jar
[INFO] 
[INFO] --- jar:3.0.2:jar (default-jar) @ netty-transport-classes-epoll ---
[INFO] Building jar: /code/transport-classes-epoll/target/netty-transport-classes-epoll-4.2.18.Final-SNAPSHOT.jar
[INFO] 
[INFO] --- jar:3.0.2:test-jar (default) @ netty-transport-classes-epoll ---
[INFO] Building jar: /code/transport-classes-epoll/target/netty-transport-classes-epoll-4.2.18.Final-SNAPSHOT-tests.jar
[INFO] 
[INFO] --- revapi:0.15.0:check (api-check) @ netty-transport-classes-epoll ---
[INFO] Skipping execution
[INFO] 
[INFO] --- install:3.1.2:install (default-install) @ netty-transport-classes-epoll ---
[INFO] Installing /code/transport-classes-epoll/pom.xml to /root/.m2/repository/io/netty/netty-transport-classes-epoll/4.2.18.Final-SNAPSHOT/netty-transport-classes-epoll-4.2.18.Final-SNAPSHOT.pom
[INFO] Installing /code/transport-classes-epoll/target/netty-transport-classes-epoll-4.2.18.Final-SNAPSHOT.jar to /root/.m2/repository/io/netty/netty-transport-classes-epoll/4.2.18.Final-SNAPSHOT/netty-transport-classes-epoll-4.2.18.Final-SNAPSHOT.jar
[INFO] Installing /code/transport-classes-epoll/target/netty-transport-classes-epoll-4.2.18.Final-SNAPSHOT-sources.jar to /root/.m2/repository/io/netty/netty-transport-classes-epoll/4.2.18.Final-SNAPSHOT/netty-transport-classes-epoll-4.2.18.Final-SNAPSHOT-sources.jar
[INFO] Installing /code/transport-classes-epoll/target/netty-transport-classes-epoll-4.2.18.Final-SNAPSHOT-test-sources.jar to /root/.m2/repository/io/netty/netty-transport-classes-epoll/4.2.18.Final-SNAPSHOT/netty-transport-classes-epoll-4.2.18.Final-SNAPSHOT-test-sources.jar
[INFO] Installing /code/transport-classes-epoll/target/netty-transport-classes-epoll-4.2.18.Final-SNAPSHOT-tests.jar to /root/.m2/repository/io/netty/netty-transport-classes-epoll/4.2.18.Final-SNAPSHOT/netty-transport-classes-epoll-4.2.18.Final-SNAPSHOT-tests.jar
[INFO] 
[INFO] -------------------< io.netty:netty-transport-sctp >--------------------
[INFO] Building Netty/Transport/SCTP 4.2.18.Final-SNAPSHOT              [21/31]
[INFO]   from transport-sctp/pom.xml
[INFO] --------------------------------[ jar ]---------------------------------
[INFO] 
[INFO] --- enforcer:3.0.0:enforce (enforce-maven) @ netty-transport-sctp ---
[INFO] 
[INFO] --- enforcer:3.0.0:enforce (enforce-tools) @ netty-transport-sctp ---
[INFO] 
[INFO] --- checkstyle:3.1.0:check (check-style) @ netty-transport-sctp ---
[INFO] 
[INFO] --- xml:1.0.1:check-format (check-style) @ netty-transport-sctp ---
[INFO] 
[INFO] --- build-helper:1.10:parse-version (parse-version) @ netty-transport-sctp ---
[INFO] 
[INFO] --- antrun:1.8:run (write-version-properties) @ netty-transport-sctp ---
[INFO] Executing tasks

main:
     [exec] Result: 128
     [exec] Result: 128
     [echo] Current commit: 0 on 1970-01-01 00:00:00 +0000
    [mkdir] Created dir: /code/transport-sctp/target/classes/META-INF
[propertyfile] Creating new property file: /code/transport-sctp/target/classes/META-INF/io.netty.versions.properties
[INFO] Executed tasks
[INFO] 
[INFO] --- resources:3.0.1:resources (default-resources) @ netty-transport-sctp ---
[INFO] Using 'UTF-8' encoding to copy filtered resources.
[INFO] Copying 1 resource
[INFO] 
[INFO] --- compiler:3.14.0:compile (default-compile) @ netty-transport-sctp ---
[WARNING]  Parameter 'compilerVersion' (user property 'maven.compiler.compilerVersion') is deprecated: This parameter is no longer evaluated by the underlying compilers, instead the actual version of the javac binary is automatically retrieved.
[WARNING]  Parameter 'optimize' (user property 'maven.compiler.optimize') is deprecated: This property is a no-op in javac.
[INFO] Recompiling the module because of changed dependency.
[INFO] Compiling 32 source files with javac [forked debug deprecation release 8] to target/classes
[WARNING] /code/transport-sctp/src/main/java/io/netty/channel/sctp/oio/OioSctpChannel.java:[31,27] [deprecation] AbstractOioMessageChannel in io.netty.channel.oio has been deprecated
[WARNING] /code/transport-sctp/src/main/java/io/netty/channel/sctp/oio/OioSctpServerChannel.java:[25,27] [deprecation] AbstractOioMessageChannel in io.netty.channel.oio has been deprecated
[WARNING] /code/transport-sctp/src/main/java/io/netty/channel/sctp/nio/NioSctpChannel.java:[268,28] [deprecation] Handle in RecvByteBufAllocator has been deprecated
[INFO] 
[INFO] --- forbiddenapis:2.2:check (check-forbidden-apis) @ netty-transport-sctp ---
[WARNING]  Parameter 'internalRuntimeForbidden' is deprecated: Use <a href="bundled-signatures.html">bundled signatures</a> {@code "jdk-non-portable"} or {@code "jdk-internal"} instead.
[INFO] Skipping forbidden-apis checks.
[INFO] 
[INFO] --- bundle:5.1.8:manifest (generate-manifest) @ netty-transport-sctp ---
[INFO] No MANIFEST.MF file found, generating manifest.
[WARNING] Manifest io.netty:netty-transport-sctp:jar:4.2.18.Final-SNAPSHOT : Unused Import-Package instructions: [sun.net.dns.*, sun.misc.*, sun.security.*] 
[WARNING] Manifest io.netty:netty-transport-sctp:jar:4.2.18.Final-SNAPSHOT : Export io.netty.channel.sctp,  has 1,  private references [com.sun.nio.sctp]
[WARNING] Manifest io.netty:netty-transport-sctp:jar:4.2.18.Final-SNAPSHOT : Export io.netty.channel.sctp.nio,  has 1,  private references [com.sun.nio.sctp]
[WARNING] Manifest io.netty:netty-transport-sctp:jar:4.2.18.Final-SNAPSHOT : Export io.netty.channel.sctp.oio,  has 1,  private references [com.sun.nio.sctp]
[INFO] Writing manifest: /code/transport-sctp/target/classes/META-INF/MANIFEST.MF
[INFO] 
[INFO] --- resources:3.0.1:testResources (default-testResources) @ netty-transport-sctp ---
[INFO] Using 'UTF-8' encoding to copy filtered resources.
[INFO] skip non existing resourceDirectory /code/transport-sctp/src/test/resources
[INFO] Copying 0 resource
[INFO] 
[INFO] --- compiler:3.14.0:testCompile (default-testCompile) @ netty-transport-sctp ---
[WARNING]  Parameter 'compilerVersion' (user property 'maven.compiler.compilerVersion') is deprecated: This parameter is no longer evaluated by the underlying compilers, instead the actual version of the javac binary is automatically retrieved.
[WARNING]  Parameter 'optimize' (user property 'maven.compiler.optimize') is deprecated: This property is a no-op in javac.
[INFO] Recompiling the module because of changed dependency.
[INFO] Compiling 6 source files with javac [forked debug deprecation release 8] to target/test-classes
[WARNING] /code/transport-sctp/src/test/java/io/netty/channel/sctp/oio/OioSctpLimitStreamsTest.java:[19,27] [deprecation] OioEventLoopGroup in io.netty.channel.oio has been deprecated
[WARNING] /code/transport-sctp/src/test/java/io/netty/channel/sctp/oio/OioSctpLimitStreamsTest.java:[27,19] [deprecation] OioEventLoopGroup in io.netty.channel.oio has been deprecated
[WARNING] /code/transport-sctp/src/test/java/io/netty/channel/sctp/oio/OioSctpLimitStreamsTest.java:[32,15] [deprecation] OioSctpChannel in io.netty.channel.sctp.oio has been deprecated
[WARNING] /code/transport-sctp/src/test/java/io/netty/channel/sctp/oio/OioSctpLimitStreamsTest.java:[37,15] [deprecation] OioSctpServerChannel in io.netty.channel.sctp.oio has been deprecated
[INFO] 
[INFO] --- forbiddenapis:2.2:testCheck (check-forbidden-test-apis) @ netty-transport-sctp ---
[WARNING]  Parameter 'internalRuntimeForbidden' is deprecated: Use <a href="bundled-signatures.html">bundled signatures</a> {@code "jdk-non-portable"} or {@code "jdk-internal"} instead.
[INFO] Skipping forbidden-apis checks.
[INFO] 
[INFO] --- surefire:3.5.6:test (default-test) @ netty-transport-sctp ---
[INFO] Tests are skipped.
[INFO] 
[INFO] --- source:3.2.0:jar-no-fork (attach-sources) @ netty-transport-sctp ---
[INFO] Building jar: /code/transport-sctp/target/netty-transport-sctp-4.2.18.Final-SNAPSHOT-sources.jar
[INFO] 
[INFO] --- source:3.2.0:test-jar-no-fork (attach-test-sources) @ netty-transport-sctp ---
[INFO] Building jar: /code/transport-sctp/target/netty-transport-sctp-4.2.18.Final-SNAPSHOT-test-sources.jar
[INFO] 
[INFO] --- jar:3.0.2:jar (default-jar) @ netty-transport-sctp ---
[INFO] Building jar: /code/transport-sctp/target/netty-transport-sctp-4.2.18.Final-SNAPSHOT.jar
[INFO] 
[INFO] --- jar:3.0.2:test-jar (default) @ netty-transport-sctp ---
[INFO] Building jar: /code/transport-sctp/target/netty-transport-sctp-4.2.18.Final-SNAPSHOT-tests.jar
[INFO] 
[INFO] --- revapi:0.15.0:check (api-check) @ netty-transport-sctp ---
[INFO] Skipping execution
[INFO] 
[INFO] --- install:3.1.2:install (default-install) @ netty-transport-sctp ---
[INFO] Installing /code/transport-sctp/pom.xml to /root/.m2/repository/io/netty/netty-transport-sctp/4.2.18.Final-SNAPSHOT/netty-transport-sctp-4.2.18.Final-SNAPSHOT.pom
[INFO] Installing /code/transport-sctp/target/netty-transport-sctp-4.2.18.Final-SNAPSHOT.jar to /root/.m2/repository/io/netty/netty-transport-sctp/4.2.18.Final-SNAPSHOT/netty-transport-sctp-4.2.18.Final-SNAPSHOT.jar
[INFO] Installing /code/transport-sctp/target/netty-transport-sctp-4.2.18.Final-SNAPSHOT-sources.jar to /root/.m2/repository/io/netty/netty-transport-sctp/4.2.18.Final-SNAPSHOT/netty-transport-sctp-4.2.18.Final-SNAPSHOT-sources.jar
[INFO] Installing /code/transport-sctp/target/netty-transport-sctp-4.2.18.Final-SNAPSHOT-test-sources.jar to /root/.m2/repository/io/netty/netty-transport-sctp/4.2.18.Final-SNAPSHOT/netty-transport-sctp-4.2.18.Final-SNAPSHOT-test-sources.jar
[INFO] Installing /code/transport-sctp/target/netty-transport-sctp-4.2.18.Final-SNAPSHOT-tests.jar to /root/.m2/repository/io/netty/netty-transport-sctp/4.2.18.Final-SNAPSHOT/netty-transport-sctp-4.2.18.Final-SNAPSHOT-tests.jar
[INFO] 
[INFO] --------------------< io.netty:netty-transport-udt >--------------------
[INFO] Building Netty/Transport/UDT 4.2.18.Final-SNAPSHOT               [22/31]
[INFO]   from transport-udt/pom.xml
[INFO] --------------------------------[ jar ]---------------------------------
[INFO] 
[INFO] --- enforcer:3.0.0:enforce (enforce-maven) @ netty-transport-udt ---
[INFO] 
[INFO] --- enforcer:3.0.0:enforce (enforce-tools) @ netty-transport-udt ---
[INFO] 
[INFO] --- checkstyle:3.1.0:check (check-style) @ netty-transport-udt ---
[INFO] 
[INFO] --- xml:1.0.1:check-format (check-style) @ netty-transport-udt ---
[INFO] 
[INFO] --- build-helper:1.10:parse-version (parse-version) @ netty-transport-udt ---
[INFO] 
[INFO] --- antrun:1.8:run (write-version-properties) @ netty-transport-udt ---
[INFO] Executing tasks

main:
     [exec] Result: 128
     [exec] Result: 128
     [echo] Current commit: 0 on 1970-01-01 00:00:00 +0000
    [mkdir] Created dir: /code/transport-udt/target/classes/META-INF
[propertyfile] Creating new property file: /code/transport-udt/target/classes/META-INF/io.netty.versions.properties
[INFO] Executed tasks
[INFO] 
[INFO] --- resources:3.0.1:resources (default-resources) @ netty-transport-udt ---
[INFO] Using 'UTF-8' encoding to copy filtered resources.
[INFO] skip non existing resourceDirectory /code/transport-udt/src/main/resources
[INFO] 
[INFO] --- compiler:3.14.0:compile (default-compile) @ netty-transport-udt ---
[WARNING]  Parameter 'compilerVersion' (user property 'maven.compiler.compilerVersion') is deprecated: This parameter is no longer evaluated by the underlying compilers, instead the actual version of the javac binary is automatically retrieved.
[WARNING]  Parameter 'optimize' (user property 'maven.compiler.optimize') is deprecated: This property is a no-op in javac.
[INFO] Recompiling the module because of changed dependency.
[INFO] Compiling 16 source files with javac [forked debug deprecation release 8] to target/classes
[WARNING] /code/transport-udt/src/main/java/io/netty/channel/udt/DefaultUdtChannelConfig.java:[35,34] [deprecation] UdtChannelOption in io.netty.channel.udt has been deprecated
[WARNING] /code/transport-udt/src/main/java/io/netty/channel/udt/DefaultUdtChannelConfig.java:[36,34] [deprecation] UdtChannelOption in io.netty.channel.udt has been deprecated
[WARNING] /code/transport-udt/src/main/java/io/netty/channel/udt/DefaultUdtChannelConfig.java:[37,34] [deprecation] UdtChannelOption in io.netty.channel.udt has been deprecated
[WARNING] /code/transport-udt/src/main/java/io/netty/channel/udt/DefaultUdtChannelConfig.java:[38,34] [deprecation] UdtChannelOption in io.netty.channel.udt has been deprecated
[WARNING] /code/transport-udt/src/main/java/io/netty/channel/udt/UdtChannel.java:[19,31] [deprecation] NioUdtProvider in io.netty.channel.udt.nio has been deprecated
[WARNING] /code/transport-udt/src/main/java/io/netty/channel/udt/UdtMessage.java:[21,31] [deprecation] NioUdtProvider in io.netty.channel.udt.nio has been deprecated
[WARNING] /code/transport-udt/src/main/java/io/netty/channel/udt/UdtServerChannel.java:[19,31] [deprecation] NioUdtProvider in io.netty.channel.udt.nio has been deprecated
[WARNING] /code/transport-udt/src/main/java/io/netty/channel/udt/nio/NioUdtAcceptorChannel.java:[26,27] [deprecation] DefaultUdtServerChannelConfig in io.netty.channel.udt has been deprecated
[WARNING] /code/transport-udt/src/main/java/io/netty/channel/udt/nio/NioUdtAcceptorChannel.java:[27,27] [deprecation] UdtChannel in io.netty.channel.udt has been deprecated
[WARNING] /code/transport-udt/src/main/java/io/netty/channel/udt/nio/NioUdtAcceptorChannel.java:[28,27] [deprecation] UdtServerChannel in io.netty.channel.udt has been deprecated
[WARNING] /code/transport-udt/src/main/java/io/netty/channel/udt/nio/NioUdtAcceptorChannel.java:[29,27] [deprecation] UdtServerChannelConfig in io.netty.channel.udt has been deprecated
[WARNING] /code/transport-udt/src/main/java/io/netty/channel/udt/nio/NioUdtByteAcceptorChannel.java:[20,27] [deprecation] UdtChannel in io.netty.channel.udt has been deprecated
[WARNING] /code/transport-udt/src/main/java/io/netty/channel/udt/nio/NioUdtByteConnectorChannel.java:[28,27] [deprecation] DefaultUdtChannelConfig in io.netty.channel.udt has been deprecated
[WARNING] /code/transport-udt/src/main/java/io/netty/channel/udt/nio/NioUdtByteConnectorChannel.java:[29,27] [deprecation] UdtChannel in io.netty.channel.udt has been deprecated
[WARNING] /code/transport-udt/src/main/java/io/netty/channel/udt/nio/NioUdtByteConnectorChannel.java:[30,27] [deprecation] UdtChannelConfig in io.netty.channel.udt has been deprecated
[WARNING] /code/transport-udt/src/main/java/io/netty/channel/udt/nio/NioUdtMessageAcceptorChannel.java:[20,27] [deprecation] UdtChannel in io.netty.channel.udt has been deprecated
[WARNING] /code/transport-udt/src/main/java/io/netty/channel/udt/nio/NioUdtMessageConnectorChannel.java:[29,27] [deprecation] DefaultUdtChannelConfig in io.netty.channel.udt has been deprecated
[WARNING] /code/transport-udt/src/main/java/io/netty/channel/udt/nio/NioUdtMessageConnectorChannel.java:[30,27] [deprecation] UdtChannel in io.netty.channel.udt has been deprecated
[WARNING] /code/transport-udt/src/main/java/io/netty/channel/udt/nio/NioUdtMessageConnectorChannel.java:[31,27] [deprecation] UdtChannelConfig in io.netty.channel.udt has been deprecated
[WARNING] /code/transport-udt/src/main/java/io/netty/channel/udt/nio/NioUdtMessageConnectorChannel.java:[32,27] [deprecation] UdtMessage in io.netty.channel.udt has been deprecated
[WARNING] /code/transport-udt/src/main/java/io/netty/channel/udt/nio/NioUdtMessageRendezvousChannel.java:[19,27] [deprecation] UdtMessage in io.netty.channel.udt has been deprecated
[WARNING] /code/transport-udt/src/main/java/io/netty/channel/udt/nio/NioUdtProvider.java:[29,27] [deprecation] UdtChannel in io.netty.channel.udt has been deprecated
[WARNING] /code/transport-udt/src/main/java/io/netty/channel/udt/nio/NioUdtProvider.java:[30,27] [deprecation] UdtServerChannel in io.netty.channel.udt has been deprecated
[INFO] 
[INFO] --- forbiddenapis:2.2:check (check-forbidden-apis) @ netty-transport-udt ---
[WARNING]  Parameter 'internalRuntimeForbidden' is deprecated: Use <a href="bundled-signatures.html">bundled signatures</a> {@code "jdk-non-portable"} or {@code "jdk-internal"} instead.
[INFO] Skipping forbidden-apis checks.
[INFO] 
[INFO] --- bundle:5.1.8:manifest (generate-manifest) @ netty-transport-udt ---
[INFO] No MANIFEST.MF file found, generating manifest.
[WARNING] Manifest io.netty:netty-transport-udt:jar:4.2.18.Final-SNAPSHOT : Unused Import-Package instructions: [sun.net.dns.*, sun.misc.*, sun.security.*] 
[INFO] Writing manifest: /code/transport-udt/target/classes/META-INF/MANIFEST.MF
[INFO] 
[INFO] --- resources:3.0.1:testResources (default-testResources) @ netty-transport-udt ---
[INFO] Using 'UTF-8' encoding to copy filtered resources.
[INFO] skip non existing resourceDirectory /code/transport-udt/src/test/resources
[INFO] Copying 0 resource
[INFO] 
[INFO] --- compiler:3.14.0:testCompile (default-testCompile) @ netty-transport-udt ---
[WARNING]  Parameter 'compilerVersion' (user property 'maven.compiler.compilerVersion') is deprecated: This parameter is no longer evaluated by the underlying compilers, instead the actual version of the javac binary is automatically retrieved.
[WARNING]  Parameter 'optimize' (user property 'maven.compiler.optimize') is deprecated: This property is a no-op in javac.
[INFO] Recompiling the module because of changed dependency.
[INFO] Compiling 14 source files with javac [forked debug deprecation release 8] to target/test-classes
[WARNING] /code/transport-udt/src/test/java/io/netty/test/udt/nio/NioUdtByteAcceptorChannelTest.java:[19,31] [deprecation] NioUdtByteAcceptorChannel in io.netty.channel.udt.nio has been deprecated
[WARNING] /code/transport-udt/src/test/java/io/netty/test/udt/nio/NioUdtByteConnectorChannelTest.java:[19,31] [deprecation] NioUdtByteConnectorChannel in io.netty.channel.udt.nio has been deprecated
[WARNING] /code/transport-udt/src/test/java/io/netty/test/udt/nio/NioUdtByteRendezvousChannelTest.java:[24,31] [deprecation] NioUdtByteRendezvousChannel in io.netty.channel.udt.nio has been deprecated
[WARNING] /code/transport-udt/src/test/java/io/netty/test/udt/nio/NioUdtByteRendezvousChannelTest.java:[25,31] [deprecation] NioUdtProvider in io.netty.channel.udt.nio has been deprecated
[WARNING] /code/transport-udt/src/test/java/io/netty/test/udt/nio/NioUdtMessageAcceptorChannelTest.java:[19,31] [deprecation] NioUdtMessageAcceptorChannel in io.netty.channel.udt.nio has been deprecated
[WARNING] /code/transport-udt/src/test/java/io/netty/test/udt/nio/NioUdtMessageConnectorChannelTest.java:[19,31] [deprecation] NioUdtMessageConnectorChannel in io.netty.channel.udt.nio has been deprecated
[WARNING] /code/transport-udt/src/test/java/io/netty/test/udt/nio/NioUdtMessageRendezvousChannelTest.java:[24,31] [deprecation] NioUdtMessageRendezvousChannel in io.netty.channel.udt.nio has been deprecated
[WARNING] /code/transport-udt/src/test/java/io/netty/test/udt/nio/NioUdtMessageRendezvousChannelTest.java:[25,31] [deprecation] NioUdtProvider in io.netty.channel.udt.nio has been deprecated
[WARNING] /code/transport-udt/src/test/java/io/netty/test/udt/nio/NioUdtProviderTest.java:[19,27] [deprecation] UdtServerChannel in io.netty.channel.udt has been deprecated
[WARNING] /code/transport-udt/src/test/java/io/netty/test/udt/nio/NioUdtProviderTest.java:[20,31] [deprecation] NioUdtByteAcceptorChannel in io.netty.channel.udt.nio has been deprecated
[WARNING] /code/transport-udt/src/test/java/io/netty/test/udt/nio/NioUdtProviderTest.java:[21,31] [deprecation] NioUdtByteConnectorChannel in io.netty.channel.udt.nio has been deprecated
[WARNING] /code/transport-udt/src/test/java/io/netty/test/udt/nio/NioUdtProviderTest.java:[22,31] [deprecation] NioUdtByteRendezvousChannel in io.netty.channel.udt.nio has been deprecated
[WARNING] /code/transport-udt/src/test/java/io/netty/test/udt/nio/NioUdtProviderTest.java:[23,31] [deprecation] NioUdtProvider in io.netty.channel.udt.nio has been deprecated
[WARNING] /code/transport-udt/src/test/java/io/netty/test/udt/nio/NioUdtProviderTest.java:[24,31] [deprecation] NioUdtMessageAcceptorChannel in io.netty.channel.udt.nio has been deprecated
[WARNING] /code/transport-udt/src/test/java/io/netty/test/udt/nio/NioUdtProviderTest.java:[25,31] [deprecation] NioUdtMessageConnectorChannel in io.netty.channel.udt.nio has been deprecated
[WARNING] /code/transport-udt/src/test/java/io/netty/test/udt/nio/NioUdtProviderTest.java:[26,31] [deprecation] NioUdtMessageRendezvousChannel in io.netty.channel.udt.nio has been deprecated
[WARNING] /code/transport-udt/src/test/java/io/netty/test/udt/util/EchoByteHandler.java:[23,31] [deprecation] NioUdtProvider in io.netty.channel.udt.nio has been deprecated
[WARNING] /code/transport-udt/src/test/java/io/netty/test/udt/util/EchoMessageHandler.java:[23,27] [deprecation] UdtMessage in io.netty.channel.udt has been deprecated
[WARNING] /code/transport-udt/src/test/java/io/netty/test/udt/util/EchoMessageHandler.java:[24,31] [deprecation] NioUdtProvider in io.netty.channel.udt.nio has been deprecated
[WARNING] /code/transport-udt/src/test/java/io/netty/test/udt/nio/NioUdtByteAcceptorChannelTest.java:[31,24] [deprecation] NioUdtByteAcceptorChannel in io.netty.channel.udt.nio has been deprecated
[WARNING] /code/transport-udt/src/test/java/io/netty/test/udt/nio/NioUdtByteConnectorChannelTest.java:[31,24] [deprecation] NioUdtByteConnectorChannel in io.netty.channel.udt.nio has been deprecated
[WARNING] /code/transport-udt/src/test/java/io/netty/test/udt/nio/NioUdtByteRendezvousChannelTest.java:[50,24] [deprecation] NioUdtByteRendezvousChannel in io.netty.channel.udt.nio has been deprecated
[WARNING] /code/transport-udt/src/test/java/io/netty/test/udt/nio/NioUdtByteRendezvousChannelTest.java:[70,77] [deprecation] NioUdtProvider in io.netty.channel.udt.nio has been deprecated
[WARNING] /code/transport-udt/src/test/java/io/netty/test/udt/nio/NioUdtByteRendezvousChannelTest.java:[72,77] [deprecation] NioUdtProvider in io.netty.channel.udt.nio has been deprecated
[WARNING] /code/transport-udt/src/test/java/io/netty/test/udt/nio/NioUdtByteRendezvousChannelTest.java:[76,29] [deprecation] NioUdtProvider in io.netty.channel.udt.nio has been deprecated
[WARNING] /code/transport-udt/src/test/java/io/netty/test/udt/nio/NioUdtByteRendezvousChannelTest.java:[83,29] [deprecation] NioUdtProvider in io.netty.channel.udt.nio has been deprecated
[WARNING] /code/transport-udt/src/test/java/io/netty/test/udt/nio/NioUdtMessageAcceptorChannelTest.java:[31,24] [deprecation] NioUdtMessageAcceptorChannel in io.netty.channel.udt.nio has been deprecated
[WARNING] /code/transport-udt/src/test/java/io/netty/test/udt/nio/NioUdtMessageConnectorChannelTest.java:[31,24] [deprecation] NioUdtMessageConnectorChannel in io.netty.channel.udt.nio has been deprecated
[WARNING] /code/transport-udt/src/test/java/io/netty/test/udt/nio/NioUdtMessageRendezvousChannelTest.java:[51,24] [deprecation] NioUdtMessageRendezvousChannel in io.netty.channel.udt.nio has been deprecated
[WARNING] /code/transport-udt/src/test/java/io/netty/test/udt/nio/NioUdtMessageRendezvousChannelTest.java:[75,77] [deprecation] NioUdtProvider in io.netty.channel.udt.nio has been deprecated
[WARNING] /code/transport-udt/src/test/java/io/netty/test/udt/nio/NioUdtMessageRendezvousChannelTest.java:[77,77] [deprecation] NioUdtProvider in io.netty.channel.udt.nio has been deprecated
[WARNING] /code/transport-udt/src/test/java/io/netty/test/udt/nio/NioUdtMessageRendezvousChannelTest.java:[81,29] [deprecation] NioUdtProvider in io.netty.channel.udt.nio has been deprecated
[WARNING] /code/transport-udt/src/test/java/io/netty/test/udt/nio/NioUdtMessageRendezvousChannelTest.java:[86,29] [deprecation] NioUdtProvider in io.netty.channel.udt.nio has been deprecated
[WARNING] /code/transport-udt/src/test/java/io/netty/test/udt/nio/NioUdtProviderTest.java:[39,8] [deprecation] NioUdtByteAcceptorChannel in io.netty.channel.udt.nio has been deprecated
[WARNING] /code/transport-udt/src/test/java/io/netty/test/udt/nio/NioUdtProviderTest.java:[40,19] [deprecation] NioUdtByteAcceptorChannel in io.netty.channel.udt.nio has been deprecated
[WARNING] /code/transport-udt/src/test/java/io/netty/test/udt/nio/NioUdtProviderTest.java:[40,46] [deprecation] NioUdtProvider in io.netty.channel.udt.nio has been deprecated
[WARNING] /code/transport-udt/src/test/java/io/netty/test/udt/nio/NioUdtProviderTest.java:[41,8] [deprecation] NioUdtByteConnectorChannel in io.netty.channel.udt.nio has been deprecated
[WARNING] /code/transport-udt/src/test/java/io/netty/test/udt/nio/NioUdtProviderTest.java:[42,19] [deprecation] NioUdtByteConnectorChannel in io.netty.channel.udt.nio has been deprecated
[WARNING] /code/transport-udt/src/test/java/io/netty/test/udt/nio/NioUdtProviderTest.java:[42,47] [deprecation] NioUdtProvider in io.netty.channel.udt.nio has been deprecated
[WARNING] /code/transport-udt/src/test/java/io/netty/test/udt/nio/NioUdtProviderTest.java:[43,8] [deprecation] NioUdtByteRendezvousChannel in io.netty.channel.udt.nio has been deprecated
[WARNING] /code/transport-udt/src/test/java/io/netty/test/udt/nio/NioUdtProviderTest.java:[44,19] [deprecation] NioUdtByteRendezvousChannel in io.netty.channel.udt.nio has been deprecated
[WARNING] /code/transport-udt/src/test/java/io/netty/test/udt/nio/NioUdtProviderTest.java:[44,48] [deprecation] NioUdtProvider in io.netty.channel.udt.nio has been deprecated
[WARNING] /code/transport-udt/src/test/java/io/netty/test/udt/nio/NioUdtProviderTest.java:[45,8] [deprecation] NioUdtMessageAcceptorChannel in io.netty.channel.udt.nio has been deprecated
[WARNING] /code/transport-udt/src/test/java/io/netty/test/udt/nio/NioUdtProviderTest.java:[46,19] [deprecation] NioUdtMessageAcceptorChannel in io.netty.channel.udt.nio has been deprecated
[WARNING] /code/transport-udt/src/test/java/io/netty/test/udt/nio/NioUdtProviderTest.java:[46,49] [deprecation] NioUdtProvider in io.netty.channel.udt.nio has been deprecated
[WARNING] /code/transport-udt/src/test/java/io/netty/test/udt/nio/NioUdtProviderTest.java:[47,8] [deprecation] NioUdtMessageConnectorChannel in io.netty.channel.udt.nio has been deprecated
[WARNING] /code/transport-udt/src/test/java/io/netty/test/udt/nio/NioUdtProviderTest.java:[48,19] [deprecation] NioUdtMessageConnectorChannel in io.netty.channel.udt.nio has been deprecated
[WARNING] /code/transport-udt/src/test/java/io/netty/test/udt/nio/NioUdtProviderTest.java:[48,50] [deprecation] NioUdtProvider in io.netty.channel.udt.nio has been deprecated
[WARNING] /code/transport-udt/src/test/java/io/netty/test/udt/nio/NioUdtProviderTest.java:[49,8] [deprecation] NioUdtMessageRendezvousChannel in io.netty.channel.udt.nio has been deprecated
[WARNING] /code/transport-udt/src/test/java/io/netty/test/udt/nio/NioUdtProviderTest.java:[50,19] [deprecation] NioUdtMessageRendezvousChannel in io.netty.channel.udt.nio has been deprecated
[WARNING] /code/transport-udt/src/test/java/io/netty/test/udt/nio/NioUdtProviderTest.java:[50,51] [deprecation] NioUdtProvider in io.netty.channel.udt.nio has been deprecated
[WARNING] /code/transport-udt/src/test/java/io/netty/test/udt/nio/NioUdtProviderTest.java:[63,22] [deprecation] NioUdtProvider in io.netty.channel.udt.nio has been deprecated
[WARNING] /code/transport-udt/src/test/java/io/netty/test/udt/nio/NioUdtProviderTest.java:[64,22] [deprecation] NioUdtProvider in io.netty.channel.udt.nio has been deprecated
[WARNING] /code/transport-udt/src/test/java/io/netty/test/udt/nio/NioUdtProviderTest.java:[65,22] [deprecation] NioUdtProvider in io.netty.channel.udt.nio has been deprecated
[WARNING] /code/transport-udt/src/test/java/io/netty/test/udt/nio/NioUdtProviderTest.java:[66,22] [deprecation] NioUdtProvider in io.netty.channel.udt.nio has been deprecated
[WARNING] /code/transport-udt/src/test/java/io/netty/test/udt/nio/NioUdtProviderTest.java:[67,22] [deprecation] NioUdtProvider in io.netty.channel.udt.nio has been deprecated
[WARNING] /code/transport-udt/src/test/java/io/netty/test/udt/nio/NioUdtProviderTest.java:[68,22] [deprecation] NioUdtProvider in io.netty.channel.udt.nio has been deprecated
[WARNING] /code/transport-udt/src/test/java/io/netty/test/udt/nio/NioUdtProviderTest.java:[71,25] [deprecation] UdtServerChannel in io.netty.channel.udt has been deprecated
[WARNING] /code/transport-udt/src/test/java/io/netty/test/udt/nio/NioUdtProviderTest.java:[71,49] [deprecation] NioUdtProvider in io.netty.channel.udt.nio has been deprecated
[WARNING] /code/transport-udt/src/test/java/io/netty/test/udt/nio/NioUdtProviderTest.java:[72,25] [deprecation] UdtServerChannel in io.netty.channel.udt has been deprecated
[WARNING] /code/transport-udt/src/test/java/io/netty/test/udt/nio/NioUdtProviderTest.java:[72,49] [deprecation] NioUdtProvider in io.netty.channel.udt.nio has been deprecated
[WARNING] /code/transport-udt/src/test/java/io/netty/test/udt/util/EchoByteHandler.java:[56,35] [deprecation] NioUdtProvider in io.netty.channel.udt.nio has been deprecated
[WARNING] /code/transport-udt/src/test/java/io/netty/test/udt/util/EchoMessageHandler.java:[37,18] [deprecation] UdtMessage in io.netty.channel.udt has been deprecated
[WARNING] /code/transport-udt/src/test/java/io/netty/test/udt/util/EchoMessageHandler.java:[48,22] [deprecation] UdtMessage in io.netty.channel.udt has been deprecated
[WARNING] /code/transport-udt/src/test/java/io/netty/test/udt/util/EchoMessageHandler.java:[53,35] [deprecation] NioUdtProvider in io.netty.channel.udt.nio has been deprecated
[WARNING] /code/transport-udt/src/test/java/io/netty/test/udt/util/EchoMessageHandler.java:[65,21] [deprecation] UdtMessage in io.netty.channel.udt has been deprecated
[INFO] 
[INFO] --- forbiddenapis:2.2:testCheck (check-forbidden-test-apis) @ netty-transport-udt ---
[WARNING]  Parameter 'internalRuntimeForbidden' is deprecated: Use <a href="bundled-signatures.html">bundled signatures</a> {@code "jdk-non-portable"} or {@code "jdk-internal"} instead.
[INFO] Skipping forbidden-apis checks.
[INFO] 
[INFO] --- surefire:3.5.6:test (default-test) @ netty-transport-udt ---
[INFO] Tests are skipped.
[INFO] 
[INFO] --- source:3.2.0:jar-no-fork (attach-sources) @ netty-transport-udt ---
[INFO] Building jar: /code/transport-udt/target/netty-transport-udt-4.2.18.Final-SNAPSHOT-sources.jar
[INFO] 
[INFO] --- source:3.2.0:test-jar-no-fork (attach-test-sources) @ netty-transport-udt ---
[INFO] Building jar: /code/transport-udt/target/netty-transport-udt-4.2.18.Final-SNAPSHOT-test-sources.jar
[INFO] 
[INFO] --- jar:3.0.2:jar (default-jar) @ netty-transport-udt ---
[INFO] Building jar: /code/transport-udt/target/netty-transport-udt-4.2.18.Final-SNAPSHOT.jar
[INFO] 
[INFO] --- jar:3.0.2:test-jar (default) @ netty-transport-udt ---
[INFO] Building jar: /code/transport-udt/target/netty-transport-udt-4.2.18.Final-SNAPSHOT-tests.jar
[INFO] 
[INFO] --- revapi:0.15.0:check (api-check) @ netty-transport-udt ---
[INFO] Skipping execution
[INFO] 
[INFO] --- install:3.1.2:install (default-install) @ netty-transport-udt ---
[INFO] Installing /code/transport-udt/pom.xml to /root/.m2/repository/io/netty/netty-transport-udt/4.2.18.Final-SNAPSHOT/netty-transport-udt-4.2.18.Final-SNAPSHOT.pom
[INFO] Installing /code/transport-udt/target/netty-transport-udt-4.2.18.Final-SNAPSHOT.jar to /root/.m2/repository/io/netty/netty-transport-udt/4.2.18.Final-SNAPSHOT/netty-transport-udt-4.2.18.Final-SNAPSHOT.jar
[INFO] Installing /code/transport-udt/target/netty-transport-udt-4.2.18.Final-SNAPSHOT-sources.jar to /root/.m2/repository/io/netty/netty-transport-udt/4.2.18.Final-SNAPSHOT/netty-transport-udt-4.2.18.Final-SNAPSHOT-sources.jar
[INFO] Installing /code/transport-udt/target/netty-transport-udt-4.2.18.Final-SNAPSHOT-test-sources.jar to /root/.m2/repository/io/netty/netty-transport-udt/4.2.18.Final-SNAPSHOT/netty-transport-udt-4.2.18.Final-SNAPSHOT-test-sources.jar
[INFO] Installing /code/transport-udt/target/netty-transport-udt-4.2.18.Final-SNAPSHOT-tests.jar to /root/.m2/repository/io/netty/netty-transport-udt/4.2.18.Final-SNAPSHOT/netty-transport-udt-4.2.18.Final-SNAPSHOT-tests.jar
[INFO] 
[INFO] ----------------------< io.netty:netty-testsuite >----------------------
[INFO] Building Netty/Testsuite 4.2.18.Final-SNAPSHOT                   [23/31]
[INFO]   from testsuite/pom.xml
[INFO] --------------------------------[ jar ]---------------------------------
[INFO] 
[INFO] --- enforcer:3.0.0:enforce (enforce-maven) @ netty-testsuite ---
[INFO] 
[INFO] --- enforcer:3.0.0:enforce (enforce-tools) @ netty-testsuite ---
[INFO] 
[INFO] --- checkstyle:3.1.0:check (check-style) @ netty-testsuite ---
[INFO] 
[INFO] --- xml:1.0.1:check-format (check-style) @ netty-testsuite ---
[INFO] 
[INFO] --- build-helper:1.10:parse-version (parse-version) @ netty-testsuite ---
[INFO] 
[INFO] --- antrun:1.8:run (write-version-properties) @ netty-testsuite ---
[INFO] Executing tasks

main:
     [exec] Result: 128
     [exec] Result: 128
     [echo] Current commit: 0 on 1970-01-01 00:00:00 +0000
    [mkdir] Created dir: /code/testsuite/target/classes/META-INF
[propertyfile] Creating new property file: /code/testsuite/target/classes/META-INF/io.netty.versions.properties
[INFO] Executed tasks
[INFO] 
[INFO] --- resources:3.0.1:resources (default-resources) @ netty-testsuite ---
[INFO] Using 'UTF-8' encoding to copy filtered resources.
[INFO] skip non existing resourceDirectory /code/testsuite/src/main/resources
[INFO] 
[INFO] --- compiler:3.14.0:compile (default-compile) @ netty-testsuite ---
[WARNING]  Parameter 'compilerVersion' (user property 'maven.compiler.compilerVersion') is deprecated: This parameter is no longer evaluated by the underlying compilers, instead the actual version of the javac binary is automatically retrieved.
[WARNING]  Parameter 'optimize' (user property 'maven.compiler.optimize') is deprecated: This property is a no-op in javac.
[INFO] Recompiling the module because of changed dependency.
[INFO] Compiling 60 source files with javac [forked debug deprecation release 8] to target/classes
[WARNING] /code/testsuite/src/main/java/io/netty/testsuite/transport/DefaultEventLoopTest.java:[19,23] [deprecation] DefaultEventLoopGroup in io.netty.channel has been deprecated
[WARNING] /code/testsuite/src/main/java/io/netty/testsuite/transport/NioEventLoopTest.java:[22,27] [deprecation] NioEventLoopGroup in io.netty.channel.nio has been deprecated
[WARNING] /code/testsuite/src/main/java/io/netty/testsuite/transport/sctp/SctpTestPermutation.java:[23,27] [deprecation] OioEventLoopGroup in io.netty.channel.oio has been deprecated
[WARNING] /code/testsuite/src/main/java/io/netty/testsuite/transport/sctp/SctpTestPermutation.java:[26,32] [deprecation] OioSctpChannel in io.netty.channel.sctp.oio has been deprecated
[WARNING] /code/testsuite/src/main/java/io/netty/testsuite/transport/sctp/SctpTestPermutation.java:[27,32] [deprecation] OioSctpServerChannel in io.netty.channel.sctp.oio has been deprecated
[WARNING] /code/testsuite/src/main/java/io/netty/testsuite/transport/socket/DatagramConnectNotExistsTest.java:[24,34] [deprecation] OioDatagramChannel in io.netty.channel.socket.oio has been deprecated
[WARNING] /code/testsuite/src/main/java/io/netty/testsuite/transport/socket/DatagramMulticastTest.java:[28,34] [deprecation] OioDatagramChannel in io.netty.channel.socket.oio has been deprecated
[WARNING] /code/testsuite/src/main/java/io/netty/testsuite/transport/socket/SocketConnectionAttemptTest.java:[25,34] [deprecation] OioSocketChannel in io.netty.channel.socket.oio has been deprecated
[WARNING] /code/testsuite/src/main/java/io/netty/testsuite/transport/socket/SocketTestPermutation.java:[27,27] [deprecation] OioEventLoopGroup in io.netty.channel.oio has been deprecated
[WARNING] /code/testsuite/src/main/java/io/netty/testsuite/transport/socket/SocketTestPermutation.java:[32,34] [deprecation] OioDatagramChannel in io.netty.channel.socket.oio has been deprecated
[WARNING] /code/testsuite/src/main/java/io/netty/testsuite/transport/socket/SocketTestPermutation.java:[33,34] [deprecation] OioServerSocketChannel in io.netty.channel.socket.oio has been deprecated
[WARNING] /code/testsuite/src/main/java/io/netty/testsuite/transport/socket/SocketTestPermutation.java:[34,34] [deprecation] OioSocketChannel in io.netty.channel.socket.oio has been deprecated
[WARNING] /code/testsuite/src/main/java/io/netty/testsuite/transport/socket/SocketFileRegionTest.java:[29,34] [deprecation] OioSocketChannel in io.netty.channel.socket.oio has been deprecated
[WARNING] /code/testsuite/src/main/java/io/netty/testsuite/transport/socket/SocketHalfClosedTest.java:[33,27] [deprecation] OioEventLoopGroup in io.netty.channel.oio has been deprecated
[WARNING] /code/testsuite/src/main/java/io/netty/testsuite/transport/socket/SocketObjectEchoTest.java:[25,43] [deprecation] ClassResolvers in io.netty.handler.codec.serialization has been deprecated
[WARNING] /code/testsuite/src/main/java/io/netty/testsuite/transport/socket/SocketObjectEchoTest.java:[26,43] [deprecation] ObjectDecoder in io.netty.handler.codec.serialization has been deprecated
[WARNING] /code/testsuite/src/main/java/io/netty/testsuite/transport/socket/SocketObjectEchoTest.java:[27,43] [deprecation] ObjectEncoder in io.netty.handler.codec.serialization has been deprecated
[WARNING] /code/testsuite/src/main/java/io/netty/testsuite/transport/socket/SocketShutdownOutputBySelfTest.java:[28,34] [deprecation] OioSocketChannel in io.netty.channel.socket.oio has been deprecated
[WARNING] /code/testsuite/src/main/java/io/netty/testsuite/transport/socket/SocketSslClientRenegotiateTest.java:[28,27] [deprecation] JdkSslClientContext in io.netty.handler.ssl has been deprecated
[WARNING] /code/testsuite/src/main/java/io/netty/testsuite/transport/udt/UDTClientServerConnectionTest.java:[30,27] [deprecation] UdtChannel in io.netty.channel.udt has been deprecated
[WARNING] /code/testsuite/src/main/java/io/netty/testsuite/transport/udt/UDTClientServerConnectionTest.java:[31,31] [deprecation] NioUdtProvider in io.netty.channel.udt.nio has been deprecated
[WARNING] /code/testsuite/src/main/java/io/netty/testsuite/transport/AbstractSingleThreadEventLoopTest.java:[304,47] [deprecation] threadLocalRandom() in PlatformDependent has been deprecated
[WARNING] /code/testsuite/src/main/java/io/netty/testsuite/transport/DefaultEventLoopTest.java:[62,19] [deprecation] DefaultEventLoopGroup in io.netty.channel has been deprecated
[WARNING] /code/testsuite/src/main/java/io/netty/testsuite/transport/NioEventLoopTest.java:[38,19] [deprecation] NioEventLoopGroup in io.netty.channel.nio has been deprecated
[WARNING] /code/testsuite/src/main/java/io/netty/testsuite/transport/NioEventLoopTest.java:[43,19] [deprecation] NioEventLoopGroup in io.netty.channel.nio has been deprecated
[WARNING] /code/testsuite/src/main/java/io/netty/testsuite/transport/sctp/SctpTestPermutation.java:[43,16] [deprecation] OioEventLoopGroup in io.netty.channel.oio has been deprecated
[WARNING] /code/testsuite/src/main/java/io/netty/testsuite/transport/sctp/SctpTestPermutation.java:[65,32] [deprecation] OioSctpServerChannel in io.netty.channel.sctp.oio has been deprecated
[WARNING] /code/testsuite/src/main/java/io/netty/testsuite/transport/sctp/SctpTestPermutation.java:[87,64] [deprecation] OioSctpChannel in io.netty.channel.sctp.oio has been deprecated
[WARNING] /code/testsuite/src/main/java/io/netty/testsuite/transport/socket/DatagramConnectNotExistsTest.java:[77,45] [deprecation] OioDatagramChannel in io.netty.channel.socket.oio has been deprecated
[WARNING] /code/testsuite/src/main/java/io/netty/testsuite/transport/socket/DatagramMulticastTest.java:[100,30] [deprecation] OioDatagramChannel in io.netty.channel.socket.oio has been deprecated
[WARNING] /code/testsuite/src/main/java/io/netty/testsuite/transport/socket/DatagramUnicastTest.java:[285,44] [deprecation] DATAGRAM_CHANNEL_ACTIVE_ON_REGISTRATION in ChannelOption has been deprecated
[WARNING] /code/testsuite/src/main/java/io/netty/testsuite/transport/socket/SocketTestPermutation.java:[69,16] [deprecation] OioEventLoopGroup in io.netty.channel.oio has been deprecated
[WARNING] /code/testsuite/src/main/java/io/netty/testsuite/transport/socket/SocketTestPermutation.java:[159,68] [deprecation] OioDatagramChannel in io.netty.channel.socket.oio has been deprecated
[WARNING] /code/testsuite/src/main/java/io/netty/testsuite/transport/socket/SocketTestPermutation.java:[183,37] [deprecation] OioServerSocketChannel in io.netty.channel.socket.oio has been deprecated
[WARNING] /code/testsuite/src/main/java/io/netty/testsuite/transport/socket/SocketTestPermutation.java:[204,68] [deprecation] OioSocketChannel in io.netty.channel.socket.oio has been deprecated
[WARNING] /code/testsuite/src/main/java/io/netty/testsuite/transport/socket/SocketTestPermutation.java:[228,68] [deprecation] OioDatagramChannel in io.netty.channel.socket.oio has been deprecated
[WARNING] /code/testsuite/src/main/java/io/netty/testsuite/transport/socket/SocketEchoTest.java:[179,32] [deprecation] addLast(EventExecutorGroup,ChannelHandler...) in ChannelPipeline has been deprecated
[WARNING] /code/testsuite/src/main/java/io/netty/testsuite/transport/socket/SocketEchoTest.java:[185,32] [deprecation] addLast(EventExecutorGroup,ChannelHandler...) in ChannelPipeline has been deprecated
[WARNING] /code/testsuite/src/main/java/io/netty/testsuite/transport/socket/SocketFileRegionTest.java:[226,38] [deprecation] OioSocketChannel in io.netty.channel.socket.oio has been deprecated
[WARNING] /code/testsuite/src/main/java/io/netty/testsuite/transport/socket/SocketGatheringWriteTest.java:[230,28] [deprecation] group() in AbstractBootstrap has been deprecated
[WARNING] /code/testsuite/src/main/java/io/netty/testsuite/transport/socket/SocketGatheringWriteTest.java:[232,88] [deprecation] group() in AbstractBootstrap has been deprecated
[WARNING] /code/testsuite/src/main/java/io/netty/testsuite/transport/socket/SocketHalfClosedTest.java:[68,58] [deprecation] OioEventLoopGroup in io.netty.channel.oio has been deprecated
[WARNING] /code/testsuite/src/main/java/io/netty/testsuite/transport/socket/SocketObjectEchoTest.java:[93,28] [deprecation] ObjectDecoder in io.netty.handler.codec.serialization has been deprecated
[WARNING] /code/testsuite/src/main/java/io/netty/testsuite/transport/socket/SocketObjectEchoTest.java:[93,42] [deprecation] ClassResolvers in io.netty.handler.codec.serialization has been deprecated
[WARNING] /code/testsuite/src/main/java/io/netty/testsuite/transport/socket/SocketObjectEchoTest.java:[94,28] [deprecation] ObjectEncoder in io.netty.handler.codec.serialization has been deprecated
[WARNING] /code/testsuite/src/main/java/io/netty/testsuite/transport/socket/SocketObjectEchoTest.java:[103,28] [deprecation] ObjectDecoder in io.netty.handler.codec.serialization has been deprecated
[WARNING] /code/testsuite/src/main/java/io/netty/testsuite/transport/socket/SocketObjectEchoTest.java:[103,42] [deprecation] ClassResolvers in io.netty.handler.codec.serialization has been deprecated
[WARNING] /code/testsuite/src/main/java/io/netty/testsuite/transport/socket/SocketObjectEchoTest.java:[104,28] [deprecation] ObjectEncoder in io.netty.handler.codec.serialization has been deprecated
[WARNING] /code/testsuite/src/main/java/io/netty/testsuite/transport/socket/SocketShutdownOutputBySelfTest.java:[171,38] [deprecation] OioSocketChannel in io.netty.channel.socket.oio has been deprecated
[WARNING] /code/testsuite/src/main/java/io/netty/testsuite/transport/socket/SocketSslClientRenegotiateTest.java:[89,31] [deprecation] JdkSslClientContext in io.netty.handler.ssl has been deprecated
[WARNING] /code/testsuite/src/main/java/io/netty/testsuite/transport/socket/SocketSslClientRenegotiateTest.java:[89,27] [deprecation] JdkSslClientContext(File) in JdkSslClientContext has been deprecated
[WARNING] /code/testsuite/src/main/java/io/netty/testsuite/transport/socket/SocketSslClientRenegotiateTest.java:[93,43] [deprecation] OpenSslServerContext(File,File) in OpenSslServerContext has been deprecated
[WARNING] /code/testsuite/src/main/java/io/netty/testsuite/transport/socket/SocketStartTlsTest.java:[185,17] [deprecation] addLast(EventExecutorGroup,ChannelHandler...) in ChannelPipeline has been deprecated
[WARNING] /code/testsuite/src/main/java/io/netty/testsuite/transport/socket/SocketStartTlsTest.java:[195,17] [deprecation] addLast(EventExecutorGroup,ChannelHandler...) in ChannelPipeline has been deprecated
[WARNING] /code/testsuite/src/main/java/io/netty/testsuite/transport/udt/UDTClientServerConnectionTest.java:[78,59] [deprecation] NioUdtProvider in io.netty.channel.udt.nio has been deprecated
[WARNING] /code/testsuite/src/main/java/io/netty/testsuite/transport/udt/UDTClientServerConnectionTest.java:[82,56] [deprecation] UdtChannel in io.netty.channel.udt has been deprecated
[WARNING] /code/testsuite/src/main/java/io/netty/testsuite/transport/udt/UDTClientServerConnectionTest.java:[85,61] [deprecation] UdtChannel in io.netty.channel.udt has been deprecated
[WARNING] /code/testsuite/src/main/java/io/netty/testsuite/transport/udt/UDTClientServerConnectionTest.java:[81,40] [deprecation] NioUdtProvider in io.netty.channel.udt.nio has been deprecated
[WARNING] /code/testsuite/src/main/java/io/netty/testsuite/transport/udt/UDTClientServerConnectionTest.java:[203,53] [deprecation] NioUdtProvider in io.netty.channel.udt.nio has been deprecated
[WARNING] /code/testsuite/src/main/java/io/netty/testsuite/transport/udt/UDTClientServerConnectionTest.java:[207,61] [deprecation] UdtChannel in io.netty.channel.udt has been deprecated
[WARNING] /code/testsuite/src/main/java/io/netty/testsuite/transport/udt/UDTClientServerConnectionTest.java:[209,61] [deprecation] UdtChannel in io.netty.channel.udt has been deprecated
[WARNING] /code/testsuite/src/main/java/io/netty/testsuite/transport/udt/UDTClientServerConnectionTest.java:[206,40] [deprecation] NioUdtProvider in io.netty.channel.udt.nio has been deprecated
[INFO] 
[INFO] --- forbiddenapis:2.2:check (check-forbidden-apis) @ netty-testsuite ---
[WARNING]  Parameter 'internalRuntimeForbidden' is deprecated: Use <a href="bundled-signatures.html">bundled signatures</a> {@code "jdk-non-portable"} or {@code "jdk-internal"} instead.
[INFO] Skipping forbidden-apis checks.
[INFO] 
[INFO] --- bundle:5.1.8:manifest (generate-manifest) @ netty-testsuite ---
[INFO] No MANIFEST.MF file found, generating manifest.
[WARNING] Manifest io.netty:netty-testsuite:jar:4.2.18.Final-SNAPSHOT : Unused Import-Package instructions: [sun.net.dns.*, sun.misc.*, sun.security.*] 
[INFO] Writing manifest: /code/testsuite/target/classes/META-INF/MANIFEST.MF
[INFO] 
[INFO] --- resources:3.0.1:testResources (default-testResources) @ netty-testsuite ---
[INFO] Using 'UTF-8' encoding to copy filtered resources.
[INFO] skip non existing resourceDirectory /code/testsuite/src/test/resources
[INFO] Copying 0 resource
[INFO] 
[INFO] --- compiler:3.14.0:testCompile (default-testCompile) @ netty-testsuite ---
[WARNING]  Parameter 'compilerVersion' (user property 'maven.compiler.compilerVersion') is deprecated: This parameter is no longer evaluated by the underlying compilers, instead the actual version of the javac binary is automatically retrieved.
[WARNING]  Parameter 'optimize' (user property 'maven.compiler.optimize') is deprecated: This property is a no-op in javac.
[INFO] No sources to compile
[INFO] 
[INFO] --- forbiddenapis:2.2:testCheck (check-forbidden-test-apis) @ netty-testsuite ---
[WARNING]  Parameter 'internalRuntimeForbidden' is deprecated: Use <a href="bundled-signatures.html">bundled signatures</a> {@code "jdk-non-portable"} or {@code "jdk-internal"} instead.
[INFO] Skipping forbidden-apis checks.
[INFO] 
[INFO] --- surefire:3.5.6:test (default-test) @ netty-testsuite ---
[INFO] Tests are skipped.
[INFO] 
[INFO] --- source:3.2.0:jar-no-fork (attach-sources) @ netty-testsuite ---
[INFO] Building jar: /code/testsuite/target/netty-testsuite-4.2.18.Final-SNAPSHOT-sources.jar
[INFO] 
[INFO] --- source:3.2.0:test-jar-no-fork (attach-test-sources) @ netty-testsuite ---
[INFO] No sources in project. Archive not created.
[INFO] 
[INFO] --- jar:3.0.2:jar (default-jar) @ netty-testsuite ---
[INFO] Building jar: /code/testsuite/target/netty-testsuite-4.2.18.Final-SNAPSHOT.jar
[INFO] 
[INFO] --- jar:3.0.2:test-jar (default) @ netty-testsuite ---
[INFO] Building jar: /code/testsuite/target/netty-testsuite-4.2.18.Final-SNAPSHOT-tests.jar
[INFO] 
[INFO] --- revapi:0.15.0:check (api-check) @ netty-testsuite ---
[INFO] Skipping execution
[INFO] 
[INFO] --- install:3.1.2:install (default-install) @ netty-testsuite ---
[INFO] Installing /code/testsuite/pom.xml to /root/.m2/repository/io/netty/netty-testsuite/4.2.18.Final-SNAPSHOT/netty-testsuite-4.2.18.Final-SNAPSHOT.pom
[INFO] Installing /code/testsuite/target/netty-testsuite-4.2.18.Final-SNAPSHOT.jar to /root/.m2/repository/io/netty/netty-testsuite/4.2.18.Final-SNAPSHOT/netty-testsuite-4.2.18.Final-SNAPSHOT.jar
[INFO] Installing /code/testsuite/target/netty-testsuite-4.2.18.Final-SNAPSHOT-sources.jar to /root/.m2/repository/io/netty/netty-testsuite/4.2.18.Final-SNAPSHOT/netty-testsuite-4.2.18.Final-SNAPSHOT-sources.jar
[INFO] Installing /code/testsuite/target/netty-testsuite-4.2.18.Final-SNAPSHOT-tests.jar to /root/.m2/repository/io/netty/netty-testsuite/4.2.18.Final-SNAPSHOT/netty-testsuite-4.2.18.Final-SNAPSHOT-tests.jar
[INFO] 
[INFO] ---------< io.netty:netty-transport-native-unix-common-tests >----------
[INFO] Building Netty/Transport/Native/Unix/Common/Tests 4.2.18.Final-SNAPSHOT [24/31]
[INFO]   from transport-native-unix-common-tests/pom.xml
[INFO] --------------------------------[ jar ]---------------------------------
[INFO] 
[INFO] --- enforcer:3.0.0:enforce (enforce-maven) @ netty-transport-native-unix-common-tests ---
[INFO] 
[INFO] --- enforcer:3.0.0:enforce (enforce-tools) @ netty-transport-native-unix-common-tests ---
[INFO] 
[INFO] --- checkstyle:3.1.0:check (check-style) @ netty-transport-native-unix-common-tests ---
[INFO] 
[INFO] --- xml:1.0.1:check-format (check-style) @ netty-transport-native-unix-common-tests ---
[INFO] 
[INFO] --- build-helper:1.10:parse-version (parse-version) @ netty-transport-native-unix-common-tests ---
[INFO] 
[INFO] --- antrun:1.8:run (write-version-properties) @ netty-transport-native-unix-common-tests ---
[INFO] Executing tasks

main:
     [exec] Result: 128
     [exec] Result: 128
     [echo] Current commit: 0 on 1970-01-01 00:00:00 +0000
    [mkdir] Created dir: /code/transport-native-unix-common-tests/target/classes/META-INF
[propertyfile] Creating new property file: /code/transport-native-unix-common-tests/target/classes/META-INF/io.netty.versions.properties
[INFO] Executed tasks
[INFO] 
[INFO] --- resources:3.0.1:resources (default-resources) @ netty-transport-native-unix-common-tests ---
[INFO] Using 'UTF-8' encoding to copy filtered resources.
[INFO] skip non existing resourceDirectory /code/transport-native-unix-common-tests/src/main/resources
[INFO] 
[INFO] --- compiler:3.14.0:compile (default-compile) @ netty-transport-native-unix-common-tests ---
[WARNING]  Parameter 'compilerVersion' (user property 'maven.compiler.compilerVersion') is deprecated: This parameter is no longer evaluated by the underlying compilers, instead the actual version of the javac binary is automatically retrieved.
[WARNING]  Parameter 'optimize' (user property 'maven.compiler.optimize') is deprecated: This property is a no-op in javac.
[INFO] Recompiling the module because of changed dependency.
[INFO] Compiling 4 source files with javac [forked debug deprecation release 8] to target/classes
[WARNING] /code/transport-native-unix-common-tests/src/main/java/io/netty/channel/unix/tests/DetectPeerCloseWithoutReadTest.java:[75,40] [deprecation] MAX_MESSAGES_PER_READ in ChannelOption has been deprecated
[WARNING] /code/transport-native-unix-common-tests/src/main/java/io/netty/channel/unix/tests/DetectPeerCloseWithoutReadTest.java:[159,35] [deprecation] MAX_MESSAGES_PER_READ in ChannelOption has been deprecated
[WARNING] /code/transport-native-unix-common-tests/src/main/java/io/netty/channel/unix/tests/IovArrayTest.java:[34,25] [deprecation] IovArray(ByteBuf) in IovArray has been deprecated
[INFO] 
[INFO] --- forbiddenapis:2.2:check (check-forbidden-apis) @ netty-transport-native-unix-common-tests ---
[WARNING]  Parameter 'internalRuntimeForbidden' is deprecated: Use <a href="bundled-signatures.html">bundled signatures</a> {@code "jdk-non-portable"} or {@code "jdk-internal"} instead.
[INFO] Skipping forbidden-apis checks.
[INFO] 
[INFO] --- bundle:5.1.8:manifest (generate-manifest) @ netty-transport-native-unix-common-tests ---
[INFO] No MANIFEST.MF file found, generating manifest.
[WARNING] Manifest io.netty:netty-transport-native-unix-common-tests:jar:4.2.18.Final-SNAPSHOT : Unused Import-Package instructions: [sun.net.dns.*, sun.misc.*, sun.security.*] 
[INFO] Writing manifest: /code/transport-native-unix-common-tests/target/classes/META-INF/MANIFEST.MF
[INFO] 
[INFO] --- resources:3.0.1:testResources (default-testResources) @ netty-transport-native-unix-common-tests ---
[INFO] Using 'UTF-8' encoding to copy filtered resources.
[INFO] skip non existing resourceDirectory /code/transport-native-unix-common-tests/src/test/resources
[INFO] Copying 0 resource
[INFO] 
[INFO] --- compiler:3.14.0:testCompile (default-testCompile) @ netty-transport-native-unix-common-tests ---
[WARNING]  Parameter 'compilerVersion' (user property 'maven.compiler.compilerVersion') is deprecated: This parameter is no longer evaluated by the underlying compilers, instead the actual version of the javac binary is automatically retrieved.
[WARNING]  Parameter 'optimize' (user property 'maven.compiler.optimize') is deprecated: This property is a no-op in javac.
[INFO] No sources to compile
[INFO] 
[INFO] --- forbiddenapis:2.2:testCheck (check-forbidden-test-apis) @ netty-transport-native-unix-common-tests ---
[WARNING]  Parameter 'internalRuntimeForbidden' is deprecated: Use <a href="bundled-signatures.html">bundled signatures</a> {@code "jdk-non-portable"} or {@code "jdk-internal"} instead.
[INFO] Skipping forbidden-apis checks.
[INFO] 
[INFO] --- surefire:3.5.6:test (default-test) @ netty-transport-native-unix-common-tests ---
[INFO] Tests are skipped.
[INFO] 
[INFO] --- source:3.2.0:jar-no-fork (attach-sources) @ netty-transport-native-unix-common-tests ---
[INFO] Building jar: /code/transport-native-unix-common-tests/target/netty-transport-native-unix-common-tests-4.2.18.Final-SNAPSHOT-sources.jar
[INFO] 
[INFO] --- source:3.2.0:test-jar-no-fork (attach-test-sources) @ netty-transport-native-unix-common-tests ---
[INFO] No sources in project. Archive not created.
[INFO] 
[INFO] --- jar:3.0.2:jar (default-jar) @ netty-transport-native-unix-common-tests ---
[INFO] Building jar: /code/transport-native-unix-common-tests/target/netty-transport-native-unix-common-tests-4.2.18.Final-SNAPSHOT.jar
[INFO] 
[INFO] --- jar:3.0.2:test-jar (default) @ netty-transport-native-unix-common-tests ---
[INFO] Building jar: /code/transport-native-unix-common-tests/target/netty-transport-native-unix-common-tests-4.2.18.Final-SNAPSHOT-tests.jar
[INFO] 
[INFO] --- revapi:0.15.0:check (api-check) @ netty-transport-native-unix-common-tests ---
[INFO] Skipping execution
[INFO] 
[INFO] --- install:3.1.2:install (default-install) @ netty-transport-native-unix-common-tests ---
[INFO] Installing /code/transport-native-unix-common-tests/pom.xml to /root/.m2/repository/io/netty/netty-transport-native-unix-common-tests/4.2.18.Final-SNAPSHOT/netty-transport-native-unix-common-tests-4.2.18.Final-SNAPSHOT.pom
[INFO] Installing /code/transport-native-unix-common-tests/target/netty-transport-native-unix-common-tests-4.2.18.Final-SNAPSHOT.jar to /root/.m2/repository/io/netty/netty-transport-native-unix-common-tests/4.2.18.Final-SNAPSHOT/netty-transport-native-unix-common-tests-4.2.18.Final-SNAPSHOT.jar
[INFO] Installing /code/transport-native-unix-common-tests/target/netty-transport-native-unix-common-tests-4.2.18.Final-SNAPSHOT-sources.jar to /root/.m2/repository/io/netty/netty-transport-native-unix-common-tests/4.2.18.Final-SNAPSHOT/netty-transport-native-unix-common-tests-4.2.18.Final-SNAPSHOT-sources.jar
[INFO] Installing /code/transport-native-unix-common-tests/target/netty-transport-native-unix-common-tests-4.2.18.Final-SNAPSHOT-tests.jar to /root/.m2/repository/io/netty/netty-transport-native-unix-common-tests/4.2.18.Final-SNAPSHOT/netty-transport-native-unix-common-tests-4.2.18.Final-SNAPSHOT-tests.jar
[INFO] 
[INFO] ---------------< io.netty:netty-transport-native-epoll >----------------
[INFO] Building Netty/Transport/Native/Epoll 4.2.18.Final-SNAPSHOT      [25/31]
[INFO]   from transport-native-epoll/pom.xml
[INFO] --------------------------------[ jar ]---------------------------------
[INFO] 
[INFO] --- enforcer:3.0.0:enforce (enforce-maven) @ netty-transport-native-epoll ---
[INFO] 
[INFO] --- enforcer:3.0.0:enforce (enforce-tools) @ netty-transport-native-epoll ---
[INFO] 
[INFO] --- checkstyle:3.1.0:check (check-style) @ netty-transport-native-epoll ---
[INFO] 
[INFO] --- xml:1.0.1:check-format (check-style) @ netty-transport-native-epoll ---
[INFO] 
[INFO] --- build-helper:1.10:parse-version (parse-version) @ netty-transport-native-epoll ---
[INFO] 
[INFO] --- antrun:1.8:run (write-version-properties) @ netty-transport-native-epoll ---
[INFO] Executing tasks

main:
     [exec] Result: 128
     [exec] Result: 128
     [echo] Current commit: 0 on 1970-01-01 00:00:00 +0000
    [mkdir] Created dir: /code/transport-native-epoll/target/classes/META-INF
[propertyfile] Creating new property file: /code/transport-native-epoll/target/classes/META-INF/io.netty.versions.properties
[INFO] Executed tasks
[INFO] 
[INFO] --- dependency:2.10:unpack-dependencies (unpack) @ netty-transport-native-epoll ---
[INFO] Unpacking /code/transport-native-unix-common/target/netty-transport-native-unix-common-4.2.18.Final-SNAPSHOT-linux-x86_64.jar to /code/transport-native-epoll/target/unix-common-lib with includes "META-INF/native/**" and excludes ""
[INFO] 
[INFO] --- build-helper:1.10:add-source (default) @ netty-transport-native-epoll ---
[INFO] Source directory: /code/transport-native-epoll/src/main/c added.
[INFO] 
[INFO] --- resources:3.0.1:resources (default-resources) @ netty-transport-native-epoll ---
[INFO] Using 'UTF-8' encoding to copy filtered resources.
[INFO] skip non existing resourceDirectory /code/transport-native-epoll/src/main/resources
[INFO] 
[INFO] --- compiler:3.14.0:compile (default-compile) @ netty-transport-native-epoll ---
[WARNING]  Parameter 'compilerVersion' (user property 'maven.compiler.compilerVersion') is deprecated: This parameter is no longer evaluated by the underlying compilers, instead the actual version of the javac binary is automatically retrieved.
[WARNING]  Parameter 'optimize' (user property 'maven.compiler.optimize') is deprecated: This property is a no-op in javac.
[INFO] Recompiling the module because of changed dependency.
[INFO] 
[INFO] --- forbiddenapis:2.2:check (check-forbidden-apis) @ netty-transport-native-epoll ---
[WARNING]  Parameter 'internalRuntimeForbidden' is deprecated: Use <a href="bundled-signatures.html">bundled signatures</a> {@code "jdk-non-portable"} or {@code "jdk-internal"} instead.
[INFO] Skipping forbidden-apis checks.
[INFO] 
[INFO] --- module-info:2.2:generate (module-info) @ netty-transport-native-epoll ---
[INFO] Using module name "io.netty.transport.epoll.linux.x86_64"
[INFO] Using module version "4.2.18.Final-SNAPSHOT"
[INFO] Automatically adding mandatory "java.base" dependency
[INFO] Wrote module descriptor "/code/transport-native-epoll/target/classes/META-INF/versions/11/module-info.class"
[INFO] 
[INFO] --- module-info:2.2:generate (fallback-module-info) @ netty-transport-native-epoll ---
[INFO] Using module name "io.netty.transport.epoll"
[INFO] Using module version "4.2.18.Final-SNAPSHOT"
[INFO] Automatically adding mandatory "java.base" dependency
[INFO] Wrote module descriptor "/code/transport-native-epoll/target/fallback-classes/META-INF/versions/11/module-info.class"
[INFO] 
[INFO] --- hawtjni:1.18:generate (build-native-lib) @ netty-transport-native-epoll ---
[INFO] executing: /bin/sh -c './autogen.sh'
[INFO] 
[INFO] --- bundle:5.1.8:manifest (generate-manifest) @ netty-transport-native-epoll ---
[INFO] No MANIFEST.MF file found, generating manifest.
[WARNING] Manifest io.netty:netty-transport-native-epoll:jar:4.2.18.Final-SNAPSHOT : Unused Export-Package instructions: [io.netty.*] 
[WARNING] Manifest io.netty:netty-transport-native-epoll:jar:4.2.18.Final-SNAPSHOT : Unused Import-Package instructions: [sun.net.dns.*, sun.misc.*, sun.security.*] 
[WARNING] Manifest io.netty:netty-transport-native-epoll:jar:4.2.18.Final-SNAPSHOT : Classes found in the wrong directory: {META-INF/versions/11/module-info.class=module-info}
[INFO] Writing manifest: /code/transport-native-epoll/target/classes/META-INF/MANIFEST.MF
[INFO] 
[INFO] --- bundle:5.1.8:manifest (native-manifest) @ netty-transport-native-epoll ---
[INFO] No MANIFEST.MF file found, generating manifest.
[WARNING] Manifest io.netty:netty-transport-native-epoll:jar:4.2.18.Final-SNAPSHOT : Unused Export-Package instructions: [io.netty.*] 
[WARNING] Manifest io.netty:netty-transport-native-epoll:jar:4.2.18.Final-SNAPSHOT : Classes found in the wrong directory: {META-INF/versions/11/module-info.class=module-info}
[INFO] Writing manifest: /code/transport-native-epoll/target/linux-x86_64/MANIFEST.MF
[INFO] 
[INFO] --- hawtjni:1.18:build (build-native-lib) @ netty-transport-native-epoll ---
[INFO] executing: /bin/sh -c './configure' '--disable-ccache' '--prefix=/code/transport-native-epoll/target/native-build/target' '--libdir=/code/transport-native-epoll/target/native-build/target/lib' 'LDFLAGS=-Wl,-z,relro -Wl,-z,now -Wl,--as-needed -Wl,--gc-sections -L/code/transport-native-epoll/target/unix-common-lib/META-INF/native/lib' 'LIBS=-Wl,--whole-archive -lnetty-unix-common -Wl,--no-whole-archive -ldl -lrt' 'CFLAGS=-O2 -pipe -Werror -fno-omit-frame-pointer -Wunused-variable -fvisibility=hidden -D_FORTIFY_SOURCE=2 -ffunction-sections -fdata-sections -I/code/transport-native-epoll/target/unix-common-lib/META-INF/native/include' '--libdir=/code/transport-native-epoll/target/native-build/target/lib'
[INFO] executing: /bin/sh -c 'make' 'install'
[INFO] Adding test resource root: /code/transport-native-epoll/target/classes
[INFO] 
[INFO] --- resources:3.0.1:testResources (default-testResources) @ netty-transport-native-epoll ---
[INFO] Using 'UTF-8' encoding to copy filtered resources.
[INFO] skip non existing resourceDirectory /code/transport-native-epoll/src/test/resources
[INFO] Copying 0 resource
[INFO] 
[INFO] --- antrun:1.8:run (copy-to-native-output) @ netty-transport-native-epoll ---
[INFO] Executing tasks

main:
     [copy] Copying 2 files to /code/transport-native-epoll/target/fallback-classes
[INFO] Executed tasks
[INFO] 
[INFO] --- compiler:3.14.0:testCompile (default-testCompile) @ netty-transport-native-epoll ---
[WARNING]  Parameter 'compilerVersion' (user property 'maven.compiler.compilerVersion') is deprecated: This parameter is no longer evaluated by the underlying compilers, instead the actual version of the javac binary is automatically retrieved.
[WARNING]  Parameter 'optimize' (user property 'maven.compiler.optimize') is deprecated: This property is a no-op in javac.
[INFO] Recompiling the module because of changed dependency.
[INFO] Compiling 77 source files with javac [forked debug deprecation release 8] to target/test-classes
[WARNING] /code/transport-native-epoll/src/test/java/io/netty/channel/epoll/EpollSocketTestPermutation.java:[25,30] [deprecation] InternetProtocolFamily in io.netty.channel.socket has been deprecated
[WARNING] /code/transport-native-epoll/src/test/java/io/netty/channel/epoll/EpollDatagramChannelTest.java:[50,41] [deprecation] getMaxMessagesPerRead() in DefaultChannelConfig has been deprecated
[WARNING] /code/transport-native-epoll/src/test/java/io/netty/channel/epoll/EpollDatagramUnicastTest.java:[116,16] [deprecation] group() in AbstractBootstrap has been deprecated
[WARNING] /code/transport-native-epoll/src/test/java/io/netty/channel/epoll/EpollDatagramUnicastTest.java:[117,38] [deprecation] group() in AbstractBootstrap has been deprecated
[WARNING] /code/transport-native-epoll/src/test/java/io/netty/channel/epoll/EpollDatagramUnicastTest.java:[122,23] [deprecation] group() in AbstractBootstrap has been deprecated
[WARNING] /code/transport-native-epoll/src/test/java/io/netty/channel/epoll/EpollDatagramUnicastTest.java:[123,38] [deprecation] group() in AbstractBootstrap has been deprecated
[WARNING] /code/transport-native-epoll/src/test/java/io/netty/channel/epoll/EpollDomainDatagramChannelTest.java:[33,41] [deprecation] getMaxMessagesPerRead() in DefaultChannelConfig has been deprecated
[WARNING] /code/transport-native-epoll/src/test/java/io/netty/channel/epoll/EpollEventLoopTest.java:[50,19] [deprecation] EpollEventLoopGroup in io.netty.channel.epoll has been deprecated
[WARNING] /code/transport-native-epoll/src/test/java/io/netty/channel/epoll/EpollEventLoopTest.java:[55,19] [deprecation] EpollEventLoopGroup in io.netty.channel.epoll has been deprecated
[WARNING] /code/transport-native-epoll/src/test/java/io/netty/channel/epoll/EpollEventLoopTest.java:[73,41] [deprecation] EpollEventLoop in io.netty.channel.epoll has been deprecated
[WARNING] /code/transport-native-epoll/src/test/java/io/netty/channel/epoll/EpollEventLoopTest.java:[115,46] [deprecation] epollWait(FileDescriptor,EpollEventArray,FileDescriptor,int,int) in Native has been deprecated
[WARNING] /code/transport-native-epoll/src/test/java/io/netty/channel/epoll/EpollSocketTestPermutation.java:[171,39] [deprecation] InternetProtocolFamily in io.netty.channel.socket has been deprecated
[WARNING] /code/transport-native-epoll/src/test/java/io/netty/channel/epoll/EpollSpliceTest.java:[70,42] [deprecation] EPOLL_MODE in EpollChannelOption has been deprecated
[WARNING] /code/transport-native-epoll/src/test/java/io/netty/channel/epoll/EpollSpliceTest.java:[70,55] [deprecation] EpollMode in io.netty.channel.epoll has been deprecated
[WARNING] /code/transport-native-epoll/src/test/java/io/netty/channel/epoll/EpollSpliceTest.java:[76,44] [deprecation] EPOLL_MODE in EpollChannelOption has been deprecated
[WARNING] /code/transport-native-epoll/src/test/java/io/netty/channel/epoll/EpollSpliceTest.java:[76,57] [deprecation] EpollMode in io.netty.channel.epoll has been deprecated
[WARNING] /code/transport-native-epoll/src/test/java/io/netty/channel/epoll/EpollSpliceTest.java:[88,26] [deprecation] spliceTo(AbstractEpollStreamChannel,int) in AbstractEpollStreamChannel has been deprecated
[WARNING] /code/transport-native-epoll/src/test/java/io/netty/channel/epoll/EpollSpliceTest.java:[103,39] [deprecation] spliceTo(AbstractEpollStreamChannel,int) in AbstractEpollStreamChannel has been deprecated
[WARNING] /code/transport-native-epoll/src/test/java/io/netty/channel/epoll/EpollSpliceTest.java:[97,27] [deprecation] spliceTo(AbstractEpollStreamChannel,int) in AbstractEpollStreamChannel has been deprecated
[WARNING] /code/transport-native-epoll/src/test/java/io/netty/channel/epoll/EpollSpliceTest.java:[201,41] [deprecation] EPOLL_MODE in EpollChannelOption has been deprecated
[WARNING] /code/transport-native-epoll/src/test/java/io/netty/channel/epoll/EpollSpliceTest.java:[201,54] [deprecation] EpollMode in io.netty.channel.epoll has been deprecated
[WARNING] /code/transport-native-epoll/src/test/java/io/netty/channel/epoll/EpollSpliceTest.java:[302,23] [deprecation] spliceTo(FileDescriptor,int,int) in AbstractEpollStreamChannel has been deprecated
[WARNING] /code/transport-native-epoll/src/test/java/io/netty/channel/epoll/EpollSpliceTest.java:[303,24] [deprecation] spliceTo(FileDescriptor,int,int) in AbstractEpollStreamChannel has been deprecated
[INFO] 
[INFO] --- forbiddenapis:2.2:testCheck (check-forbidden-test-apis) @ netty-transport-native-epoll ---
[WARNING]  Parameter 'internalRuntimeForbidden' is deprecated: Use <a href="bundled-signatures.html">bundled signatures</a> {@code "jdk-non-portable"} or {@code "jdk-internal"} instead.
[INFO] Skipping forbidden-apis checks.
[INFO] 
[INFO] --- surefire:3.5.6:test (default-test) @ netty-transport-native-epoll ---
[INFO] Tests are skipped.
[INFO] 
[INFO] --- source:3.2.0:jar-no-fork (attach-sources) @ netty-transport-native-epoll ---
[INFO] Building jar: /code/transport-native-epoll/target/netty-transport-native-epoll-4.2.18.Final-SNAPSHOT-sources.jar
[INFO] 
[INFO] --- source:3.2.0:test-jar-no-fork (attach-test-sources) @ netty-transport-native-epoll ---
[INFO] Building jar: /code/transport-native-epoll/target/netty-transport-native-epoll-4.2.18.Final-SNAPSHOT-test-sources.jar
[INFO] 
[INFO] --- jar:3.0.2:jar (default-jar) @ netty-transport-native-epoll ---
[INFO] Building jar: /code/transport-native-epoll/target/netty-transport-native-epoll-4.2.18.Final-SNAPSHOT.jar
[INFO] 
[INFO] --- jar:3.0.2:test-jar (default) @ netty-transport-native-epoll ---
[INFO] Building jar: /code/transport-native-epoll/target/netty-transport-native-epoll-4.2.18.Final-SNAPSHOT-tests.jar
[INFO] 
[INFO] --- jar:3.0.2:jar (empty-javadoc-jar) @ netty-transport-native-epoll ---
[WARNING] JAR will be empty - no content was marked for inclusion!
[INFO] Building jar: /code/transport-native-epoll/target/netty-transport-native-epoll-4.2.18.Final-SNAPSHOT-javadoc.jar
[INFO] 
[INFO] --- jar:3.0.2:jar (native-jar) @ netty-transport-native-epoll ---
[INFO] Building jar: /code/transport-native-epoll/target/netty-transport-native-epoll-4.2.18.Final-SNAPSHOT-linux-x86_64.jar
[INFO] 
[INFO] --- revapi:0.15.0:check (api-check) @ netty-transport-native-epoll ---
[INFO] Skipping execution
[INFO] 
[INFO] --- install:3.1.2:install (default-install) @ netty-transport-native-epoll ---
[INFO] Installing /code/transport-native-epoll/pom.xml to /root/.m2/repository/io/netty/netty-transport-native-epoll/4.2.18.Final-SNAPSHOT/netty-transport-native-epoll-4.2.18.Final-SNAPSHOT.pom
[INFO] Installing /code/transport-native-epoll/target/netty-transport-native-epoll-4.2.18.Final-SNAPSHOT.jar to /root/.m2/repository/io/netty/netty-transport-native-epoll/4.2.18.Final-SNAPSHOT/netty-transport-native-epoll-4.2.18.Final-SNAPSHOT.jar
[INFO] Installing /code/transport-native-epoll/target/netty-transport-native-epoll-4.2.18.Final-SNAPSHOT-sources.jar to /root/.m2/repository/io/netty/netty-transport-native-epoll/4.2.18.Final-SNAPSHOT/netty-transport-native-epoll-4.2.18.Final-SNAPSHOT-sources.jar
[INFO] Installing /code/transport-native-epoll/target/netty-transport-native-epoll-4.2.18.Final-SNAPSHOT-test-sources.jar to /root/.m2/repository/io/netty/netty-transport-native-epoll/4.2.18.Final-SNAPSHOT/netty-transport-native-epoll-4.2.18.Final-SNAPSHOT-test-sources.jar
[INFO] Installing /code/transport-native-epoll/target/netty-transport-native-epoll-4.2.18.Final-SNAPSHOT-tests.jar to /root/.m2/repository/io/netty/netty-transport-native-epoll/4.2.18.Final-SNAPSHOT/netty-transport-native-epoll-4.2.18.Final-SNAPSHOT-tests.jar
[INFO] Installing /code/transport-native-epoll/target/netty-transport-native-epoll-4.2.18.Final-SNAPSHOT-javadoc.jar to /root/.m2/repository/io/netty/netty-transport-native-epoll/4.2.18.Final-SNAPSHOT/netty-transport-native-epoll-4.2.18.Final-SNAPSHOT-javadoc.jar
[INFO] Installing /code/transport-native-epoll/target/netty-transport-native-epoll-4.2.18.Final-SNAPSHOT-linux-x86_64.jar to /root/.m2/repository/io/netty/netty-transport-native-epoll/4.2.18.Final-SNAPSHOT/netty-transport-native-epoll-4.2.18.Final-SNAPSHOT-linux-x86_64.jar
[INFO] 
[INFO] ---------------------< io.netty:netty-codec-mqtt >----------------------
[INFO] Building Netty/Codec/MQTT 4.2.18.Final-SNAPSHOT                  [26/31]
[INFO]   from codec-mqtt/pom.xml
[INFO] --------------------------------[ jar ]---------------------------------
[INFO] 
[INFO] --- enforcer:3.0.0:enforce (enforce-maven) @ netty-codec-mqtt ---
[INFO] 
[INFO] --- enforcer:3.0.0:enforce (enforce-tools) @ netty-codec-mqtt ---
[INFO] 
[INFO] --- checkstyle:3.1.0:check (check-style) @ netty-codec-mqtt ---
[INFO] 
[INFO] --- xml:1.0.1:check-format (check-style) @ netty-codec-mqtt ---
[INFO] 
[INFO] --- build-helper:1.10:parse-version (parse-version) @ netty-codec-mqtt ---
[INFO] 
[INFO] --- antrun:1.8:run (write-version-properties) @ netty-codec-mqtt ---
[INFO] Executing tasks

main:
     [exec] Result: 128
     [exec] Result: 128
     [echo] Current commit: 0 on 1970-01-01 00:00:00 +0000
    [mkdir] Created dir: /code/codec-mqtt/target/classes/META-INF
[propertyfile] Creating new property file: /code/codec-mqtt/target/classes/META-INF/io.netty.versions.properties
[INFO] Executed tasks
[INFO] 
[INFO] --- resources:3.0.1:resources (default-resources) @ netty-codec-mqtt ---
[INFO] Using 'UTF-8' encoding to copy filtered resources.
[INFO] Copying 1 resource
[INFO] 
[INFO] --- compiler:3.14.0:compile (default-compile) @ netty-codec-mqtt ---
[WARNING]  Parameter 'compilerVersion' (user property 'maven.compiler.compilerVersion') is deprecated: This parameter is no longer evaluated by the underlying compilers, instead the actual version of the javac binary is automatically retrieved.
[WARNING]  Parameter 'optimize' (user property 'maven.compiler.optimize') is deprecated: This property is a no-op in javac.
[INFO] Recompiling the module because of changed dependency.
[INFO] Compiling 38 source files with javac [forked debug deprecation release 8] to target/classes
[WARNING] /code/codec-mqtt/src/main/java/io/netty/handler/codec/mqtt/MqttEncoder.java:[308,40] [deprecation] topicName() in MqttTopicSubscription has been deprecated
[WARNING] /code/codec-mqtt/src/main/java/io/netty/handler/codec/mqtt/MqttEncoder.java:[328,47] [deprecation] topicName() in MqttTopicSubscription has been deprecated
[INFO] 
[INFO] --- forbiddenapis:2.2:check (check-forbidden-apis) @ netty-codec-mqtt ---
[WARNING]  Parameter 'internalRuntimeForbidden' is deprecated: Use <a href="bundled-signatures.html">bundled signatures</a> {@code "jdk-non-portable"} or {@code "jdk-internal"} instead.
[INFO] Skipping forbidden-apis checks.
[INFO] 
[INFO] --- bundle:5.1.8:manifest (generate-manifest) @ netty-codec-mqtt ---
[INFO] No MANIFEST.MF file found, generating manifest.
[WARNING] Manifest io.netty:netty-codec-mqtt:jar:4.2.18.Final-SNAPSHOT : Unused Import-Package instructions: [sun.net.dns.*, sun.misc.*, sun.security.*] 
[INFO] Writing manifest: /code/codec-mqtt/target/classes/META-INF/MANIFEST.MF
[INFO] 
[INFO] --- module-info:2.2:generate (module-info) @ netty-codec-mqtt ---
[INFO] Using source file: /code/codec-mqtt/src/main/java/module-info.yml
[INFO] Using module name "io.netty.codec.mqtt"
[INFO] Using module version "4.2.18.Final-SNAPSHOT"
[INFO] Automatically adding export for package "io.netty.handler.codec.mqtt"
[INFO] Automatically adding mandatory "java.base" dependency
[INFO] Wrote module descriptor "/code/codec-mqtt/target/classes/META-INF/versions/11/module-info.class"
[INFO] 
[INFO] --- resources:3.0.1:testResources (default-testResources) @ netty-codec-mqtt ---
[INFO] Using 'UTF-8' encoding to copy filtered resources.
[INFO] skip non existing resourceDirectory /code/codec-mqtt/src/test/resources
[INFO] Copying 0 resource
[INFO] 
[INFO] --- compiler:3.14.0:testCompile (default-testCompile) @ netty-codec-mqtt ---
[WARNING]  Parameter 'compilerVersion' (user property 'maven.compiler.compilerVersion') is deprecated: This parameter is no longer evaluated by the underlying compilers, instead the actual version of the javac binary is automatically retrieved.
[WARNING]  Parameter 'optimize' (user property 'maven.compiler.optimize') is deprecated: This property is a no-op in javac.
[INFO] Recompiling the module because of changed dependency.
[INFO] Compiling 9 source files with javac [forked debug deprecation release 8] to target/test-classes
[WARNING] /code/codec-mqtt/src/test/java/io/netty/handler/codec/mqtt/MqttTestUtils.java:[179,29] [deprecation] topicName() in MqttTopicSubscription has been deprecated
[WARNING] /code/codec-mqtt/src/test/java/io/netty/handler/codec/mqtt/MqttTestUtils.java:[179,49] [deprecation] topicName() in MqttTopicSubscription has been deprecated
[WARNING] /code/codec-mqtt/src/test/java/io/netty/handler/codec/mqtt/MqttCodecTest.java:[115,26] [deprecation] initMocks(Object) in MockitoAnnotations has been deprecated
[WARNING] /code/codec-mqtt/src/test/java/io/netty/handler/codec/mqtt/MqttCodecTest.java:[921,16] [deprecation] packetId(short) in UnsubAckBuilder has been deprecated
[WARNING] /code/codec-mqtt/src/test/java/io/netty/handler/codec/mqtt/MqttCodecTest.java:[950,16] [deprecation] packetId(short) in UnsubAckBuilder has been deprecated
[WARNING] /code/codec-mqtt/src/test/java/io/netty/handler/codec/mqtt/MqttCodecTest.java:[1255,16] [deprecation] packetId(short) in PubAckBuilder has been deprecated
[WARNING] /code/codec-mqtt/src/test/java/io/netty/handler/codec/mqtt/MqttCodecTest.java:[1289,29] [deprecation] password() in MqttConnectPayload has been deprecated
[WARNING] /code/codec-mqtt/src/test/java/io/netty/handler/codec/mqtt/MqttCodecTest.java:[1289,48] [deprecation] password() in MqttConnectPayload has been deprecated
[WARNING] /code/codec-mqtt/src/test/java/io/netty/handler/codec/mqtt/MqttCodecTest.java:[1291,29] [deprecation] willMessage() in MqttConnectPayload has been deprecated
[WARNING] /code/codec-mqtt/src/test/java/io/netty/handler/codec/mqtt/MqttCodecTest.java:[1291,51] [deprecation] willMessage() in MqttConnectPayload has been deprecated
[WARNING] /code/codec-mqtt/src/test/java/io/netty/handler/codec/mqtt/MqttConnectPayloadTest.java:[43,37] [deprecation] willMessage() in MqttConnectPayload has been deprecated
[WARNING] /code/codec-mqtt/src/test/java/io/netty/handler/codec/mqtt/MqttConnectPayloadTest.java:[61,37] [deprecation] password() in MqttConnectPayload has been deprecated
[WARNING] /code/codec-mqtt/src/test/java/io/netty/handler/codec/mqtt/MqttConnectPayloadTest.java:[67,15] [deprecation] password(String) in ConnectBuilder has been deprecated
[WARNING] /code/codec-mqtt/src/test/java/io/netty/handler/codec/mqtt/MqttConnectPayloadTest.java:[72,37] [deprecation] password() in MqttConnectPayload has been deprecated
[WARNING] /code/codec-mqtt/src/test/java/io/netty/handler/codec/mqtt/MqttConnectPayloadTest.java:[80,37] [deprecation] password() in MqttConnectPayload has been deprecated
[WARNING] /code/codec-mqtt/src/test/java/io/netty/handler/codec/mqtt/MqttConnectPayloadTest.java:[86,15] [deprecation] willMessage(String) in ConnectBuilder has been deprecated
[WARNING] /code/codec-mqtt/src/test/java/io/netty/handler/codec/mqtt/MqttConnectPayloadTest.java:[91,37] [deprecation] willMessage() in MqttConnectPayload has been deprecated
[WARNING] /code/codec-mqtt/src/test/java/io/netty/handler/codec/mqtt/MqttConnectPayloadTest.java:[99,37] [deprecation] willMessage() in MqttConnectPayload has been deprecated
[WARNING] /code/codec-mqtt/src/test/java/io/netty/handler/codec/mqtt/MqttMessageBuildersPacketIdTest.java:[43,16] [deprecation] packetId(short) in UnsubAckBuilder has been deprecated
[WARNING] /code/codec-mqtt/src/test/java/io/netty/handler/codec/mqtt/MqttMessageBuildersPacketIdTest.java:[56,16] [deprecation] packetId(short) in SubAckBuilder has been deprecated
[WARNING] /code/codec-mqtt/src/test/java/io/netty/handler/codec/mqtt/MqttMessageBuildersPacketIdTest.java:[69,16] [deprecation] packetId(short) in PubAckBuilder has been deprecated
[INFO] 
[INFO] --- forbiddenapis:2.2:testCheck (check-forbidden-test-apis) @ netty-codec-mqtt ---
[WARNING]  Parameter 'internalRuntimeForbidden' is deprecated: Use <a href="bundled-signatures.html">bundled signatures</a> {@code "jdk-non-portable"} or {@code "jdk-internal"} instead.
[INFO] Skipping forbidden-apis checks.
[INFO] 
[INFO] --- surefire:3.5.6:test (default-test) @ netty-codec-mqtt ---
[INFO] Tests are skipped.
[INFO] 
[INFO] --- source:3.2.0:jar-no-fork (attach-sources) @ netty-codec-mqtt ---
[INFO] Building jar: /code/codec-mqtt/target/netty-codec-mqtt-4.2.18.Final-SNAPSHOT-sources.jar
[INFO] 
[INFO] --- source:3.2.0:test-jar-no-fork (attach-test-sources) @ netty-codec-mqtt ---
[INFO] Building jar: /code/codec-mqtt/target/netty-codec-mqtt-4.2.18.Final-SNAPSHOT-test-sources.jar
[INFO] 
[INFO] --- jar:3.0.2:jar (default-jar) @ netty-codec-mqtt ---
[INFO] Building jar: /code/codec-mqtt/target/netty-codec-mqtt-4.2.18.Final-SNAPSHOT.jar
[INFO] 
[INFO] --- jar:3.0.2:test-jar (default) @ netty-codec-mqtt ---
[INFO] Building jar: /code/codec-mqtt/target/netty-codec-mqtt-4.2.18.Final-SNAPSHOT-tests.jar
[INFO] 
[INFO] --- revapi:0.15.0:check (api-check) @ netty-codec-mqtt ---
[INFO] Skipping execution
[INFO] 
[INFO] --- install:3.1.2:install (default-install) @ netty-codec-mqtt ---
[INFO] Installing /code/codec-mqtt/pom.xml to /root/.m2/repository/io/netty/netty-codec-mqtt/4.2.18.Final-SNAPSHOT/netty-codec-mqtt-4.2.18.Final-SNAPSHOT.pom
[INFO] Installing /code/codec-mqtt/target/netty-codec-mqtt-4.2.18.Final-SNAPSHOT.jar to /root/.m2/repository/io/netty/netty-codec-mqtt/4.2.18.Final-SNAPSHOT/netty-codec-mqtt-4.2.18.Final-SNAPSHOT.jar
[INFO] Installing /code/codec-mqtt/target/netty-codec-mqtt-4.2.18.Final-SNAPSHOT-sources.jar to /root/.m2/repository/io/netty/netty-codec-mqtt/4.2.18.Final-SNAPSHOT/netty-codec-mqtt-4.2.18.Final-SNAPSHOT-sources.jar
[INFO] Installing /code/codec-mqtt/target/netty-codec-mqtt-4.2.18.Final-SNAPSHOT-test-sources.jar to /root/.m2/repository/io/netty/netty-codec-mqtt/4.2.18.Final-SNAPSHOT/netty-codec-mqtt-4.2.18.Final-SNAPSHOT-test-sources.jar
[INFO] Installing /code/codec-mqtt/target/netty-codec-mqtt-4.2.18.Final-SNAPSHOT-tests.jar to /root/.m2/repository/io/netty/netty-codec-mqtt/4.2.18.Final-SNAPSHOT/netty-codec-mqtt-4.2.18.Final-SNAPSHOT-tests.jar
[INFO] 
[INFO] ---------------------< io.netty:netty-codec-redis >---------------------
[INFO] Building Netty/Codec/Redis 4.2.18.Final-SNAPSHOT                 [27/31]
[INFO]   from codec-redis/pom.xml
[INFO] --------------------------------[ jar ]---------------------------------
[INFO] 
[INFO] --- enforcer:3.0.0:enforce (enforce-maven) @ netty-codec-redis ---
[INFO] 
[INFO] --- enforcer:3.0.0:enforce (enforce-tools) @ netty-codec-redis ---
[INFO] 
[INFO] --- checkstyle:3.1.0:check (check-style) @ netty-codec-redis ---
[INFO] 
[INFO] --- xml:1.0.1:check-format (check-style) @ netty-codec-redis ---
[INFO] 
[INFO] --- build-helper:1.10:parse-version (parse-version) @ netty-codec-redis ---
[INFO] 
[INFO] --- antrun:1.8:run (write-version-properties) @ netty-codec-redis ---
[INFO] Executing tasks

main:
     [exec] Result: 128
     [exec] Result: 128
     [echo] Current commit: 0 on 1970-01-01 00:00:00 +0000
    [mkdir] Created dir: /code/codec-redis/target/classes/META-INF
[propertyfile] Creating new property file: /code/codec-redis/target/classes/META-INF/io.netty.versions.properties
[INFO] Executed tasks
[INFO] 
[INFO] --- resources:3.0.1:resources (default-resources) @ netty-codec-redis ---
[INFO] Using 'UTF-8' encoding to copy filtered resources.
[INFO] Copying 1 resource
[INFO] 
[INFO] --- compiler:3.14.0:compile (default-compile) @ netty-codec-redis ---
[WARNING]  Parameter 'compilerVersion' (user property 'maven.compiler.compilerVersion') is deprecated: This parameter is no longer evaluated by the underlying compilers, instead the actual version of the javac binary is automatically retrieved.
[WARNING]  Parameter 'optimize' (user property 'maven.compiler.optimize') is deprecated: This property is a no-op in javac.
[INFO] Recompiling the module because of changed dependency.
[INFO] Compiling 24 source files with javac [forked debug deprecation release 8] to target/classes
[INFO] 
[INFO] --- forbiddenapis:2.2:check (check-forbidden-apis) @ netty-codec-redis ---
[WARNING]  Parameter 'internalRuntimeForbidden' is deprecated: Use <a href="bundled-signatures.html">bundled signatures</a> {@code "jdk-non-portable"} or {@code "jdk-internal"} instead.
[INFO] Skipping forbidden-apis checks.
[INFO] 
[INFO] --- bundle:5.1.8:manifest (generate-manifest) @ netty-codec-redis ---
[INFO] No MANIFEST.MF file found, generating manifest.
[WARNING] Manifest io.netty:netty-codec-redis:jar:4.2.18.Final-SNAPSHOT : Unused Import-Package instructions: [sun.net.dns.*, sun.misc.*, sun.security.*] 
[INFO] Writing manifest: /code/codec-redis/target/classes/META-INF/MANIFEST.MF
[INFO] 
[INFO] --- module-info:2.2:generate (module-info) @ netty-codec-redis ---
[INFO] Using source file: /code/codec-redis/src/main/java/module-info.yml
[INFO] Using module name "io.netty.codec.redis"
[INFO] Using module version "4.2.18.Final-SNAPSHOT"
[INFO] Automatically adding export for package "io.netty.handler.codec.redis"
[INFO] Automatically adding mandatory "java.base" dependency
[INFO] Wrote module descriptor "/code/codec-redis/target/classes/META-INF/versions/11/module-info.class"
[INFO] 
[INFO] --- resources:3.0.1:testResources (default-testResources) @ netty-codec-redis ---
[INFO] Using 'UTF-8' encoding to copy filtered resources.
[INFO] skip non existing resourceDirectory /code/codec-redis/src/test/resources
[INFO] Copying 0 resource
[INFO] 
[INFO] --- compiler:3.14.0:testCompile (default-testCompile) @ netty-codec-redis ---
[WARNING]  Parameter 'compilerVersion' (user property 'maven.compiler.compilerVersion') is deprecated: This parameter is no longer evaluated by the underlying compilers, instead the actual version of the javac binary is automatically retrieved.
[WARNING]  Parameter 'optimize' (user property 'maven.compiler.optimize') is deprecated: This property is a no-op in javac.
[INFO] Recompiling the module because of changed dependency.
[INFO] Compiling 6 source files with javac [forked debug deprecation release 8] to target/test-classes
[WARNING] /code/codec-redis/src/test/java/io/netty/handler/codec/redis/RedisArrayAggregatorTest.java:[48,49] [deprecation] RedisArrayAggregator() in RedisArrayAggregator has been deprecated
[WARNING] /code/codec-redis/src/test/java/io/netty/handler/codec/redis/RedisArrayAggregatorTest.java:[62,49] [deprecation] RedisArrayAggregator() in RedisArrayAggregator has been deprecated
[INFO] 
[INFO] --- forbiddenapis:2.2:testCheck (check-forbidden-test-apis) @ netty-codec-redis ---
[WARNING]  Parameter 'internalRuntimeForbidden' is deprecated: Use <a href="bundled-signatures.html">bundled signatures</a> {@code "jdk-non-portable"} or {@code "jdk-internal"} instead.
[INFO] Skipping forbidden-apis checks.
[INFO] 
[INFO] --- surefire:3.5.6:test (default-test) @ netty-codec-redis ---
[INFO] Tests are skipped.
[INFO] 
[INFO] --- source:3.2.0:jar-no-fork (attach-sources) @ netty-codec-redis ---
[INFO] Building jar: /code/codec-redis/target/netty-codec-redis-4.2.18.Final-SNAPSHOT-sources.jar
[INFO] 
[INFO] --- source:3.2.0:test-jar-no-fork (attach-test-sources) @ netty-codec-redis ---
[INFO] Building jar: /code/codec-redis/target/netty-codec-redis-4.2.18.Final-SNAPSHOT-test-sources.jar
[INFO] 
[INFO] --- jar:3.0.2:jar (default-jar) @ netty-codec-redis ---
[INFO] Building jar: /code/codec-redis/target/netty-codec-redis-4.2.18.Final-SNAPSHOT.jar
[INFO] 
[INFO] --- jar:3.0.2:test-jar (default) @ netty-codec-redis ---
[INFO] Building jar: /code/codec-redis/target/netty-codec-redis-4.2.18.Final-SNAPSHOT-tests.jar
[INFO] 
[INFO] --- revapi:0.15.0:check (api-check) @ netty-codec-redis ---
[INFO] Skipping execution
[INFO] 
[INFO] --- install:3.1.2:install (default-install) @ netty-codec-redis ---
[INFO] Installing /code/codec-redis/pom.xml to /root/.m2/repository/io/netty/netty-codec-redis/4.2.18.Final-SNAPSHOT/netty-codec-redis-4.2.18.Final-SNAPSHOT.pom
[INFO] Installing /code/codec-redis/target/netty-codec-redis-4.2.18.Final-SNAPSHOT.jar to /root/.m2/repository/io/netty/netty-codec-redis/4.2.18.Final-SNAPSHOT/netty-codec-redis-4.2.18.Final-SNAPSHOT.jar
[INFO] Installing /code/codec-redis/target/netty-codec-redis-4.2.18.Final-SNAPSHOT-sources.jar to /root/.m2/repository/io/netty/netty-codec-redis/4.2.18.Final-SNAPSHOT/netty-codec-redis-4.2.18.Final-SNAPSHOT-sources.jar
[INFO] Installing /code/codec-redis/target/netty-codec-redis-4.2.18.Final-SNAPSHOT-test-sources.jar to /root/.m2/repository/io/netty/netty-codec-redis/4.2.18.Final-SNAPSHOT/netty-codec-redis-4.2.18.Final-SNAPSHOT-test-sources.jar
[INFO] Installing /code/codec-redis/target/netty-codec-redis-4.2.18.Final-SNAPSHOT-tests.jar to /root/.m2/repository/io/netty/netty-codec-redis/4.2.18.Final-SNAPSHOT/netty-codec-redis-4.2.18.Final-SNAPSHOT-tests.jar
[INFO] 
[INFO] ---------------------< io.netty:netty-codec-stomp >---------------------
[INFO] Building Netty/Codec/Stomp 4.2.18.Final-SNAPSHOT                 [28/31]
[INFO]   from codec-stomp/pom.xml
[INFO] --------------------------------[ jar ]---------------------------------
[INFO] 
[INFO] --- enforcer:3.0.0:enforce (enforce-maven) @ netty-codec-stomp ---
[INFO] 
[INFO] --- enforcer:3.0.0:enforce (enforce-tools) @ netty-codec-stomp ---
[INFO] 
[INFO] --- checkstyle:3.1.0:check (check-style) @ netty-codec-stomp ---
[INFO] 
[INFO] --- xml:1.0.1:check-format (check-style) @ netty-codec-stomp ---
[INFO] 
[INFO] --- build-helper:1.10:parse-version (parse-version) @ netty-codec-stomp ---
[INFO] 
[INFO] --- antrun:1.8:run (write-version-properties) @ netty-codec-stomp ---
[INFO] Executing tasks

main:
     [exec] Result: 128
     [exec] Result: 128
     [echo] Current commit: 0 on 1970-01-01 00:00:00 +0000
    [mkdir] Created dir: /code/codec-stomp/target/classes/META-INF
[propertyfile] Creating new property file: /code/codec-stomp/target/classes/META-INF/io.netty.versions.properties
[INFO] Executed tasks
[INFO] 
[INFO] --- resources:3.0.1:resources (default-resources) @ netty-codec-stomp ---
[INFO] Using 'UTF-8' encoding to copy filtered resources.
[INFO] Copying 1 resource
[INFO] 
[INFO] --- compiler:3.14.0:compile (default-compile) @ netty-codec-stomp ---
[WARNING]  Parameter 'compilerVersion' (user property 'maven.compiler.compilerVersion') is deprecated: This parameter is no longer evaluated by the underlying compilers, instead the actual version of the javac binary is automatically retrieved.
[WARNING]  Parameter 'optimize' (user property 'maven.compiler.optimize') is deprecated: This property is a no-op in javac.
[INFO] Recompiling the module because of changed dependency.
[INFO] Compiling 16 source files with javac [forked debug deprecation release 8] to target/classes
[WARNING] /code/codec-stomp/src/main/java/io/netty/handler/codec/stomp/StompSubframeDecoder.java:[25,56] [deprecation] State in StompSubframeDecoder has been deprecated
[INFO] 
[INFO] --- forbiddenapis:2.2:check (check-forbidden-apis) @ netty-codec-stomp ---
[WARNING]  Parameter 'internalRuntimeForbidden' is deprecated: Use <a href="bundled-signatures.html">bundled signatures</a> {@code "jdk-non-portable"} or {@code "jdk-internal"} instead.
[INFO] Skipping forbidden-apis checks.
[INFO] 
[INFO] --- bundle:5.1.8:manifest (generate-manifest) @ netty-codec-stomp ---
[INFO] No MANIFEST.MF file found, generating manifest.
[WARNING] Manifest io.netty:netty-codec-stomp:jar:4.2.18.Final-SNAPSHOT : Unused Import-Package instructions: [sun.net.dns.*, sun.misc.*, sun.security.*] 
[INFO] Writing manifest: /code/codec-stomp/target/classes/META-INF/MANIFEST.MF
[INFO] 
[INFO] --- module-info:2.2:generate (module-info) @ netty-codec-stomp ---
[INFO] Using source file: /code/codec-stomp/src/main/java/module-info.yml
[INFO] Using module name "io.netty.codec.stomp"
[INFO] Using module version "4.2.18.Final-SNAPSHOT"
[INFO] Automatically adding export for package "io.netty.handler.codec.stomp"
[INFO] Automatically adding mandatory "java.base" dependency
[INFO] Wrote module descriptor "/code/codec-stomp/target/classes/META-INF/versions/11/module-info.class"
[INFO] 
[INFO] --- resources:3.0.1:testResources (default-testResources) @ netty-codec-stomp ---
[INFO] Using 'UTF-8' encoding to copy filtered resources.
[INFO] skip non existing resourceDirectory /code/codec-stomp/src/test/resources
[INFO] Copying 0 resource
[INFO] 
[INFO] --- compiler:3.14.0:testCompile (default-testCompile) @ netty-codec-stomp ---
[WARNING]  Parameter 'compilerVersion' (user property 'maven.compiler.compilerVersion') is deprecated: This parameter is no longer evaluated by the underlying compilers, instead the actual version of the javac binary is automatically retrieved.
[WARNING]  Parameter 'optimize' (user property 'maven.compiler.optimize') is deprecated: This property is a no-op in javac.
[INFO] Recompiling the module because of changed dependency.
[INFO] Compiling 8 source files with javac [forked debug deprecation release 8] to target/test-classes
[INFO] 
[INFO] --- forbiddenapis:2.2:testCheck (check-forbidden-test-apis) @ netty-codec-stomp ---
[WARNING]  Parameter 'internalRuntimeForbidden' is deprecated: Use <a href="bundled-signatures.html">bundled signatures</a> {@code "jdk-non-portable"} or {@code "jdk-internal"} instead.
[INFO] Skipping forbidden-apis checks.
[INFO] 
[INFO] --- surefire:3.5.6:test (default-test) @ netty-codec-stomp ---
[INFO] Tests are skipped.
[INFO] 
[INFO] --- source:3.2.0:jar-no-fork (attach-sources) @ netty-codec-stomp ---
[INFO] Building jar: /code/codec-stomp/target/netty-codec-stomp-4.2.18.Final-SNAPSHOT-sources.jar
[INFO] 
[INFO] --- source:3.2.0:test-jar-no-fork (attach-test-sources) @ netty-codec-stomp ---
[INFO] Building jar: /code/codec-stomp/target/netty-codec-stomp-4.2.18.Final-SNAPSHOT-test-sources.jar
[INFO] 
[INFO] --- jar:3.0.2:jar (default-jar) @ netty-codec-stomp ---
[INFO] Building jar: /code/codec-stomp/target/netty-codec-stomp-4.2.18.Final-SNAPSHOT.jar
[INFO] 
[INFO] --- jar:3.0.2:test-jar (default) @ netty-codec-stomp ---
[INFO] Building jar: /code/codec-stomp/target/netty-codec-stomp-4.2.18.Final-SNAPSHOT-tests.jar
[INFO] 
[INFO] --- revapi:0.15.0:check (api-check) @ netty-codec-stomp ---
[INFO] Skipping execution
[INFO] 
[INFO] --- install:3.1.2:install (default-install) @ netty-codec-stomp ---
[INFO] Installing /code/codec-stomp/pom.xml to /root/.m2/repository/io/netty/netty-codec-stomp/4.2.18.Final-SNAPSHOT/netty-codec-stomp-4.2.18.Final-SNAPSHOT.pom
[INFO] Installing /code/codec-stomp/target/netty-codec-stomp-4.2.18.Final-SNAPSHOT.jar to /root/.m2/repository/io/netty/netty-codec-stomp/4.2.18.Final-SNAPSHOT/netty-codec-stomp-4.2.18.Final-SNAPSHOT.jar
[INFO] Installing /code/codec-stomp/target/netty-codec-stomp-4.2.18.Final-SNAPSHOT-sources.jar to /root/.m2/repository/io/netty/netty-codec-stomp/4.2.18.Final-SNAPSHOT/netty-codec-stomp-4.2.18.Final-SNAPSHOT-sources.jar
[INFO] Installing /code/codec-stomp/target/netty-codec-stomp-4.2.18.Final-SNAPSHOT-test-sources.jar to /root/.m2/repository/io/netty/netty-codec-stomp/4.2.18.Final-SNAPSHOT/netty-codec-stomp-4.2.18.Final-SNAPSHOT-test-sources.jar
[INFO] Installing /code/codec-stomp/target/netty-codec-stomp-4.2.18.Final-SNAPSHOT-tests.jar to /root/.m2/repository/io/netty/netty-codec-stomp/4.2.18.Final-SNAPSHOT/netty-codec-stomp-4.2.18.Final-SNAPSHOT-tests.jar
[INFO] 
[INFO] --------------< io.netty:netty-transport-classes-kqueue >---------------
[INFO] Building Netty/Transport/Classes/KQueue 4.2.18.Final-SNAPSHOT    [29/31]
[INFO]   from transport-classes-kqueue/pom.xml
[INFO] --------------------------------[ jar ]---------------------------------
[INFO] 
[INFO] --- enforcer:3.0.0:enforce (enforce-maven) @ netty-transport-classes-kqueue ---
[INFO] 
[INFO] --- enforcer:3.0.0:enforce (enforce-tools) @ netty-transport-classes-kqueue ---
[INFO] 
[INFO] --- checkstyle:3.1.0:check (check-style) @ netty-transport-classes-kqueue ---
[INFO] 
[INFO] --- xml:1.0.1:check-format (check-style) @ netty-transport-classes-kqueue ---
[INFO] 
[INFO] --- build-helper:1.10:parse-version (parse-version) @ netty-transport-classes-kqueue ---
[INFO] 
[INFO] --- antrun:1.8:run (write-version-properties) @ netty-transport-classes-kqueue ---
[INFO] Executing tasks

main:
     [exec] Result: 128
     [exec] Result: 128
     [echo] Current commit: 0 on 1970-01-01 00:00:00 +0000
    [mkdir] Created dir: /code/transport-classes-kqueue/target/classes/META-INF
[propertyfile] Creating new property file: /code/transport-classes-kqueue/target/classes/META-INF/io.netty.versions.properties
[INFO] Executed tasks
[INFO] 
[INFO] --- resources:3.0.1:resources (default-resources) @ netty-transport-classes-kqueue ---
[INFO] Using 'UTF-8' encoding to copy filtered resources.
[INFO] skip non existing resourceDirectory /code/transport-classes-kqueue/src/main/resources
[INFO] 
[INFO] --- compiler:3.14.0:compile (default-compile) @ netty-transport-classes-kqueue ---
[WARNING]  Parameter 'compilerVersion' (user property 'maven.compiler.compilerVersion') is deprecated: This parameter is no longer evaluated by the underlying compilers, instead the actual version of the javac binary is automatically retrieved.
[WARNING]  Parameter 'optimize' (user property 'maven.compiler.optimize') is deprecated: This property is a no-op in javac.
[INFO] Recompiling the module because of changed dependency.
[INFO] Compiling 32 source files with javac [forked debug deprecation release 8] to target/classes
[WARNING] /code/transport-classes-kqueue/src/main/java/io/netty/channel/kqueue/BsdSocket.java:[19,30] [deprecation] InternetProtocolFamily in io.netty.channel.socket has been deprecated
[WARNING] /code/transport-classes-kqueue/src/main/java/io/netty/channel/kqueue/KQueueDatagramChannel.java:[28,30] [deprecation] InternetProtocolFamily in io.netty.channel.socket has been deprecated
[WARNING] /code/transport-classes-kqueue/src/main/java/io/netty/channel/kqueue/KQueueEventLoopGroup.java:[20,23] [deprecation] EventLoopTaskQueueFactory in io.netty.channel has been deprecated
[WARNING] /code/transport-classes-kqueue/src/main/java/io/netty/channel/kqueue/KQueueSocketChannel.java:[21,30] [deprecation] InternetProtocolFamily in io.netty.channel.socket has been deprecated
[WARNING] /code/transport-classes-kqueue/src/main/java/io/netty/channel/kqueue/KQueueChannelConfig.java:[57,22] [deprecation] RCV_ALLOC_TRANSPORT_PROVIDES_GUESS in KQueueChannelOption has been deprecated
[WARNING] /code/transport-classes-kqueue/src/main/java/io/netty/channel/kqueue/KQueueChannelConfig.java:[82,22] [deprecation] RCV_ALLOC_TRANSPORT_PROVIDES_GUESS in KQueueChannelOption has been deprecated
[WARNING] /code/transport-classes-kqueue/src/main/java/io/netty/channel/kqueue/KQueueDatagramChannelConfig.java:[173,39] [deprecation] setRcvAllocTransportProvidesGuess(boolean) in KQueueChannelConfig has been deprecated
[WARNING] /code/transport-classes-kqueue/src/main/java/io/netty/channel/kqueue/KQueueDatagramChannelConfig.java:[174,13] [deprecation] setRcvAllocTransportProvidesGuess(boolean) in KQueueChannelConfig has been deprecated
[WARNING] /code/transport-classes-kqueue/src/main/java/io/netty/channel/kqueue/KQueueDomainDatagramChannelConfig.java:[132,45] [deprecation] setRcvAllocTransportProvidesGuess(boolean) in KQueueChannelConfig has been deprecated
[WARNING] /code/transport-classes-kqueue/src/main/java/io/netty/channel/kqueue/KQueueDomainDatagramChannelConfig.java:[133,13] [deprecation] setRcvAllocTransportProvidesGuess(boolean) in KQueueChannelConfig has been deprecated
[WARNING] /code/transport-classes-kqueue/src/main/java/io/netty/channel/kqueue/KQueueDomainSocketChannelConfig.java:[89,43] [deprecation] setRcvAllocTransportProvidesGuess(boolean) in KQueueChannelConfig has been deprecated
[WARNING] /code/transport-classes-kqueue/src/main/java/io/netty/channel/kqueue/KQueueDomainSocketChannelConfig.java:[90,13] [deprecation] setRcvAllocTransportProvidesGuess(boolean) in KQueueChannelConfig has been deprecated
[WARNING] /code/transport-classes-kqueue/src/main/java/io/netty/channel/kqueue/NativeArrays.java:[30,23] [deprecation] IovArray() in IovArray has been deprecated
[WARNING] /code/transport-classes-kqueue/src/main/java/io/netty/channel/kqueue/KQueueServerChannelConfig.java:[160,37] [deprecation] setRcvAllocTransportProvidesGuess(boolean) in KQueueChannelConfig has been deprecated
[WARNING] /code/transport-classes-kqueue/src/main/java/io/netty/channel/kqueue/KQueueServerChannelConfig.java:[161,13] [deprecation] setRcvAllocTransportProvidesGuess(boolean) in KQueueChannelConfig has been deprecated
[WARNING] /code/transport-classes-kqueue/src/main/java/io/netty/channel/kqueue/KQueueSocketChannel.java:[92,35] [deprecation] IovArray(ByteBuf) in IovArray has been deprecated
[WARNING] /code/transport-classes-kqueue/src/main/java/io/netty/channel/kqueue/KQueueSocketChannelConfig.java:[320,37] [deprecation] setRcvAllocTransportProvidesGuess(boolean) in KQueueChannelConfig has been deprecated
[WARNING] /code/transport-classes-kqueue/src/main/java/io/netty/channel/kqueue/KQueueSocketChannelConfig.java:[321,13] [deprecation] setRcvAllocTransportProvidesGuess(boolean) in KQueueChannelConfig has been deprecated
[INFO] 
[INFO] --- forbiddenapis:2.2:check (check-forbidden-apis) @ netty-transport-classes-kqueue ---
[WARNING]  Parameter 'internalRuntimeForbidden' is deprecated: Use <a href="bundled-signatures.html">bundled signatures</a> {@code "jdk-non-portable"} or {@code "jdk-internal"} instead.
[INFO] Skipping forbidden-apis checks.
[INFO] 
[INFO] --- bundle:5.1.8:manifest (generate-manifest) @ netty-transport-classes-kqueue ---
[INFO] No MANIFEST.MF file found, generating manifest.
[WARNING] Manifest io.netty:netty-transport-classes-kqueue:jar:4.2.18.Final-SNAPSHOT : Unused Import-Package instructions: [sun.net.dns.*, sun.misc.*, sun.security.*] 
[INFO] Writing manifest: /code/transport-classes-kqueue/target/classes/META-INF/MANIFEST.MF
[INFO] 
[INFO] --- module-info:2.2:generate (module-info) @ netty-transport-classes-kqueue ---
[INFO] Using source file: /code/transport-classes-kqueue/src/main/java/module-info.yml
[INFO] Using module name "io.netty.transport.classes.kqueue"
[INFO] Using module version "4.2.18.Final-SNAPSHOT"
[INFO] Automatically adding export for package "io.netty.channel.kqueue"
[INFO] Automatically adding mandatory "java.base" dependency
[INFO] Wrote module descriptor "/code/transport-classes-kqueue/target/classes/META-INF/versions/11/module-info.class"
[INFO] 
[INFO] --- resources:3.0.1:testResources (default-testResources) @ netty-transport-classes-kqueue ---
[INFO] Using 'UTF-8' encoding to copy filtered resources.
[INFO] skip non existing resourceDirectory /code/transport-classes-kqueue/src/test/resources
[INFO] Copying 0 resource
[INFO] 
[INFO] --- compiler:3.14.0:testCompile (default-testCompile) @ netty-transport-classes-kqueue ---
[WARNING]  Parameter 'compilerVersion' (user property 'maven.compiler.compilerVersion') is deprecated: This parameter is no longer evaluated by the underlying compilers, instead the actual version of the javac binary is automatically retrieved.
[WARNING]  Parameter 'optimize' (user property 'maven.compiler.optimize') is deprecated: This property is a no-op in javac.
[INFO] Recompiling the module because of changed dependency.
[INFO] Compiling 1 source file with javac [forked debug deprecation release 8] to target/test-classes
[WARNING] /code/transport-classes-kqueue/src/test/java/io/netty/channel/kqueue/LoadClassTest.java:[39,20] [deprecation] KQueueEventLoopGroup in io.netty.channel.kqueue has been deprecated
[INFO] 
[INFO] --- forbiddenapis:2.2:testCheck (check-forbidden-test-apis) @ netty-transport-classes-kqueue ---
[WARNING]  Parameter 'internalRuntimeForbidden' is deprecated: Use <a href="bundled-signatures.html">bundled signatures</a> {@code "jdk-non-portable"} or {@code "jdk-internal"} instead.
[INFO] Skipping forbidden-apis checks.
[INFO] 
[INFO] --- surefire:3.5.6:test (default-test) @ netty-transport-classes-kqueue ---
[INFO] Tests are skipped.
[INFO] 
[INFO] --- source:3.2.0:jar-no-fork (attach-sources) @ netty-transport-classes-kqueue ---
[INFO] Building jar: /code/transport-classes-kqueue/target/netty-transport-classes-kqueue-4.2.18.Final-SNAPSHOT-sources.jar
[INFO] 
[INFO] --- source:3.2.0:test-jar-no-fork (attach-test-sources) @ netty-transport-classes-kqueue ---
[INFO] Building jar: /code/transport-classes-kqueue/target/netty-transport-classes-kqueue-4.2.18.Final-SNAPSHOT-test-sources.jar
[INFO] 
[INFO] --- jar:3.0.2:jar (default-jar) @ netty-transport-classes-kqueue ---
[INFO] Building jar: /code/transport-classes-kqueue/target/netty-transport-classes-kqueue-4.2.18.Final-SNAPSHOT.jar
[INFO] 
[INFO] --- jar:3.0.2:test-jar (default) @ netty-transport-classes-kqueue ---
[INFO] Building jar: /code/transport-classes-kqueue/target/netty-transport-classes-kqueue-4.2.18.Final-SNAPSHOT-tests.jar
[INFO] 
[INFO] --- revapi:0.15.0:check (api-check) @ netty-transport-classes-kqueue ---
[INFO] Skipping execution
[INFO] 
[INFO] --- install:3.1.2:install (default-install) @ netty-transport-classes-kqueue ---
[INFO] Installing /code/transport-classes-kqueue/pom.xml to /root/.m2/repository/io/netty/netty-transport-classes-kqueue/4.2.18.Final-SNAPSHOT/netty-transport-classes-kqueue-4.2.18.Final-SNAPSHOT.pom
[INFO] Installing /code/transport-classes-kqueue/target/netty-transport-classes-kqueue-4.2.18.Final-SNAPSHOT.jar to /root/.m2/repository/io/netty/netty-transport-classes-kqueue/4.2.18.Final-SNAPSHOT/netty-transport-classes-kqueue-4.2.18.Final-SNAPSHOT.jar
[INFO] Installing /code/transport-classes-kqueue/target/netty-transport-classes-kqueue-4.2.18.Final-SNAPSHOT-sources.jar to /root/.m2/repository/io/netty/netty-transport-classes-kqueue/4.2.18.Final-SNAPSHOT/netty-transport-classes-kqueue-4.2.18.Final-SNAPSHOT-sources.jar
[INFO] Installing /code/transport-classes-kqueue/target/netty-transport-classes-kqueue-4.2.18.Final-SNAPSHOT-test-sources.jar to /root/.m2/repository/io/netty/netty-transport-classes-kqueue/4.2.18.Final-SNAPSHOT/netty-transport-classes-kqueue-4.2.18.Final-SNAPSHOT-test-sources.jar
[INFO] Installing /code/transport-classes-kqueue/target/netty-transport-classes-kqueue-4.2.18.Final-SNAPSHOT-tests.jar to /root/.m2/repository/io/netty/netty-transport-classes-kqueue/4.2.18.Final-SNAPSHOT/netty-transport-classes-kqueue-4.2.18.Final-SNAPSHOT-tests.jar
[INFO] 
[INFO] ---------------< io.netty:netty-transport-native-kqueue >---------------
[INFO] Building Netty/Transport/Native/KQueue 4.2.18.Final-SNAPSHOT     [30/31]
[INFO]   from transport-native-kqueue/pom.xml
[INFO] --------------------------------[ jar ]---------------------------------
[INFO] 
[INFO] --- enforcer:3.0.0:enforce (enforce-maven) @ netty-transport-native-kqueue ---
[INFO] 
[INFO] --- enforcer:3.0.0:enforce (enforce-tools) @ netty-transport-native-kqueue ---
[INFO] 
[INFO] --- checkstyle:3.1.0:check (check-style) @ netty-transport-native-kqueue ---
[INFO] 
[INFO] --- xml:1.0.1:check-format (check-style) @ netty-transport-native-kqueue ---
[INFO] 
[INFO] --- build-helper:1.10:parse-version (parse-version) @ netty-transport-native-kqueue ---
[INFO] 
[INFO] --- antrun:1.8:run (write-version-properties) @ netty-transport-native-kqueue ---
[INFO] Executing tasks

main:
     [exec] Result: 128
     [exec] Result: 128
     [echo] Current commit: 0 on 1970-01-01 00:00:00 +0000
    [mkdir] Created dir: /code/transport-native-kqueue/target/classes/META-INF
[propertyfile] Creating new property file: /code/transport-native-kqueue/target/classes/META-INF/io.netty.versions.properties
[INFO] Executed tasks
[INFO] 
[INFO] --- build-helper:1.10:add-source (default) @ netty-transport-native-kqueue ---
[INFO] Source directory: /code/transport-native-kqueue/src/main/c added.
[INFO] 
[INFO] --- resources:3.0.1:resources (default-resources) @ netty-transport-native-kqueue ---
[INFO] Using 'UTF-8' encoding to copy filtered resources.
[INFO] skip non existing resourceDirectory /code/transport-native-kqueue/src/main/resources
[INFO] 
[INFO] --- compiler:3.14.0:compile (default-compile) @ netty-transport-native-kqueue ---
[WARNING]  Parameter 'compilerVersion' (user property 'maven.compiler.compilerVersion') is deprecated: This parameter is no longer evaluated by the underlying compilers, instead the actual version of the javac binary is automatically retrieved.
[WARNING]  Parameter 'optimize' (user property 'maven.compiler.optimize') is deprecated: This property is a no-op in javac.
[INFO] Recompiling the module because of changed dependency.
[INFO] 
[INFO] --- forbiddenapis:2.2:check (check-forbidden-apis) @ netty-transport-native-kqueue ---
[WARNING]  Parameter 'internalRuntimeForbidden' is deprecated: Use <a href="bundled-signatures.html">bundled signatures</a> {@code "jdk-non-portable"} or {@code "jdk-internal"} instead.
[INFO] Skipping forbidden-apis checks.
[INFO] 
[INFO] --- bundle:5.1.8:manifest (generate-manifest) @ netty-transport-native-kqueue ---
[INFO] No MANIFEST.MF file found, generating manifest.
[WARNING] Manifest io.netty:netty-transport-native-kqueue:jar:4.2.18.Final-SNAPSHOT : Unused Export-Package instructions: [io.netty.*] 
[WARNING] Manifest io.netty:netty-transport-native-kqueue:jar:4.2.18.Final-SNAPSHOT : Unused Import-Package instructions: [sun.net.dns.*, sun.misc.*, sun.security.*] 
[INFO] Writing manifest: /code/transport-native-kqueue/target/classes/META-INF/MANIFEST.MF
[INFO] 
[INFO] --- module-info:2.2:generate (module-info) @ netty-transport-native-kqueue ---
[INFO] Using module name "io.netty.transport.kqueue.linux.x86_64"
[INFO] Using module version "4.2.18.Final-SNAPSHOT"
[INFO] Automatically adding mandatory "java.base" dependency
[INFO] Wrote module descriptor "/code/transport-native-kqueue/target/classes/META-INF/versions/11/module-info.class"
[INFO] 
[INFO] --- module-info:2.2:generate (fallback-module-info) @ netty-transport-native-kqueue ---
[INFO] Using module name "io.netty.transport.kqueue"
[INFO] Using module version "4.2.18.Final-SNAPSHOT"
[INFO] Automatically adding mandatory "java.base" dependency
[INFO] Wrote module descriptor "/code/transport-native-kqueue/target/fallback-classes/META-INF/versions/11/module-info.class"
[INFO] 
[INFO] --- resources:3.0.1:testResources (default-testResources) @ netty-transport-native-kqueue ---
[INFO] Using 'UTF-8' encoding to copy filtered resources.
[INFO] skip non existing resourceDirectory /code/transport-native-kqueue/src/test/resources
[INFO] Copying 0 resource
[INFO] 
[INFO] --- antrun:1.8:run (copy-to-native-output) @ netty-transport-native-kqueue ---
[INFO] Executing tasks

main:
     [copy] Copying 2 files to /code/transport-native-kqueue/target/fallback-classes
[INFO] Executed tasks
[INFO] 
[INFO] --- compiler:3.14.0:testCompile (default-testCompile) @ netty-transport-native-kqueue ---
[WARNING]  Parameter 'compilerVersion' (user property 'maven.compiler.compilerVersion') is deprecated: This parameter is no longer evaluated by the underlying compilers, instead the actual version of the javac binary is automatically retrieved.
[WARNING]  Parameter 'optimize' (user property 'maven.compiler.optimize') is deprecated: This property is a no-op in javac.
[INFO] Recompiling the module because of changed dependency.
[INFO] Compiling 64 source files with javac [forked debug deprecation release 8] to target/test-classes
[WARNING] /code/transport-native-kqueue/src/test/java/io/netty/channel/kqueue/KQueueDatagramUnicastTest.java:[19,30] [deprecation] InternetProtocolFamily in io.netty.channel.socket has been deprecated
[WARNING] /code/transport-native-kqueue/src/test/java/io/netty/channel/kqueue/KQueueEventLoopTest.java:[42,19] [deprecation] KQueueEventLoopGroup in io.netty.channel.kqueue has been deprecated
[WARNING] /code/transport-native-kqueue/src/test/java/io/netty/channel/kqueue/KQueueEventLoopTest.java:[47,19] [deprecation] KQueueEventLoopGroup in io.netty.channel.kqueue has been deprecated
[WARNING] /code/transport-native-kqueue/src/test/java/io/netty/channel/kqueue/KQueueEventLoopTest.java:[63,35] [deprecation] KQueueEventLoopGroup in io.netty.channel.kqueue has been deprecated
[WARNING] /code/transport-native-kqueue/src/test/java/io/netty/channel/kqueue/KqueueDatagramChannelTest.java:[33,41] [deprecation] getMaxMessagesPerRead() in DefaultChannelConfig has been deprecated
[WARNING] /code/transport-native-kqueue/src/test/java/io/netty/channel/kqueue/KqueueDomainDatagramChannelTest.java:[33,41] [deprecation] getMaxMessagesPerRead() in DefaultChannelConfig has been deprecated
[INFO] 
[INFO] --- forbiddenapis:2.2:testCheck (check-forbidden-test-apis) @ netty-transport-native-kqueue ---
[WARNING]  Parameter 'internalRuntimeForbidden' is deprecated: Use <a href="bundled-signatures.html">bundled signatures</a> {@code "jdk-non-portable"} or {@code "jdk-internal"} instead.
[INFO] Skipping forbidden-apis checks.
[INFO] 
[INFO] --- surefire:3.5.6:test (default-test) @ netty-transport-native-kqueue ---
[INFO] Tests are skipped.
[INFO] 
[INFO] --- source:3.2.0:jar-no-fork (attach-sources) @ netty-transport-native-kqueue ---
[INFO] Building jar: /code/transport-native-kqueue/target/netty-transport-native-kqueue-4.2.18.Final-SNAPSHOT-sources.jar
[INFO] 
[INFO] --- source:3.2.0:test-jar-no-fork (attach-test-sources) @ netty-transport-native-kqueue ---
[INFO] Building jar: /code/transport-native-kqueue/target/netty-transport-native-kqueue-4.2.18.Final-SNAPSHOT-test-sources.jar
[INFO] 
[INFO] --- jar:3.0.2:jar (default-jar) @ netty-transport-native-kqueue ---
[INFO] Building jar: /code/transport-native-kqueue/target/netty-transport-native-kqueue-4.2.18.Final-SNAPSHOT.jar
[INFO] 
[INFO] --- jar:3.0.2:test-jar (default) @ netty-transport-native-kqueue ---
[INFO] Building jar: /code/transport-native-kqueue/target/netty-transport-native-kqueue-4.2.18.Final-SNAPSHOT-tests.jar
[INFO] 
[INFO] --- jar:3.0.2:jar (empty-javadoc-jar) @ netty-transport-native-kqueue ---
[WARNING] JAR will be empty - no content was marked for inclusion!
[INFO] Building jar: /code/transport-native-kqueue/target/netty-transport-native-kqueue-4.2.18.Final-SNAPSHOT-javadoc.jar
[INFO] 
[INFO] --- revapi:0.15.0:check (api-check) @ netty-transport-native-kqueue ---
[INFO] Skipping execution
[INFO] 
[INFO] --- install:3.1.2:install (default-install) @ netty-transport-native-kqueue ---
[INFO] Installing /code/transport-native-kqueue/pom.xml to /root/.m2/repository/io/netty/netty-transport-native-kqueue/4.2.18.Final-SNAPSHOT/netty-transport-native-kqueue-4.2.18.Final-SNAPSHOT.pom
[INFO] Installing /code/transport-native-kqueue/target/netty-transport-native-kqueue-4.2.18.Final-SNAPSHOT.jar to /root/.m2/repository/io/netty/netty-transport-native-kqueue/4.2.18.Final-SNAPSHOT/netty-transport-native-kqueue-4.2.18.Final-SNAPSHOT.jar
[INFO] Installing /code/transport-native-kqueue/target/netty-transport-native-kqueue-4.2.18.Final-SNAPSHOT-sources.jar to /root/.m2/repository/io/netty/netty-transport-native-kqueue/4.2.18.Final-SNAPSHOT/netty-transport-native-kqueue-4.2.18.Final-SNAPSHOT-sources.jar
[INFO] Installing /code/transport-native-kqueue/target/netty-transport-native-kqueue-4.2.18.Final-SNAPSHOT-test-sources.jar to /root/.m2/repository/io/netty/netty-transport-native-kqueue/4.2.18.Final-SNAPSHOT/netty-transport-native-kqueue-4.2.18.Final-SNAPSHOT-test-sources.jar
[INFO] Installing /code/transport-native-kqueue/target/netty-transport-native-kqueue-4.2.18.Final-SNAPSHOT-tests.jar to /root/.m2/repository/io/netty/netty-transport-native-kqueue/4.2.18.Final-SNAPSHOT/netty-transport-native-kqueue-4.2.18.Final-SNAPSHOT-tests.jar
[INFO] Installing /code/transport-native-kqueue/target/netty-transport-native-kqueue-4.2.18.Final-SNAPSHOT-javadoc.jar to /root/.m2/repository/io/netty/netty-transport-native-kqueue/4.2.18.Final-SNAPSHOT/netty-transport-native-kqueue-4.2.18.Final-SNAPSHOT-javadoc.jar
[INFO] 
[INFO] ---------------------< io.netty:netty-microbench >----------------------
[INFO] Building Netty/Microbench 4.2.18.Final-SNAPSHOT                  [31/31]
[INFO]   from microbench/pom.xml
[INFO] --------------------------------[ jar ]---------------------------------
[INFO] 
[INFO] --- enforcer:3.0.0:enforce (enforce-maven) @ netty-microbench ---
[INFO] 
[INFO] --- enforcer:3.0.0:enforce (enforce-tools) @ netty-microbench ---
[INFO] 
[INFO] --- checkstyle:3.1.0:check (check-style) @ netty-microbench ---
[INFO] 
[INFO] --- xml:1.0.1:check-format (check-style) @ netty-microbench ---
[INFO] 
[INFO] --- build-helper:1.10:parse-version (parse-version) @ netty-microbench ---
[INFO] 
[INFO] --- antrun:1.8:run (write-version-properties) @ netty-microbench ---
[INFO] Executing tasks

main:
     [exec] Result: 128
     [exec] Result: 128
     [echo] Current commit: 0 on 1970-01-01 00:00:00 +0000
    [mkdir] Created dir: /code/microbench/target/classes/META-INF
[propertyfile] Creating new property file: /code/microbench/target/classes/META-INF/io.netty.versions.properties
[INFO] Executed tasks
[INFO] 
[INFO] --- resources:3.0.1:resources (default-resources) @ netty-microbench ---
[INFO] Using 'UTF-8' encoding to copy filtered resources.
[INFO] Copying 6 resources
[INFO] 
[INFO] --- compiler:3.14.0:compile (default-compile) @ netty-microbench ---
[WARNING]  Parameter 'compilerVersion' (user property 'maven.compiler.compilerVersion') is deprecated: This parameter is no longer evaluated by the underlying compilers, instead the actual version of the javac binary is automatically retrieved.
[WARNING]  Parameter 'optimize' (user property 'maven.compiler.optimize') is deprecated: This property is a no-op in javac.
[INFO] Recompiling the module because of changed dependency.
[INFO] Compiling 154 source files with javac [forked debug deprecation release 8] to target/classes
[WARNING] /code/microbench/src/main/java/io/netty/handler/codec/DateFormatterBenchmark.java:[18,34] [deprecation] HttpHeaderDateFormat in io.netty.handler.codec.http has been deprecated
[WARNING] /code/microbench/src/main/java/io/netty/handler/codec/mqtt/MqttPropertyTypeValueOfBench.java:[18,49] [deprecation] MqttPropertyType in MqttProperties has been deprecated
[WARNING] /code/microbench/src/main/java/io/netty/microbench/buffer/SwappedByteBufBenchmark.java:[19,22] [deprecation] SwappedByteBuf in io.netty.buffer has been deprecated
[WARNING] /code/microbench/src/main/java/io/netty/microbench/concurrent/BurstCostExecutorsBenchmark.java:[18,29] [deprecation] EpollEventLoopGroup in io.netty.channel.epoll has been deprecated
[WARNING] /code/microbench/src/main/java/io/netty/microbench/concurrent/BurstCostExecutorsBenchmark.java:[20,30] [deprecation] KQueueEventLoopGroup in io.netty.channel.kqueue has been deprecated
[WARNING] /code/microbench/src/main/java/io/netty/microbench/concurrent/BurstCostExecutorsBenchmark.java:[21,27] [deprecation] NioEventLoopGroup in io.netty.channel.nio has been deprecated
[WARNING] /code/microbench/src/main/java/io/netty/handler/codec/DateFormatterBenchmark.java:[18,34] [deprecation] HttpHeaderDateFormat in io.netty.handler.codec.http has been deprecated
[WARNING] /code/microbench/src/main/java/io/netty/handler/codec/mqtt/MqttPropertyTypeValueOfBench.java:[18,49] [deprecation] MqttPropertyType in MqttProperties has been deprecated
[WARNING] /code/microbench/src/main/java/io/netty/microbench/buffer/SwappedByteBufBenchmark.java:[19,22] [deprecation] SwappedByteBuf in io.netty.buffer has been deprecated
[WARNING] /code/microbench/src/main/java/io/netty/microbench/concurrent/BurstCostExecutorsBenchmark.java:[18,29] [deprecation] EpollEventLoopGroup in io.netty.channel.epoll has been deprecated
[WARNING] /code/microbench/src/main/java/io/netty/microbench/concurrent/BurstCostExecutorsBenchmark.java:[20,30] [deprecation] KQueueEventLoopGroup in io.netty.channel.kqueue has been deprecated
[WARNING] /code/microbench/src/main/java/io/netty/microbench/concurrent/BurstCostExecutorsBenchmark.java:[21,27] [deprecation] NioEventLoopGroup in io.netty.channel.nio has been deprecated
[WARNING] /code/microbench/src/main/java/io/netty/handler/codec/DateFormatterBenchmark.java:[18,34] [deprecation] HttpHeaderDateFormat in io.netty.handler.codec.http has been deprecated
[WARNING] /code/microbench/src/main/java/io/netty/handler/codec/mqtt/MqttPropertyTypeValueOfBench.java:[18,49] [deprecation] MqttPropertyType in MqttProperties has been deprecated
[WARNING] /code/microbench/src/main/java/io/netty/microbench/buffer/SwappedByteBufBenchmark.java:[19,22] [deprecation] SwappedByteBuf in io.netty.buffer has been deprecated
[WARNING] /code/microbench/src/main/java/io/netty/microbench/concurrent/BurstCostExecutorsBenchmark.java:[18,29] [deprecation] EpollEventLoopGroup in io.netty.channel.epoll has been deprecated
[WARNING] /code/microbench/src/main/java/io/netty/microbench/concurrent/BurstCostExecutorsBenchmark.java:[20,30] [deprecation] KQueueEventLoopGroup in io.netty.channel.kqueue has been deprecated
[WARNING] /code/microbench/src/main/java/io/netty/microbench/concurrent/BurstCostExecutorsBenchmark.java:[21,27] [deprecation] NioEventLoopGroup in io.netty.channel.nio has been deprecated
[WARNING] /code/microbench/src/main/java/io/netty/handler/codec/DateFormatterBenchmark.java:[18,34] [deprecation] HttpHeaderDateFormat in io.netty.handler.codec.http has been deprecated
[WARNING] /code/microbench/src/main/java/io/netty/handler/codec/mqtt/MqttPropertyTypeValueOfBench.java:[18,49] [deprecation] MqttPropertyType in MqttProperties has been deprecated
[WARNING] /code/microbench/src/main/java/io/netty/microbench/buffer/SwappedByteBufBenchmark.java:[19,22] [deprecation] SwappedByteBuf in io.netty.buffer has been deprecated
[WARNING] /code/microbench/src/main/java/io/netty/microbench/concurrent/BurstCostExecutorsBenchmark.java:[18,29] [deprecation] EpollEventLoopGroup in io.netty.channel.epoll has been deprecated
[WARNING] /code/microbench/src/main/java/io/netty/microbench/concurrent/BurstCostExecutorsBenchmark.java:[20,30] [deprecation] KQueueEventLoopGroup in io.netty.channel.kqueue has been deprecated
[WARNING] /code/microbench/src/main/java/io/netty/microbench/concurrent/BurstCostExecutorsBenchmark.java:[21,27] [deprecation] NioEventLoopGroup in io.netty.channel.nio has been deprecated
[WARNING] /code/microbench/src/main/java/io/netty/microbench/util/AbstractMicrobenchmark.java:[57,28] [deprecation] shutdown() in AbstractEventExecutor has been deprecated
[WARNING] /code/microbench/src/main/java/io/netty/handler/codec/DateFormatterBenchmark.java:[38,15] [deprecation] HttpHeaderDateFormat in io.netty.handler.codec.http has been deprecated
[WARNING] /code/microbench/src/main/java/io/netty/handler/codec/DateFormatterBenchmark.java:[48,15] [deprecation] HttpHeaderDateFormat in io.netty.handler.codec.http has been deprecated
[WARNING] /code/microbench/src/main/java/io/netty/microbench/channel/EmbeddedChannelHandlerContext.java:[59,29] [deprecation] <T>hasAttr(AttributeKey<T>) in ChannelHandlerContext has been deprecated
  where T is a type-variable:
    T extends Object declared in method <T>hasAttr(AttributeKey<T>)
[WARNING] /code/microbench/src/main/java/io/netty/microbench/channel/EmbeddedChannelHandlerContext.java:[54,34] [deprecation] <T>attr(AttributeKey<T>) in ChannelHandlerContext has been deprecated
  where T is a type-variable:
    T extends Object declared in method <T>attr(AttributeKey<T>)
[WARNING] /code/microbench/src/main/java/io/netty/microbench/channel/EmbeddedChannelHandlerContext.java:[111,21] [deprecation] exceptionCaught(ChannelHandlerContext,Throwable) in ChannelHandler has been deprecated
[WARNING] /code/microbench/src/main/java/io/netty/handler/codec/http2/Http2PseudoHeadersLookupBenchmark.java:[64,69] [deprecation] String(byte[],int,int,int) in String has been deprecated
[WARNING] /code/microbench/src/main/java/io/netty/handler/codec/mqtt/MqttPropertyTypeValueOfBench.java:[101,11] [deprecation] MqttPropertyType in MqttProperties has been deprecated
[WARNING] /code/microbench/src/main/java/io/netty/handler/codec/mqtt/MqttPropertyTypeValueOfBench.java:[101,11] [deprecation] MqttPropertyType in MqttProperties has been deprecated
[WARNING] /code/microbench/src/main/java/io/netty/handler/codec/mqtt/MqttPropertyTypeValueOfBench.java:[101,11] [deprecation] MqttPropertyType in MqttProperties has been deprecated
[WARNING] /code/microbench/src/main/java/io/netty/handler/codec/mqtt/MqttPropertyTypeValueOfBench.java:[101,11] [deprecation] MqttPropertyType in MqttProperties has been deprecated
[WARNING] /code/microbench/src/main/java/io/netty/handler/codec/mqtt/MqttPropertyTypeValueOfBench.java:[104,8] [deprecation] MqttPropertyType in MqttProperties has been deprecated
[WARNING] /code/microbench/src/main/java/io/netty/handler/codec/mqtt/MqttPropertyTypeValueOfBench.java:[104,32] [deprecation] MqttPropertyType in MqttProperties has been deprecated
[WARNING] /code/microbench/src/main/java/io/netty/handler/codec/mqtt/MqttPropertyTypeValueOfBench.java:[110,11] [deprecation] MqttPropertyType in MqttProperties has been deprecated
[WARNING] /code/microbench/src/main/java/io/netty/handler/codec/mqtt/MqttPropertyTypeValueOfBench.java:[110,11] [deprecation] MqttPropertyType in MqttProperties has been deprecated
[WARNING] /code/microbench/src/main/java/io/netty/handler/codec/mqtt/MqttPropertyTypeValueOfBench.java:[110,11] [deprecation] MqttPropertyType in MqttProperties has been deprecated
[WARNING] /code/microbench/src/main/java/io/netty/handler/codec/mqtt/MqttPropertyTypeValueOfBench.java:[110,11] [deprecation] MqttPropertyType in MqttProperties has been deprecated
[WARNING] /code/microbench/src/main/java/io/netty/handler/codec/mqtt/MqttPropertyTypeValueOfBench.java:[113,8] [deprecation] MqttPropertyType in MqttProperties has been deprecated
[WARNING] /code/microbench/src/main/java/io/netty/handler/codec/mqtt/MqttPropertyTypeValueOfBench.java:[118,19] [deprecation] MqttPropertyType in MqttProperties has been deprecated
[WARNING] /code/microbench/src/main/java/io/netty/handler/codec/mqtt/MqttPropertyTypeValueOfBench.java:[118,19] [deprecation] MqttPropertyType in MqttProperties has been deprecated
[WARNING] /code/microbench/src/main/java/io/netty/handler/codec/mqtt/MqttPropertyTypeValueOfBench.java:[118,19] [deprecation] MqttPropertyType in MqttProperties has been deprecated
[WARNING] /code/microbench/src/main/java/io/netty/handler/codec/mqtt/MqttPropertyTypeValueOfBench.java:[118,19] [deprecation] MqttPropertyType in MqttProperties has been deprecated
[WARNING] /code/microbench/src/main/java/io/netty/handler/codec/mqtt/MqttPropertyTypeValueOfBench.java:[121,19] [deprecation] MqttPropertyType in MqttProperties has been deprecated
[WARNING] /code/microbench/src/main/java/io/netty/handler/codec/mqtt/MqttPropertyTypeValueOfBench.java:[123,19] [deprecation] MqttPropertyType in MqttProperties has been deprecated
[WARNING] /code/microbench/src/main/java/io/netty/handler/codec/mqtt/MqttPropertyTypeValueOfBench.java:[125,19] [deprecation] MqttPropertyType in MqttProperties has been deprecated
[WARNING] /code/microbench/src/main/java/io/netty/handler/codec/mqtt/MqttPropertyTypeValueOfBench.java:[127,19] [deprecation] MqttPropertyType in MqttProperties has been deprecated
[WARNING] /code/microbench/src/main/java/io/netty/handler/codec/mqtt/MqttPropertyTypeValueOfBench.java:[129,19] [deprecation] MqttPropertyType in MqttProperties has been deprecated
[WARNING] /code/microbench/src/main/java/io/netty/handler/codec/mqtt/MqttPropertyTypeValueOfBench.java:[131,19] [deprecation] MqttPropertyType in MqttProperties has been deprecated
[WARNING] /code/microbench/src/main/java/io/netty/handler/codec/mqtt/MqttPropertyTypeValueOfBench.java:[133,19] [deprecation] MqttPropertyType in MqttProperties has been deprecated
[WARNING] /code/microbench/src/main/java/io/netty/handler/codec/mqtt/MqttPropertyTypeValueOfBench.java:[135,19] [deprecation] MqttPropertyType in MqttProperties has been deprecated
[WARNING] /code/microbench/src/main/java/io/netty/handler/codec/mqtt/MqttPropertyTypeValueOfBench.java:[137,19] [deprecation] MqttPropertyType in MqttProperties has been deprecated
[WARNING] /code/microbench/src/main/java/io/netty/handler/codec/mqtt/MqttPropertyTypeValueOfBench.java:[139,19] [deprecation] MqttPropertyType in MqttProperties has been deprecated
[WARNING] /code/microbench/src/main/java/io/netty/handler/codec/mqtt/MqttPropertyTypeValueOfBench.java:[141,19] [deprecation] MqttPropertyType in MqttProperties has been deprecated
[WARNING] /code/microbench/src/main/java/io/netty/handler/codec/mqtt/MqttPropertyTypeValueOfBench.java:[143,19] [deprecation] MqttPropertyType in MqttProperties has been deprecated
[WARNING] /code/microbench/src/main/java/io/netty/handler/codec/mqtt/MqttPropertyTypeValueOfBench.java:[145,19] [deprecation] MqttPropertyType in MqttProperties has been deprecated
[WARNING] /code/microbench/src/main/java/io/netty/handler/codec/mqtt/MqttPropertyTypeValueOfBench.java:[147,19] [deprecation] MqttPropertyType in MqttProperties has been deprecated
[WARNING] /code/microbench/src/main/java/io/netty/handler/codec/mqtt/MqttPropertyTypeValueOfBench.java:[149,19] [deprecation] MqttPropertyType in MqttProperties has been deprecated
[WARNING] /code/microbench/src/main/java/io/netty/handler/codec/mqtt/MqttPropertyTypeValueOfBench.java:[151,19] [deprecation] MqttPropertyType in MqttProperties has been deprecated
[WARNING] /code/microbench/src/main/java/io/netty/handler/codec/mqtt/MqttPropertyTypeValueOfBench.java:[153,19] [deprecation] MqttPropertyType in MqttProperties has been deprecated
[WARNING] /code/microbench/src/main/java/io/netty/handler/codec/mqtt/MqttPropertyTypeValueOfBench.java:[155,19] [deprecation] MqttPropertyType in MqttProperties has been deprecated
[WARNING] /code/microbench/src/main/java/io/netty/handler/codec/mqtt/MqttPropertyTypeValueOfBench.java:[157,19] [deprecation] MqttPropertyType in MqttProperties has been deprecated
[WARNING] /code/microbench/src/main/java/io/netty/handler/codec/mqtt/MqttPropertyTypeValueOfBench.java:[159,19] [deprecation] MqttPropertyType in MqttProperties has been deprecated
[WARNING] /code/microbench/src/main/java/io/netty/handler/codec/mqtt/MqttPropertyTypeValueOfBench.java:[161,19] [deprecation] MqttPropertyType in MqttProperties has been deprecated
[WARNING] /code/microbench/src/main/java/io/netty/handler/codec/mqtt/MqttPropertyTypeValueOfBench.java:[163,19] [deprecation] MqttPropertyType in MqttProperties has been deprecated
[WARNING] /code/microbench/src/main/java/io/netty/handler/codec/mqtt/MqttPropertyTypeValueOfBench.java:[165,19] [deprecation] MqttPropertyType in MqttProperties has been deprecated
[WARNING] /code/microbench/src/main/java/io/netty/handler/codec/mqtt/MqttPropertyTypeValueOfBench.java:[167,19] [deprecation] MqttPropertyType in MqttProperties has been deprecated
[WARNING] /code/microbench/src/main/java/io/netty/handler/codec/mqtt/MqttPropertyTypeValueOfBench.java:[169,19] [deprecation] MqttPropertyType in MqttProperties has been deprecated
[WARNING] /code/microbench/src/main/java/io/netty/handler/codec/mqtt/MqttPropertyTypeValueOfBench.java:[171,19] [deprecation] MqttPropertyType in MqttProperties has been deprecated
[WARNING] /code/microbench/src/main/java/io/netty/handler/codec/mqtt/MqttPropertyTypeValueOfBench.java:[173,19] [deprecation] MqttPropertyType in MqttProperties has been deprecated
[WARNING] /code/microbench/src/main/java/io/netty/microbench/buffer/ByteBufAllocatorBenchmark.java:[42,12] [deprecation] PooledByteBufAllocator(boolean,int,int,int,int,int,int,int,boolean,int) in PooledByteBufAllocator has been deprecated
[WARNING] /code/microbench/src/main/java/io/netty/microbench/buffer/PooledByteBufAllocatorAlignBenchmark.java:[86,49] [deprecation] PooledByteBufAllocator(boolean,int,int,int,int,int,int,int,boolean,int) in PooledByteBufAllocator has been deprecated
[WARNING] /code/microbench/src/main/java/io/netty/microbench/buffer/SimpleByteBufPooledAllocatorBenchmark.java:[71,20] [deprecation] PooledByteBufAllocator(boolean,int,int,int,int,int,int,int,boolean) in PooledByteBufAllocator has been deprecated
[WARNING] /code/microbench/src/main/java/io/netty/microbench/buffer/SimpleByteBufPooledAllocatorBenchmark.java:[77,38] [deprecation] defaultTinyCacheSize() in PooledByteBufAllocator has been deprecated
[WARNING] /code/microbench/src/main/java/io/netty/microbench/buffer/SwappedByteBufBenchmark.java:[41,29] [deprecation] SwappedByteBuf in io.netty.buffer has been deprecated
[WARNING] /code/microbench/src/main/java/io/netty/microbench/buffer/SwappedByteBufBenchmark.java:[42,55] [deprecation] order(ByteOrder) in ByteBuf has been deprecated
[WARNING] /code/microbench/src/main/java/io/netty/microbench/buffer/SwappedByteBufBenchmark.java:[43,51] [deprecation] SwappedByteBuf in io.netty.buffer has been deprecated
[WARNING] /code/microbench/src/main/java/io/netty/microbench/buffer/SwappedByteBufBenchmark.java:[44,64] [deprecation] SwappedByteBuf in io.netty.buffer has been deprecated
[WARNING] /code/microbench/src/main/java/io/netty/microbench/concurrent/BurstCostExecutorsBenchmark.java:[208,12] [deprecation] NioEventLoopGroup in io.netty.channel.nio has been deprecated
[WARNING] /code/microbench/src/main/java/io/netty/microbench/concurrent/BurstCostExecutorsBenchmark.java:[208,54] [deprecation] NioEventLoopGroup in io.netty.channel.nio has been deprecated
[WARNING] /code/microbench/src/main/java/io/netty/microbench/concurrent/BurstCostExecutorsBenchmark.java:[209,29] [deprecation] setIoRatio(int) in NioEventLoopGroup has been deprecated
[WARNING] /code/microbench/src/main/java/io/netty/microbench/concurrent/BurstCostExecutorsBenchmark.java:[215,12] [deprecation] EpollEventLoopGroup in io.netty.channel.epoll has been deprecated
[WARNING] /code/microbench/src/main/java/io/netty/microbench/concurrent/BurstCostExecutorsBenchmark.java:[215,58] [deprecation] EpollEventLoopGroup in io.netty.channel.epoll has been deprecated
[WARNING] /code/microbench/src/main/java/io/netty/microbench/concurrent/BurstCostExecutorsBenchmark.java:[216,31] [deprecation] setIoRatio(int) in EpollEventLoopGroup has been deprecated
[WARNING] /code/microbench/src/main/java/io/netty/microbench/concurrent/BurstCostExecutorsBenchmark.java:[222,12] [deprecation] KQueueEventLoopGroup in io.netty.channel.kqueue has been deprecated
[WARNING] /code/microbench/src/main/java/io/netty/microbench/concurrent/BurstCostExecutorsBenchmark.java:[222,60] [deprecation] KQueueEventLoopGroup in io.netty.channel.kqueue has been deprecated
[WARNING] /code/microbench/src/main/java/io/netty/microbench/concurrent/BurstCostExecutorsBenchmark.java:[223,32] [deprecation] setIoRatio(int) in KQueueEventLoopGroup has been deprecated
[WARNING] /code/microbench/src/main/java/io/netty/microbench/headers/HeadersBenchmark.java:[86,22] [deprecation] DefaultHttpHeaders(boolean) in DefaultHttpHeaders has been deprecated
[WARNING] /code/microbench/src/main/java/io/netty/microbench/headers/HeadersBenchmark.java:[104,27] [deprecation] DefaultHttpHeaders(boolean) in DefaultHttpHeaders has been deprecated
[WARNING] /code/microbench/src/main/java/io/netty/microbench/headers/HeadersBenchmark.java:[106,37] [deprecation] DefaultHttpHeaders(boolean) in DefaultHttpHeaders has been deprecated
[WARNING] /code/microbench/src/main/java/io/netty/microbench/headers/HeadersBenchmark.java:[154,37] [deprecation] DefaultHttpHeaders(boolean) in DefaultHttpHeaders has been deprecated
[WARNING] /code/microbench/src/main/java/io/netty/microbench/http/HttpChunkedRequestResponseBenchmark.java:[51,48] [deprecation] HttpRequestDecoder(int,int,int,boolean) in HttpRequestDecoder has been deprecated
[WARNING] /code/microbench/src/main/java/io/netty/microbench/http/HttpFragmentedRequestDecoderBenchmark.java:[100,16] [deprecation] HttpRequestDecoder(int,int,int,boolean,int) in HttpRequestDecoder has been deprecated
[WARNING] /code/microbench/src/main/java/io/netty/microbench/http/HttpPipelinedRequestDecoderBenchmark.java:[75,16] [deprecation] HttpRequestDecoder(int,int,int,boolean,int) in HttpRequestDecoder has been deprecated
[WARNING] /code/microbench/src/main/java/io/netty/microbench/http/HttpRequestResponseBenchmark.java:[188,48] [deprecation] HttpRequestDecoder(int,int,int,boolean) in HttpRequestDecoder has been deprecated
[WARNING] /code/microbench/src/main/java/io/netty/microbench/util/ResourceLeakDetectorBenchmark.java:[29,19] [deprecation] ResourceLeakDetector(Class<?>,int,long) in ResourceLeakDetector has been deprecated
[WARNING] /code/microbench/src/main/java/io/netty/microbench/util/ResourceLeakDetectorBenchmark.java:[34,23] [deprecation] open(T) in ResourceLeakDetector has been deprecated
  where T is a type-variable:
    T extends Object declared in class ResourceLeakDetector
[INFO] 
[INFO] --- forbiddenapis:2.2:check (check-forbidden-apis) @ netty-microbench ---
[WARNING]  Parameter 'internalRuntimeForbidden' is deprecated: Use <a href="bundled-signatures.html">bundled signatures</a> {@code "jdk-non-portable"} or {@code "jdk-internal"} instead.
[INFO] Skipping forbidden-apis checks.
[INFO] 
[INFO] --- bundle:5.1.8:manifest (generate-manifest) @ netty-microbench ---
[INFO] No MANIFEST.MF file found, generating manifest.
[INFO] Writing manifest: /code/microbench/target/classes/META-INF/MANIFEST.MF
[INFO] 
[INFO] --- resources:3.0.1:testResources (default-testResources) @ netty-microbench ---
[INFO] Using 'UTF-8' encoding to copy filtered resources.
[INFO] skip non existing resourceDirectory /code/microbench/src/test/resources
[INFO] Copying 3 resources
[INFO] 
[INFO] --- compiler:3.14.0:testCompile (default-testCompile) @ netty-microbench ---
[WARNING]  Parameter 'compilerVersion' (user property 'maven.compiler.compilerVersion') is deprecated: This parameter is no longer evaluated by the underlying compilers, instead the actual version of the javac binary is automatically retrieved.
[WARNING]  Parameter 'optimize' (user property 'maven.compiler.optimize') is deprecated: This property is a no-op in javac.
[INFO] No sources to compile
[INFO] 
[INFO] --- forbiddenapis:2.2:testCheck (check-forbidden-test-apis) @ netty-microbench ---
[WARNING]  Parameter 'internalRuntimeForbidden' is deprecated: Use <a href="bundled-signatures.html">bundled signatures</a> {@code "jdk-non-portable"} or {@code "jdk-internal"} instead.
[INFO] Skipping forbidden-apis checks.
[INFO] 
[INFO] --- surefire:3.5.6:test (default-test) @ netty-microbench ---
[INFO] Tests are skipped.
[INFO] 
[INFO] --- source:3.2.0:jar-no-fork (attach-sources) @ netty-microbench ---
[INFO] Building jar: /code/microbench/target/netty-microbench-4.2.18.Final-SNAPSHOT-sources.jar
[INFO] 
[INFO] --- source:3.2.0:test-jar-no-fork (attach-test-sources) @ netty-microbench ---
[INFO] No sources in project. Archive not created.
[INFO] 
[INFO] --- jar:3.0.2:jar (default-jar) @ netty-microbench ---
[INFO] Building jar: /code/microbench/target/netty-microbench-4.2.18.Final-SNAPSHOT.jar
[INFO] 
[INFO] --- jar:3.0.2:test-jar (default) @ netty-microbench ---
[INFO] Building jar: /code/microbench/target/netty-microbench-4.2.18.Final-SNAPSHOT-tests.jar
[INFO] 
[INFO] --- revapi:0.15.0:check (api-check) @ netty-microbench ---
[INFO] Skipping execution
[INFO] 
[INFO] --- install:3.1.2:install (default-install) @ netty-microbench ---
[INFO] Installing /code/microbench/pom.xml to /root/.m2/repository/io/netty/netty-microbench/4.2.18.Final-SNAPSHOT/netty-microbench-4.2.18.Final-SNAPSHOT.pom
[INFO] Installing /code/microbench/target/netty-microbench-4.2.18.Final-SNAPSHOT.jar to /root/.m2/repository/io/netty/netty-microbench/4.2.18.Final-SNAPSHOT/netty-microbench-4.2.18.Final-SNAPSHOT.jar
[INFO] Installing /code/microbench/target/netty-microbench-4.2.18.Final-SNAPSHOT-sources.jar to /root/.m2/repository/io/netty/netty-microbench/4.2.18.Final-SNAPSHOT/netty-microbench-4.2.18.Final-SNAPSHOT-sources.jar
[INFO] Installing /code/microbench/target/netty-microbench-4.2.18.Final-SNAPSHOT-tests.jar to /root/.m2/repository/io/netty/netty-microbench/4.2.18.Final-SNAPSHOT/netty-microbench-4.2.18.Final-SNAPSHOT-tests.jar
[INFO] ------------------------------------------------------------------------
[INFO] Reactor Summary for Netty 4.2.18.Final-SNAPSHOT:
[INFO] 
[INFO] Netty .............................................. SUCCESS [  1.510 s]
[INFO] Netty/JFR Stub ..................................... SUCCESS [  1.593 s]
[INFO] Netty/VarHandle Stub ............................... SUCCESS [  0.632 s]
[INFO] Netty/Dev-Tools .................................... SUCCESS [  0.235 s]
[INFO] Netty/Common ....................................... SUCCESS [  9.730 s]
[INFO] Netty/Testsuite/Common ............................. SUCCESS [  1.493 s]
[INFO] Netty/Buffer ....................................... SUCCESS [  6.364 s]
[INFO] Netty/Resolver ..................................... SUCCESS [  1.944 s]
[INFO] Netty/Transport .................................... SUCCESS [  5.643 s]
[INFO] Netty/Codec/Base ................................... SUCCESS [  3.525 s]
[INFO] Netty/Codec/Compression ............................ SUCCESS [  3.428 s]
[INFO] Netty/Codec/Protobuf ............................... SUCCESS [  1.750 s]
[INFO] Netty/Codec/Marshalling ............................ SUCCESS [  1.753 s]
[INFO] Netty/Codec ........................................ SUCCESS [  0.099 s]
[INFO] Netty/Transport/Native/Unix/Common ................. SUCCESS [  2.869 s]
[INFO] Netty/PKITesting ................................... SUCCESS [  2.254 s]
[INFO] Netty/Handler ...................................... SUCCESS [  6.191 s]
[INFO] Netty/Codec/HTTP ................................... SUCCESS [  6.261 s]
[INFO] Netty/Codec/HTTP2 .................................. SUCCESS [  6.586 s]
[INFO] Netty/Transport/Classes/Epoll ...................... SUCCESS [  2.247 s]
[INFO] Netty/Transport/SCTP ............................... SUCCESS [  2.159 s]
[INFO] Netty/Transport/UDT ................................ SUCCESS [  1.988 s]
[INFO] Netty/Testsuite .................................... SUCCESS [  2.685 s]
[INFO] Netty/Transport/Native/Unix/Common/Tests ........... SUCCESS [  0.889 s]
[INFO] Netty/Transport/Native/Epoll ....................... SUCCESS [ 10.918 s]
[INFO] Netty/Codec/MQTT ................................... SUCCESS [  2.877 s]
[INFO] Netty/Codec/Redis .................................. SUCCESS [  2.524 s]
[INFO] Netty/Codec/Stomp .................................. SUCCESS [  2.110 s]
[INFO] Netty/Transport/Classes/KQueue ..................... SUCCESS [  2.484 s]
[INFO] Netty/Transport/Native/KQueue ...................... SUCCESS [  1.838 s]
[INFO] Netty/Microbench ................................... SUCCESS [  8.425 s]
[INFO] ------------------------------------------------------------------------
[INFO] BUILD SUCCESS
[INFO] ------------------------------------------------------------------------
[INFO] Total time:  01:47 min
[INFO] Finished at: 2026-08-25T12:41:21Z
[INFO] ------------------------------------------------------------------------
REACTOR_EXIT=0
